Gene,log2FoldChange,pvalue,adj_pvalue
TPSG1,-3.126257338674836,6.352058861758828e-82,1.0817556241575284e-77
RABEP1,-1.5461716075566567,9.434222352457098e-74,8.033240333117219e-70
TUBA3E,-3.0315069989395544,1.6090793340479308e-72,9.134207019612086e-69
KRT37,-1.8907173363182905,3.747235125573703e-72,1.5953853547130041e-68
C6orf211,-2.097727481245826,1.1624147016847497e-71,3.959184473938258e-68
SLC16A6,-3.4483249401044738,5.362766632410238e-69,1.5221319291657724e-65
NAT1,-4.083664647892856,8.067316540665118e-68,1.9626628669646708e-64
UBE2E3,1.5462221829464635,1.261584620830065e-67,2.6855982615920007e-64
FSIP1,-4.704536471466162,1.9913597736601385e-67,3.768095216159129e-64
CYP2B7P1,-6.309559078590786,4.1700761298417016e-66,7.101639649120419e-63
FLJ46111,-1.7032733631829073,5.01049176313359e-65,7.757152247833186e-62
SLC39A6,-2.556731479517694,1.5693921222935853e-64,2.227228986888313e-61
C1orf64,-6.044412458269512,1.5405147525673067e-63,2.018074325863172e-60
CT62,-3.8887105259023604,1.699431008444022e-63,2.0672364338429783e-60
TCEAL1,-1.6004288284042278,3.8415714553281097e-63,4.361464125615847e-60
ESR1,-6.052027493028554,6.229927938048418e-63,6.630979549060286e-60
CXADRP3,-2.585254121990496,1.627737369351106e-62,1.6306098470617257e-59
BCL11A,4.069544193079613,3.984404899471285e-62,3.769689746555332e-59
LOC145837,-4.108734177762068,8.121416722095976e-62,7.279354040910235e-59
TBC1D9,-3.3890868858253818,9.582798366562085e-62,8.159752809127615e-59
SYT9,-4.450823019520051,2.6183078848447487e-61,2.1233230132812413e-58
GPR77,-3.2905382192372654,5.681246591295436e-61,4.397801338625513e-58
AGR3,-7.424458065276306,4.257698832683941e-60,3.1525483095916313e-57
LOC389033,-2.232544511213228,8.558226876871608e-60,6.072775154713478e-57
SLC7A13,-2.0007835630965007,1.3915296944599993e-59,9.479100278661516e-57
C20orf26,-2.5640964769647687,2.393745137579096e-59,1.5679030651143078e-56
LOC100130148,-2.631711535289266,4.062189136423875e-59,2.562188184936985e-56
KCNJ3,-4.6146916774675,1.4096449848887493e-58,8.37965466988272e-56
TMPRSS6,-3.535611676681985,1.4269523513012267e-58,8.37965466988272e-56
TPRG1,-3.597403091001924,1.4856715830529295e-58,8.433662353130462e-56
PSAT1,4.007969608420725,4.17406755177131e-58,2.2930442066666264e-55
RGS22,-3.6827573465299874,6.468561801539707e-58,3.442487733756913e-55
F7,-3.756002470444995,4.628057091849183e-57,2.388357947702775e-54
CDCA7,2.9252539059738414,5.332180918971412e-57,2.670795325002446e-54
TFF1,-7.134910034955423,9.047195557718278e-57,4.4021068670840656e-54
CST9,-3.6785929225089347,1.239420457801126e-56,5.863147332320326e-54
C6orf97,-3.5039820588350823,7.819410549180432e-56,3.59904220682548e-53
CACNA2D2,-3.2426498723537964,8.708063502734377e-56,3.9025874066201696e-53
APOF,-2.2205794273594908,4.793248822863473e-55,2.0930519859837163e-52
ZNF552,-2.28539560897058,8.739644815286873e-55,3.720903780108386e-52
ANKRD30B,-4.483578029142611,1.1167628680331007e-54,4.638651620147245e-52
GRPR,-4.198097922312558,2.3217653794912182e-54,9.414205812556058e-52
DACH1,-3.902970849534581,1.508346148988375e-53,5.973752306342332e-51
B3GNT5,2.6948116923922845,1.9312020092774027e-53,7.474629594998676e-51
CA12,-4.531846392521896,4.268073771755329e-53,1.6152288073998502e-50
ABCC8,-4.701706991084403,5.833394983952532e-53,2.1596242734067743e-50
THPO,-2.4793242527787607,7.725963662104067e-53,2.7994289609708994e-50
MCCC2,-1.5924524292054514,1.6177173395230501e-52,5.739526310849488e-50
SERPINA11,-4.650768449785947,2.4667536656292777e-52,8.573227535850327e-50
HRASLS,2.62633787361062,8.028588403045905e-52,2.7345372100774355e-49
SPINK4,-1.1619351400180669,1.1171090175526902e-51,3.710194777832388e-49
ABAT,-2.9299717332390713,1.13288390162821e-51,3.710194777832388e-49
MPP6,2.2123325399630813,2.2504347842987873e-51,7.23111403332233e-49
SCUBE2,-4.638309029496091,2.720093667012694e-51,8.578369472078922e-49
PARD6B,-1.8457586976159623,4.649397879935728e-51,1.4396226526419173e-48
ANXA9,-3.4531166332822725,5.844269365666907e-51,1.7772840588804897e-48
RAB30,-1.9001063901653508,6.665680662058432e-51,1.991518274997458e-48
XBP1,-2.62475436942775,7.589193065002919e-51,2.2283441016724087e-48
ANKRD30A,-5.9039944739012595,1.136154231835019e-50,3.2794417912119276e-48
SLC7A8,-2.707122017988297,1.1592052985894874e-50,3.290211039163162e-48
LOC100128977,-2.347642190016103,1.3758756055603389e-50,3.8411740266709135e-48
C11orf75,1.5282515965594436,1.5190376030896118e-50,4.1724532871961434e-48
TUBA3D,-2.8736194061505826,1.714569623454322e-50,4.634781061496365e-48
UPF0639,-2.7751535799850755,1.8319366631167705e-50,4.874668964512282e-48
MAGED2,-1.703049805585012,6.538225673708673e-50,1.7130151265116724e-47
WWP1,-1.6159827068850419,1.0429318651552266e-49,2.6910802520596226e-47
C10orf82,-3.5183156631711245,1.3596272013244407e-49,3.455888244560481e-47
KIAA1467,-2.4068579081732846,1.466452627041514e-49,3.6726012115466154e-47
AKR7A3,-4.135372212403285,2.7597244908056075e-49,6.811320011365145e-47
MAG,-2.4589748320961475,2.9808881734665325e-49,7.252075084876436e-47
CIB3,-1.844426907819803,3.2213101703441246e-49,7.726607352247949e-47
SLC7A2,-3.9769989120615845,4.610414485496484e-49,1.0904910928889599e-46
GSTP1,1.9698274498252246,8.707656159940012e-49,2.0313888274490194e-46
EVL,-1.5840590668080559,2.056985983797232e-48,4.7338474735225484e-46
FOXC1,3.5469985428694866,2.766230378617214e-48,6.199519005232011e-46
CCDC125,-1.4971418483170327,2.76666731883519e-48,6.199519005232011e-46
FLJ45983,-4.168909913200581,2.930523296089297e-48,6.481404121091003e-46
FAM196A,-2.6797105337575116,3.544864586344695e-48,7.739621013519251e-46
KDM4B,-1.4743116177683504,4.1436588009147985e-48,8.932469541718864e-46
DSC2,2.4401579788696406,6.859357628269353e-48,1.4601857551178386e-45
TTC36,-3.743677911315344,7.39478309044548e-48,1.554730321361562e-45
KIAA1370,-1.815416476179255,9.972301167534554e-48,2.0710766936965056e-45
ACADSB,-2.173555217784063,1.1824912371063198e-47,2.4262440684241715e-45
KCNE4,-2.4310531793723733,1.4513646478731932e-47,2.9424690420571996e-45
WDR65,-2.287007077491065,1.7067399939874853e-47,3.419503776189044e-45
PHGR1,-2.19973980597777,1.7397043065753841e-47,3.4450191094161385e-45
PPP1R14C,4.377046840265505,2.217738478379575e-47,4.341159343310824e-45
REPS2,-1.8393502965319506,3.338439006382355e-47,6.460638213487672e-45
SYTL2,-2.2985253957032317,3.7637439916841358e-47,7.201860694200093e-45
ARSG,-2.4996458976473823,5.108940535463769e-47,9.667250813216443e-45
THSD4,-3.4369980047916426,6.444005993454841e-47,1.2059496930608346e-44
RASAL1,3.282150669651624,1.6186448458392696e-46,2.996252361374213e-44
APBB2,-1.4766016456541387,2.4663283831183883e-46,4.516298103710339e-44
KCTD6,-1.360230450492911,3.771157269525595e-46,6.832213648938392e-44
NEK5,-2.5512580220729744,3.952053506097697e-46,7.084575916720398e-44
LAD1,1.9511096539805983,4.457159392736782e-46,7.906815047740354e-44
DNAJC12,-3.3712619339381797,1.1543388229279705e-45,2.026638160253952e-43
PRKX,1.7682943403636937,1.3357283797857222e-45,2.321168806913352e-43
CCDC48,-2.6389527630493697,1.693836557443264e-45,2.913741068005938e-43
CST5,-2.451957468284828,3.532575185109624e-45,6.0159755402416905e-43
STK32B,-2.700449051490515,3.7106758411694695e-45,6.256713819318422e-43
NEK10,-3.58733713129885,3.7703667228895034e-45,6.295033852040024e-43
IGDCC3,-2.7477764109815013,4.6864871799887466e-45,7.748628803418287e-43
IL20,-3.2185318015788855,5.4963409095223787e-45,9.000258239342895e-43
BCAS1,-4.630561545108205,5.792327711322515e-45,9.305975558851174e-43
C14orf45,-1.392354506892894,5.785408442267588e-45,9.305975558851174e-43
ESYT3,2.903733906759357,8.469362487407365e-45,1.347974235145303e-42
AGTR1,-2.9219049291072627,1.2569618332722818e-44,1.9820425945024962e-42
BRDT,-1.4087146262911905,2.0803123024947853e-44,3.2310886624740525e-42
HPX,-3.348783182121675,2.0870214496309206e-44,3.2310886624740525e-42
SPEF1,-2.512186952594164,2.312480551555749e-44,3.547886828197694e-42
NCK2,1.1082414359216042,3.3669758557183326e-44,5.1196070377574294e-42
FAM198B,-2.127500518439968,4.706896550725321e-44,7.093667987509045e-42
NCAM2,-3.181700557715722,5.062737024730306e-44,7.563018555364659e-42
NFIL3,1.3141657279761212,5.226264320252987e-44,7.739415771644207e-42
RUNDC1,-1.063575912179413,5.676007416776791e-44,8.332966061009375e-42
DNALI1,-4.01977226738934,6.303782484394423e-44,9.175505616174104e-42
TP53INP1,-1.543561678645771,6.627737419983733e-44,9.565285445959574e-42
ELOVL5,-1.4790499037743992,8.834179264359619e-44,1.2642527132104564e-41
?|90288,-2.3515133694670274,1.3155133278428379e-43,1.866932664430294e-41
TFF3,-6.382412195121949,1.4928243413252834e-43,2.1010577299809568e-41
GP2,-5.17177474176191,1.887917125822572e-43,2.635346610881836e-41
SFRP1,3.980583684851341,2.0652752774905157e-43,2.836422417392216e-41
STARD10,-1.8814219394367857,2.0495221631421072e-43,2.836422417392216e-41
INPP5J,-2.782608090805544,2.305333668018501e-43,3.140786589308406e-41
LRRC46,-2.4046992262676246,2.354547457732685e-43,3.1823764448561605e-41
PRR15,-4.18076423156985,2.698091811178208e-43,3.589133219573644e-41
PROM1,4.202070743490044,2.6793978494725864e-43,3.589133219573644e-41
NXNL2,-2.5473134480185387,2.7187209942748097e-43,3.589133219573644e-41
TRIM3,-1.5098694788107307,3.022680491891048e-43,3.9597114443772727e-41
SLC4A8,-2.9511917717293112,3.1401605827608743e-43,4.0822087575891366e-41
C14orf174,-1.905623722556066,3.482993964105295e-43,4.493589940054028e-41
KIAA1804,2.1106090530615456,5.559279544546659e-43,7.118385762678917e-41
TRH,-2.531560205804956,6.0291563599913665e-43,7.66242782169052e-41
PLEKHF2,-1.303697451003492,6.42007196603063e-43,8.098801894926046e-41
RGMA,2.720670181846746,7.043221593375536e-43,8.819563509940101e-41
ANKRA2,-1.0112534110993288,7.984659600640483e-43,9.925456423277916e-41
PGR,-4.578085263736696,8.651578657020371e-43,1.067654960355485e-40
AKR7L,-1.7657444444444446,9.373031023340551e-43,1.148364880053882e-40
CELSR1,-2.0475490593456644,9.637055088259897e-43,1.1722789153790432e-40
C16orf45,-2.1645250461490138,9.915598298887201e-43,1.1976073690074398e-40
BBS1,-1.0419442951965774,1.1268994244478551e-42,1.3514857181934487e-40
IFRD1,1.5174224853697833,1.2167622005009456e-42,1.449053166051126e-40
ZNF385A,-1.353064785357999,1.2752756971446687e-42,1.508190633498174e-40
VGLL1,5.745930906091669,1.2909962739840299e-42,1.516252865237795e-40
C9orf106,-1.3675638073916971,1.464199356291445e-42,1.7078982902495416e-40
CHRD,-2.5080643729625693,1.5218497922598315e-42,1.7630681606928524e-40
PELI1,1.3578858921487758,1.6022616868814914e-42,1.843683549161608e-40
ADAMTS15,-3.5817274301873443,3.085682476296297e-42,3.5267901054581168e-40
CLSTN2,-3.716057472212402,4.0544812231233276e-42,4.603187681986018e-40
STC2,-2.410103978633991,4.2597306312115013e-42,4.804186268180919e-40
JRKL,1.2701102470445012,4.8584931421332177e-42,5.44343014542952e-40
EXOC6,-1.154402965319509,5.2482974722350483e-42,5.841732415174044e-40
UGDH,-1.3487454970346793,5.654299468982616e-42,6.252774023167139e-40
ABCC13,-2.5271915910608382,6.300534083603893e-42,6.922457770566083e-40
GREB1,-3.501036793527356,7.08356790467544e-42,7.732894962604022e-40
DNAL1,-1.141718487097915,7.587036912567835e-42,8.22976042172167e-40
CACNA1H,-2.5767301952005015,8.907059722130046e-42,9.600457409359158e-40
SYTL5,-4.263225552806253,1.0949365726670905e-41,1.1727528196553806e-39
FAM174A,-1.2971421585954994,1.206796994267247e-41,1.284484550773201e-39
FZD9,3.4445156867365774,1.413944734683415e-41,1.495619803208606e-39
CDC20B,-2.5552502808216486,1.4629806489656753e-41,1.5379358303632995e-39
LRRC48,-2.180271803935431,1.5688812341624744e-41,1.6391440133611622e-39
CCDC82,1.375048324889045,1.8565536995844495e-41,1.927872530727023e-39
LOC148696,-1.5620048859039315,1.9814384254588281e-41,2.0450846294281114e-39
SLC22A5,-1.547058238089626,2.3965571939970454e-41,2.4586366875764868e-39
KCNH1,-2.9937375358391263,2.5384621043672783e-41,2.588623331579326e-39
TTC8,-1.1542932367149756,2.7162550049466157e-41,2.753441829419099e-39
SYTL4,-1.7419814264954256,2.990295408889344e-41,3.013297681265416e-39
GCNT2,1.9377057774635738,3.1194899376272846e-41,3.124994919870156e-39
RARA,-1.522949161462627,3.1831999566511837e-41,3.1701693135537815e-39
MYST4,-1.284638407760891,4.1437122531103486e-41,4.102756957585421e-39
YBX1,1.2532372334158097,6.285298117234425e-41,6.187203869161981e-39
C5orf36,-1.5813220219158728,6.335500014106666e-41,6.200779611507847e-39
TTLL4,1.6334576489533017,6.4517159339991e-41,6.278441277485982e-39
MAPT,-3.705079011036487,6.789731370311173e-41,6.56983666115905e-39
DEGS2,-3.932222885982484,7.041073453798387e-41,6.774546944530311e-39
PHGDH,2.367917945092495,7.21976912536954e-41,6.907453269946251e-39
ZMYND10,-3.3097933506146653,7.40423432486296e-41,7.044363718012078e-39
BTG3,1.5914408585680064,7.86021753730827e-41,7.436639147797768e-39
AFF3,-3.967831129963474,9.056954521149979e-41,8.521543397523985e-39
ATP8B1,-1.5322190408860603,9.949776580998618e-41,9.31014808650585e-39
MID1,2.0345647028789138,1.0770527976407915e-40,1.0023065105914032e-38
LRBA,-1.2022082007776582,1.2946560606307855e-40,1.1982604735077324e-38
CEBPB,1.4144627037429807,1.3372829713051408e-40,1.2310231892608945e-38
SLC30A8,-3.743969769451317,1.3616551771058373e-40,1.2467197669952909e-38
SERPINA6,-3.334615458937199,1.373238840137377e-40,1.2506020025422208e-38
MS4A8B,-2.404058595498998,1.4687041271094973e-40,1.3304271959933372e-38
GATA3,-3.605580919838184,1.5599318106588922e-40,1.4055893510857637e-38
KCNN4,2.6273351596559458,1.5730534339987208e-40,1.4099526305788534e-38
PCP2,-2.4838256981265463,2.1426652631965564e-40,1.9104497084941022e-38
FOXA1,-5.015741270963434,3.101193116383217e-40,2.750693686041989e-38
PADI2,2.842400616629355,4.006952177745983e-40,3.5356681651302635e-38
UGCG,-1.8613701700640188,4.455947462523968e-40,3.911586870452741e-38
ERBB4,-4.723833019127294,4.5177469914303956e-40,3.9454990391825456e-38
AGR2,-6.088848815835983,6.809274755569586e-40,5.916425973844391e-38
PLA2G10,-2.1884679863320375,1.6644380712264553e-39,1.4388517945678445e-37
DYNLRB2,-2.550693558776168,1.751755428063267e-39,1.5066866131271434e-37
IGFALS,-2.8413676603432707,1.9967803053127347e-39,1.7088024421847173e-37
SUSD3,-2.6528975727583344,2.1082647500056177e-39,1.7951874346297835e-37
PREX1,-1.9933440831075018,2.481980490926368e-39,2.1028919283818925e-37
MLPH,-4.298972880091121,3.164992181243722e-39,2.6551633914571716e-37
CLCN4,2.365191229723891,3.215769201063672e-39,2.684536739907565e-37
CHAD,-3.9114295589332726,3.3333433864075305e-39,2.769114042464402e-37
CAPN8,-4.269410761556892,3.4649612398814516e-39,2.8506420248879767e-37
KCNK5,2.935267130120576,3.5646042894744645e-39,2.918519762007218e-37
KCNK15,-3.5407538313499067,3.694091948609836e-39,3.0100663102787326e-37
C1orf168,-2.708314107851224,4.064924654702198e-39,3.2964603271227825e-37
CDC20,1.847877494992339,4.187944266700072e-39,3.3801275290001054e-37
PM20D2,2.2554483995129795,5.302778539040655e-39,4.259732005653885e-37
HR,2.297413722948824,5.7814756624810645e-39,4.622466222162091e-37
OTOR,-1.3745618475315189,5.904926182915802e-39,4.69910714462879e-37
CCNE1,2.3857063469620208,6.531393579889592e-39,5.1734712867683605e-37
CYP2A6,-2.6000168767919556,6.807163760840223e-39,5.346564984684184e-37
CST9L,-1.1976654216252307,6.886920837470535e-39,5.380012012024e-37
ZNF703,-2.4792045245669847,7.989205611401114e-39,6.1843714346436805e-37
KCNJ11,-2.737783166411374,7.965394521478837e-39,6.1843714346436805e-37
C10orf32,-1.0460856525666706,8.360915982483112e-39,6.4428234923840455e-37
C4orf34,-1.6318097796630138,8.541534322436004e-39,6.522974417537451e-37
MRPS30,-1.2308794823455482,9.820442442067918e-39,7.466166731625743e-37
PGLYRP2,-3.51350518439967,1.0007218787503057e-38,7.574352708941203e-37
CHODL,3.6365725776678057,1.276273764978175e-38,9.61723106972492e-37
WFS1,-1.359357346529988,1.289523920550258e-38,9.674269765185415e-37
PP14571,-3.1515401476768385,1.4816980339389457e-38,1.1067244525429932e-36
ERGIC1,-1.1818600054986064,1.4966691221046036e-38,1.113025115696131e-36
TSPAN13,-1.532740410824399,1.5517382396234155e-38,1.1489609661211638e-36
ROPN1,5.152537873610621,1.82078543757259e-38,1.342336623457195e-36
C14orf53,-1.3089497270335022,2.2781086742620087e-38,1.6650725632052364e-36
C1orf106,2.832612415066179,2.480488254223678e-38,1.805244229462788e-36
FAM171A1,2.3437693099249817,3.7542252057702337e-38,2.7206151172028545e-36
CRIP1,-2.5656083421703784,3.8313767893585653e-38,2.7647604543549308e-36
DEFB132,-2.1199079179922236,3.9472456474384775e-38,2.8363541508808977e-36
FUT8,-1.338582907191391,4.3849654719501365e-38,3.137645461651715e-36
RHOB,-1.7583780802010924,4.757573242874136e-38,3.390019762600273e-36
ENPP1,-2.2504100742311746,4.83916208539751e-38,3.43378876309665e-36
DDX26B,1.430351019205844,5.092228134296298e-38,3.5983670177205784e-36
MPZL2,1.5545103334511605,6.06521958159352e-38,4.2682103088651915e-36
PLCH1,2.7837875613683662,7.41015387668916e-38,5.1932066057619916e-36
GFRA1,-4.824742296060642,8.519216028422894e-38,5.921724447511914e-36
SPATA4,-1.5847173952319236,8.497001247677832e-38,5.921724447511914e-36
SNTN,-1.7067748556616003,8.601610657477579e-38,5.954692255969235e-36
A2ML1,5.267119995286909,9.569759598502234e-38,6.57894848886302e-36
PLCD4,-1.2456019991359337,9.580617881609095e-38,6.57894848886302e-36
SFRS13B,2.9928725069714455,1.2108481750489745e-37,8.248297768433613e-36
APH1B,-1.2650021012528967,1.5538598611249813e-37,1.0500886283713663e-35
TCEAL3,-1.3400444130238416,1.8138752572498054e-37,1.2161533712978025e-35
SEZ6L,-2.3988809983896946,1.8345735612866267e-37,1.225207362694559e-35
C5orf30,-1.581328537763639,1.893379702216089e-37,1.259541262841406e-35
GUSBL1,-1.3189533325478182,2.414926024305648e-37,1.5885100880957895e-35
CSDA,1.4202188248694068,2.415878525054665e-37,1.5885100880957895e-35
FBP1,-2.5618537999293043,2.643834415813144e-37,1.7317115423576095e-35
C8orf86,-1.1781903617297043,3.0906236518767565e-37,2.0166023291747573e-35
FAM47E,-2.4689593613762213,3.178384360074632e-37,2.0659498340485106e-35
INPP4B,-2.7312024311692396,3.6524842669915935e-37,2.365087721173644e-35
CBX2,2.0446821845174963,4.051261366716344e-37,2.6133704952719445e-35
CACNG1,-2.6255908605317937,4.592043465644777e-37,2.951037744148323e-35
LRTOMT,-1.2015168453713514,5.033659049653629e-37,3.222677203594034e-35
ABTB2,1.8269195671811778,5.2764063721747215e-37,3.3654382216530155e-35
ZNF587,-1.1474253092965707,5.701056870219802e-37,3.6227238246210156e-35
FRS2,-1.176000082479085,5.7424473896287295e-37,3.6354601875604924e-35
SLC7A5,2.0204212835316753,6.947904008248784e-37,4.3823261207584e-35
LRIG1,-1.3359995011979127,7.02531140379019e-37,4.4147990113116945e-35
HTR7P1,-1.275079996857941,7.189830275706209e-37,4.501573882179292e-35
LBR,1.264208153646754,7.3519655003848804e-37,4.5862260978591394e-35
HAPLN3,2.6048546522131852,7.517861568553504e-37,4.672597901914824e-35
PDE7A,1.2515701425709906,8.018609704194074e-37,4.965706300451821e-35
BBS4,-1.099866458505164,8.384794796821737e-37,5.173661427169354e-35
SPOPL,-1.1308890931228124,8.422885039135311e-37,5.178401885071275e-35
KCNC2,-2.4529446958092764,8.551172241988827e-37,5.238361988527689e-35
ACOX2,-2.8955155689093113,8.983232799569841e-37,5.483313784110193e-35
AKR1E2,2.456292895015907,9.245094014339016e-37,5.622998252292624e-35
KRT16,4.8429350143356515,1.1931620273734892e-36,7.231156343832926e-35
C9orf98,-2.0472516397627762,1.2580578145572718e-36,7.597420064507212e-35
LOC645431,-1.6329989709752177,1.2632282419232775e-36,7.601687971714988e-35
PRRT3,-1.9066789481952817,1.4054930567934446e-36,8.428009421546605e-35
ATP6AP1L,-1.2808485958917561,1.4897072474892615e-36,8.901654184120044e-35
ACER2,-1.6252837791131531,1.646023824941351e-36,9.801323684878043e-35
ZNF462,1.8697520443030502,1.7157057577387424e-36,1.0180651238428844e-34
DTWD2,-1.082779050312241,1.7654630680659345e-36,1.0403403477218986e-34
LRRC50,-2.4173122697458846,1.7891671651875026e-36,1.0506729939014885e-34
CDK2AP1,1.3282251953968789,1.848527800720793e-36,1.0818016648204505e-34
ST8SIA1,2.2571384627469486,1.8716225714077517e-36,1.0915661777765071e-34
E2F3,1.164752476336357,2.353750882408098e-36,1.358792458556268e-34
CENPW,1.9196255685165555,2.3834485964890182e-36,1.371288162101621e-34
MAP3K12,-1.3824674168335882,2.5766971789757108e-36,1.477479897574288e-34
AR,-4.262688154432269,2.7783608673808943e-36,1.5877679721978735e-34
ATP7B,-1.992720721888377,3.009088532372301e-36,1.7138721640903106e-34
ANKRD42,-1.0873058874356865,3.463588661738947e-36,1.966163830313809e-34
PGAP3,-1.2003539020462668,3.4880526815404856e-36,1.9734729955692513e-34
PPARA,1.288472239896313,3.945970724745228e-36,2.217817869386509e-34
SLC44A4,-5.0596020541219895,4.4091550854730557e-36,2.469997075842307e-34
MKL2,-1.1424342209654004,4.6124629145965796e-36,2.575417817559992e-34
MICALL1,1.3512331801578892,5.347151874753196e-36,2.9758822361780038e-34
ATP1A4,-2.3054223557597897,5.3804855991503195e-36,2.98467979653192e-34
C16orf71,-1.820612902085542,5.792381798664911e-36,3.202735780235826e-34
CCDC96,-1.493749153607478,5.864296519303472e-36,3.2320054926776097e-34
TUBA3C,-1.5528814854090571,6.375920334954652e-36,3.5026426872347653e-34
MTHFD1L,1.6632389772593372,6.748540684648392e-36,3.6835784570372474e-34
ODC1,1.3826126860688905,6.743177090513186e-36,3.6835784570372474e-34
WDR93,-1.7978523349436402,7.346951334410192e-36,3.997398761182287e-34
AURKB,1.7020582184517519,7.668921287386436e-36,4.159290749178057e-34
RBM38,1.304877070814186,7.750268623015002e-36,4.190065861903031e-34
SH2D2A,1.7646671458308782,8.300622111387268e-36,4.473404891041936e-34
PVALB,-2.7643407407407405,1.0577649975044232e-35,5.6825671632493145e-34
DNAH7,-2.2649484073681316,1.1276022620056371e-35,6.038700164137107e-34
C10orf93,-2.041009673618475,1.1779013890396961e-35,6.28829487628402e-34
RET,-3.321009972114214,1.284185214539065e-35,6.834273188625088e-34
CENPA,1.8023255135304987,1.3471799910746946e-35,7.147188550779454e-34
MICALCL,-2.0068964416165898,1.4096375279054634e-35,7.455318975226721e-34
NHSL1,1.2041948666588098,1.419395804881339e-35,7.483687478987369e-34
C9orf116,-2.0332598837437663,1.8310338315034497e-35,9.594617277078076e-34
TSPAN1,-3.9065711833785013,2.0783085149160004e-35,1.085693067761334e-33
SLC6A14,4.403127673697028,2.0957432679197833e-35,1.0914528395313122e-33
FMNL2,1.3704336789599765,2.2265618201330985e-35,1.1560471889288618e-33
ABLIM3,-2.3429732767762452,2.3643668724372432e-35,1.2238652838178192e-33
CENPN,1.2322190133930295,2.56289866448114e-35,1.3226110380640548e-33
MFSD2B,1.4364373041121716,2.857627338102485e-35,1.470253582111339e-33
ELF5,4.399932649935196,3.078012232614058e-35,1.5788719373920904e-33
ADCY9,-1.3742498095125875,3.5880891806853327e-35,1.8294957708703955e-33
EMX1,-2.38337183928361,3.801403688774059e-35,1.932474770740962e-33
EPB41L5,-1.104672789756881,3.945622790365289e-35,1.9998201226166928e-33
UQCRHL,1.0403953929539291,4.396542420179881e-35,2.2217542259840764e-33
GPR139,-1.2049744471937471,4.439920736082503e-35,2.2370369862569534e-33
NOSTRIN,-2.6184933427595123,4.480276743833451e-35,2.250711296385949e-33
FGD3,-1.7514618907348485,5.720486327272784e-35,2.865290651572221e-33
CXXC5,-1.9518404540277299,6.207499370882306e-35,3.1001089233467947e-33
CEACAM5,-4.630495836769963,6.297106198450909e-35,3.135664285368976e-33
GALNT7,-1.6184436550017676,6.416863741891897e-35,3.185982201878105e-33
IL6ST,-2.4389305408271476,7.263254001274633e-35,3.59573301284032e-33
TMEM144,-1.3589991634264171,7.492078022411705e-35,3.698263441207864e-33
LRP8,1.6890041160991336,9.338068434184122e-35,4.596164896940914e-33
MGC3771,-1.3032655001767406,9.68172365278877e-35,4.751577919509878e-33
RAB6C,-1.0546839205058705,1.2439945750742979e-34,6.052922175290084e-33
P4HTM,-1.6086884254349787,1.3176856397879247e-34,6.393215511563635e-33
LMO4,1.8689233297985144,1.3221079696349022e-34,6.39644850081886e-33
TAF4B,1.6406522799575827,1.520751240862394e-34,7.315930404487731e-33
SFT2D2,1.3010654687561365,1.5257933156585916e-34,7.319509905821357e-33
CNKSR3,1.5661552413495148,1.6140176445104321e-34,7.720988900565353e-33
FAM123B,1.2213910333451174,1.6408822859087574e-34,7.827514097766425e-33
ANKRD43,-2.6855507796237372,1.7619421772635287e-34,8.381529407485445e-33
MGC2889,1.9746771886414514,1.7929410080697279e-34,8.505232692876732e-33
CASC1,-2.1741951965751545,1.896425467349039e-34,8.971146030265036e-33
ROPN1L,-1.9024402340835005,1.9201796547314516e-34,9.058354437694355e-33
TTK,1.6293302148383804,2.0973440624484613e-34,9.866787122513065e-33
PVR,1.1917778956050444,2.3308365457045726e-34,1.0935026549131921e-32
SH3BGRL,-1.2856551117395227,2.3790147119509335e-34,1.1130390259484724e-32
ORC6L,1.4865889085267678,2.4410567438453135e-34,1.1389368862379642e-32
GUSBP3,-1.6628016535092893,2.4530112137527815e-34,1.1413874582024555e-32
KIF16B,-1.3100904010054606,2.5272449164543566e-34,1.172724275945986e-32
SLC26A3,-2.3369900121754843,2.7152868679328406e-34,1.2565580261113118e-32
CDH3,2.5879944660461103,2.7533071231912744e-34,1.270699737342748e-32
CCNG2,-1.055628997289972,3.4089885750165136e-34,1.5648268310655317e-32
CPEB2,-1.5231746396449477,3.6583299846857427e-34,1.6747677322365107e-32
SIDT1,-3.167787635992302,4.0195248530939885e-34,1.8351878886914376e-32
TMEM26,-1.9634908683869448,4.03739339192959e-34,1.8384173653625916e-32
UGT2B15,-2.8958378618278946,4.280153788522585e-34,1.9437605071610566e-32
TTC7A,1.0637115627822915,4.4776561551741846e-34,2.0280447958142651e-32
RAB27B,-2.1041052236754254,5.211303805368722e-34,2.3540717189769054e-32
FLJ36031,1.2176739641019605,5.505979008673871e-34,2.4806037703099474e-32
GALNT6,-2.110134802246572,6.185512163756892e-34,2.7794003205482813e-32
IQUB,-1.6378812222614982,6.457833123873685e-34,2.894128897357075e-32
RIPK4,1.4752545265307706,8.171205783535781e-34,3.633306383645283e-32
VSTM2A,-2.930326793920113,9.095884798975706e-34,4.033930159545736e-32
KCTD3,-1.139385389419111,9.68814011190309e-34,4.2854292494989514e-32
TCF7L1,1.9854781783904798,1.012732176538958e-33,4.468090405818253e-32
MAPK4,3.7949135776285305,1.0828154467004327e-33,4.7649475600280027e-32
SYBU,-2.5176264325831648,1.1274359771391998e-33,4.94851409553623e-32
ACOT4,-1.6081446290404946,1.1731755360613502e-33,5.122866507467896e-32
HMGA1,1.3397516515454981,1.2568745433752255e-33,5.474315466414345e-32
TTC22,1.9431707317073181,1.5159631515525881e-33,6.585931752790963e-32
REEP5,-1.0371206669023216,1.5436996921149684e-33,6.689365332498196e-32
CDCA2,1.8771358901849888,1.59592916724116e-33,6.898140537593135e-32
APLF,1.15773923647932,1.6052271427520445e-33,6.920764111662612e-32
LFNG,-1.6642240092690788,1.674053048910524e-33,7.199273591653087e-32
ZNF695,2.0116898393621607,1.8261357248532667e-33,7.833524280667791e-32
CMBL,-2.6239829739601745,1.9399643903213566e-33,8.3009029063248e-32
PTPRN2,-1.977954129845645,2.1295180786702316e-33,9.066423219938511e-32
SLC15A2,1.953237563332154,2.209222477726761e-33,9.382308926605172e-32
RMND1,-1.0431448057813935,2.558165248787823e-33,1.081031121261951e-31
CCDC103,-1.3967769529869205,2.9302790502463027e-33,1.2352141640023398e-31
TRIM2,1.9085310003534772,3.10357743625938e-33,1.3050351540616603e-31
FAM134B,-1.9588939122579614,3.342176255013687e-33,1.4019029956375145e-31
FAM151B,-1.1674812497545264,5.313045389487579e-33,2.2122533736668335e-31
UBXN10,-2.743387341424138,5.388429262669039e-33,2.238169520567164e-31
KRT222,-1.1081977220062056,5.406258043641321e-33,2.240111301294689e-31
NOVA1,-2.712412006598325,5.5132143030129615e-33,2.2788844558327846e-31
POU5F1,2.2563244766505646,5.841641929537367e-33,2.408793270218435e-31
CNTD1,-1.2717195553984517,5.861375737251259e-33,2.411092483221955e-31
GABRP,5.202668830760772,5.925442344660803e-33,2.4315730874596017e-31
C4orf32,-1.6779770943796395,6.051343486829962e-33,2.477268739921016e-31
CDCA8,1.4617356898786404,7.728625954920783e-33,3.133773809816689e-31
UGT8,3.9158987745964415,8.095957785134655e-33,3.2597462287452647e-31
GIPR,-1.6781824005341508,8.30607837199471e-33,3.336144214034668e-31
SUV39H2,1.1781874081929216,8.633955425549008e-33,3.4596767269905788e-31
LDHB,1.9941552374219391,9.35665743859918e-33,3.7404665769799074e-31
DALRD3,-1.0932436864223671,9.898959494029735e-33,3.938768228582392e-31
C10orf116,-2.6521935784140442,1.0301766505983563e-32,4.089489128132869e-31
STAC,3.0201205726405083,1.0709768431196775e-32,4.23172520610861e-31
LETM2,-1.5063695495070881,1.1076351291142178e-32,4.3664412612997985e-31
SPATA20,-1.4330676092847892,1.1840784707235729e-32,4.657010705871235e-31
PTPRT,-4.0629249754526535,1.1876235240662957e-32,4.6601909250804185e-31
FAM161B,-1.3448632536035507,1.3961670391628053e-32,5.453377219482242e-31
LASS6,-1.4990503240249833,1.5410113042924654e-32,6.005359842585969e-31
FAM72B,1.547142213581557,1.664952656273146e-32,6.473548798249241e-31
WDR19,-1.0005278268724727,1.8843451488488006e-32,7.309885622982932e-31
C9orf40,1.2409131887985545,1.9192964303400216e-32,7.42854959288422e-31
C7orf63,-1.7538414241388782,1.9719314198228794e-32,7.614964190381777e-31
CCDC74A,-2.2208194414987634,2.0164326324242467e-32,7.7691963190463626e-31
TCEAL4,-1.003860904913397,2.0498740157258527e-32,7.880215460002544e-31
C2orf14,-1.3450699501197911,2.143863094780516e-32,8.222970383809051e-31
GPR160,-2.223328796983621,3.244468437444364e-32,1.2416471345994949e-30
C17orf28,-2.0103071560425754,3.397173649594207e-32,1.2971719114930348e-30
GALNTL6,-1.2506633203723343,3.4153746314135634e-32,1.301204249954653e-30
GGH,1.4952069714465264,3.5133009997751484e-32,1.3355249112984549e-30
STMN1,1.3677725462472026,3.6053573469956536e-32,1.3674662721455675e-30
EEF1A2,-4.21441632300381,3.7253119588816796e-32,1.4098236146612224e-30
IFT140,-1.1177364911040417,4.1451622488069926e-32,1.565235323662596e-30
UCK2,1.0272490829111192,4.2376310386746206e-32,1.5966118714298405e-30
KRT18,-1.534093841561603,4.248200416380313e-32,1.5970607746348065e-30
FAM64A,1.6031773182514426,4.3502580553663326e-32,1.631825874072437e-30
FAM57B,-2.0435036290797695,4.5030159189473546e-32,1.685414529663153e-30
C17orf58,-1.1373563214327778,4.80014294102374e-32,1.7926849624042607e-30
ULBP3,2.3547572287027214,5.290877404113841e-32,1.9673284321410197e-30
AMD1,1.0721372530536915,5.415756468307174e-32,2.0093754391126618e-30
HPDL,2.6192983386355606,5.690664725067124e-32,2.1067830493020245e-30
IL12RB2,3.5441338949766306,6.821103244065505e-32,2.5143590529531505e-30
CCDC74B,-2.351356470680651,6.951955926168981e-32,2.5570585188478996e-30
LIN7A,-2.2894181453988454,7.175039659564672e-32,2.6334251164307408e-30
GALNT10,-1.487552240681831,7.859591900653384e-32,2.8722929199168913e-30
CYP4Z2P,-4.2998966576332425,8.296571758167928e-32,3.0254950115974263e-30
FOXP1,-1.0570844035976563,8.852815737654458e-32,3.214572537574743e-30
GJB3,3.382932433918542,9.25675848131313e-32,3.3469765803983565e-30
SLC16A10,2.0952056478535788,9.875889345917722e-32,3.563271092393619e-30
RARRES1,2.9221563764188376,9.96713200279931e-32,3.5885889642214e-30
SPTBN4,-2.1740459329955617,1.0729963431079583e-31,3.846974257500743e-30
KIAA1984,-1.7112787635992297,1.169416439874978e-31,4.1750863671008126e-30
SLC46A1,-1.2585007540944968,1.1867376975953321e-31,4.228063387039436e-30
TBX19,1.5995585090923363,1.259360111244419e-31,4.468104728019262e-30
FAM60A,1.2251337025254312,1.270363327053605e-31,4.49777286064925e-30
SLC25A37,1.4251895330112738,1.3317760240413e-31,4.703793517314918e-30
KLF5,1.995754070932013,1.3340764937540254e-31,4.703793517314918e-30
CSAD,-1.3340851459094303,1.367631083462359e-31,4.8121399486289204e-30
TCEAL6,-1.305244193079612,1.3793494896109321e-31,4.843365321252407e-30
MRAS,1.5432466556694528,1.4333092680268297e-31,5.022480830143397e-30
CSDAP1,1.2551745650210115,1.4669051442024604e-31,5.129649816379446e-30
GAMT,-2.4486056596363053,1.6322212651089864e-31,5.6728016622053144e-30
LEMD1,3.429507760889203,1.749736821474784e-31,6.068842784056125e-30
HJURP,1.4147969522014057,1.7629141547838937e-31,6.089741999182497e-30
ZBTB42,-1.347663552099288,1.8173308364526938e-31,6.265008936192181e-30
SLC9A6,1.1503324260633923,1.914154707061013e-31,6.568752055407394e-30
ABCC11,-4.903585043792468,1.917011022629169e-31,6.568752055407394e-30
SLC9A3R1,-1.4474019009465469,1.9138653392272083e-31,6.568752055407394e-30
ART3,4.732068964298338,2.0508018558989373e-31,7.013083455011829e-30
PRNP,1.1097151643690317,2.1472103226792602e-31,7.31339835904556e-30
ATL2,1.0995480695966382,2.244089668326018e-31,7.628113183950517e-30
LRRC17,-2.3676439260044777,2.4146078850497114e-31,8.183380396175804e-30
SYT17,-2.5818239110796917,2.4367587724726417e-31,8.233730534763708e-30
GPR126,1.8107569144966797,2.59768964157165e-31,8.742817113827114e-30
ITPR1,-1.7394954872157413,2.642976364994258e-31,8.87768984139097e-30
LAMP3,2.28840931228153,2.7537067724145055e-31,9.195220849846868e-30
TMEM25,-1.3371182710812644,2.784523766539594e-31,9.279929499837434e-30
DGAT2,1.7573896115627807,2.9125295448535513e-31,9.687573857198433e-30
UMOD,-1.4601585601508187,3.17382742770088e-31,1.0474860677082555e-29
TRIM29,2.961484713876125,3.2588130663949267e-31,1.0734542847331837e-29
DCDC1,-1.5147813479439143,3.318669864086777e-31,1.0910607680578728e-29
SLC19A2,-1.2980925533168364,4.098789147206423e-31,1.3423534457101036e-29
PDZK1,-3.0149565924354906,4.1657783475511105e-31,1.3616738053511596e-29
NPM2,2.371805965987196,4.44244824699973e-31,1.448474643124815e-29
NCS1,1.1767274655355227,4.7734157661623565e-31,1.5513601240027657e-29
IQCH,-1.45707969050705,5.1814684310837065e-31,1.6743910319042794e-29
CCDC87,-1.3165818585287306,5.388279545142591e-31,1.7379242548064076e-29
HLA-DOB,2.0829323828600597,5.629293365211039e-31,1.8122280909176558e-29
PDSS1,1.206723730411217,5.978412779639632e-31,1.9209881063634515e-29
FBXO36,-1.3561840265504115,6.230756867567797e-31,1.9945449145616463e-29
GSTM3,-2.114302545068931,6.442935620070631e-31,2.0585965029981772e-29
ECM1,-1.63198436824948,7.1151778149597745e-31,2.2648874427806536e-29
GLIPR2,1.507699084874906,7.355738048562361e-31,2.3370936374443472e-29
CDC25A,1.508363292879305,7.407691296542666e-31,2.3492175564268453e-29
CSRP2,1.6613944149876296,8.092880804662228e-31,2.55698998336545e-29
C1orf59,1.2078663760260815,8.362988516518143e-31,2.634642237995142e-29
CTPS,1.1136961470484277,8.369591607488971e-31,2.634642237995142e-29
CYP2B6,-1.6713830132359295,8.818728994488103e-31,2.770903224651889e-29
RHBDL2,1.4766801225403565,8.918595792598768e-31,2.7971212955424865e-29
NUDT12,-1.782616366207142,9.638011511841202e-31,3.0116575421404706e-29
KIF13B,-1.3764774792820411,1.0269572572507704e-30,3.2031285880916887e-29
MARCO,3.2884899100585208,1.2770967765871955e-30,3.961558853420754e-29
CTSL2,2.279932210046738,1.3459439179651091e-30,4.167531804171965e-29
LRRC31,-3.2049236754251607,1.3722053239777643e-30,4.241135511314215e-29
TGFB3,-1.462195970307528,1.6571965847881887e-30,5.103446263823301e-29
IMPA2,1.5515532147205526,1.7123986717204246e-30,5.263925880757911e-29
NT5DC2,1.285141223832527,1.7376845352288e-30,5.332030204494857e-29
GRIK3,-3.3661384627469477,1.7753638414770716e-30,5.437850039632111e-29
MYBL2,1.776186496995404,1.9671567635179432e-30,6.01448468271285e-29
CPB1,-4.7235353913829,1.99986186912765e-30,6.103521080868079e-29
RIBC1,-1.4895480263933072,2.101950582009547e-30,6.39218185921832e-29
MAST4,-1.7371774007305305,2.320890641229685e-30,7.020385012458532e-29
TMBIM4,-1.0451265189898304,2.34506677588927e-30,7.080937445637281e-29
DUSP9,2.7734520364479014,2.42952752936419e-30,7.322982977888878e-29
RSU1,1.0642173088252616,2.4425075334814352e-30,7.34909952211817e-29
RSPH1,-2.20961678645772,2.576992505199585e-30,7.740067436252016e-29
SLC43A3,1.5605728918738428,2.7476192449053556e-30,8.238020376890529e-29
KIFC1,1.3413830053807771,3.18044819911207e-30,9.4856449791381e-29
TLE1,1.0859533246926691,3.2450092818311754e-30,9.661277634542817e-29
MCM7,1.0034486548053927,3.493436584448494e-30,1.0382761785891421e-28
SLC34A2,3.7924441734417345,3.549444665104326e-30,1.0530843666677122e-28
PIF1,1.674334884725659,3.719271874627805e-30,1.10155130478107e-28
GDF15,-2.8138454381210494,3.7782236512698454e-30,1.1170685552278726e-28
ATP6V1C2,2.1213631004281073,3.825620163627823e-30,1.1291215144988184e-28
RALGPS2,-2.1759106437296243,3.940625547532634e-30,1.1590475487820511e-28
SLC40A1,-2.346767000510585,4.076208036862503e-30,1.1968590149615246e-28
AMBP,-2.041862558422686,4.1440868624966835e-30,1.2146953402464461e-28
SLC6A11,3.0638857468284812,4.173192180643985e-30,1.2211247910028707e-28
CACNA1F,-1.5278183731982249,4.312734524731634e-30,1.259791920346136e-28
BEND3,1.0472239110796915,4.937291576812876e-30,1.4373004368055262e-28
KIAA0040,-1.4520558501237186,5.456507395207037e-30,1.5830378354408152e-28
PLK1,1.376287435685951,5.643145919850315e-30,1.6316260613760758e-28
ZNF396,-1.1870498095125885,5.6954450555428604e-30,1.6439564287439815e-28
BMPR1B,-3.1250607595931035,5.750780314159406e-30,1.6571199450107393e-28
GPR81,-2.620587019362948,6.446359937822357e-30,1.854417394275587e-28
C9orf170,2.0681628451356975,6.695675174609096e-30,1.9228895147317523e-28
KIF2C,1.4883061662935457,7.118992682180049e-30,2.0410175989482533e-28
LONRF2,-3.1531239307175696,7.151485338568427e-30,2.0468873162322746e-28
FGF10,-2.0099141981854607,7.187776120557026e-30,2.0538226062598347e-28
FAAH,-1.3438055221711647,7.229636063499517e-30,2.059669360006521e-28
HHAT,-1.351644397313538,7.232426760328241e-30,2.059669360006521e-28
EGFR,2.2149795569694826,7.331223629579277e-30,2.084319506038983e-28
ASAH1,-1.1480526373669537,7.389995151167807e-30,2.0975269570731294e-28
ROPN1B,4.36230655119595,7.672928247532703e-30,2.1705974760046833e-28
CHEK1,1.2157121754840716,7.899921513886833e-30,2.2311055287146393e-28
SYT1,-2.761201060445387,7.980079033140687e-30,2.2500123499070514e-28
CST4,-2.210593774792821,8.114911472511373e-30,2.284246981435846e-28
PCDHB9,1.797009881779978,8.437596212856683e-30,2.3711594637780412e-28
CMTM7,1.7329970818113987,8.692158975369171e-30,2.438673267718896e-28
IVD,-1.392210981501119,8.72635320780665e-30,2.4442400514629484e-28
VAV3,-2.2142694159695218,9.446044909028824e-30,2.641480210193118e-28
FSCN1,1.6421722163308612,9.615026272122747e-30,2.684326187118859e-28
GTSE1,1.3513548682298415,1.0946787307846192e-29,3.0411710905810877e-28
CCNA2,1.295595149444246,1.368109118545707e-29,3.794608841829542e-28
MS4A14,-1.4211884057971025,1.3883843608612013e-29,3.844583035035164e-28
TMEM123,1.123987526020187,1.448815911154796e-29,3.998919767741682e-28
NFIB,1.8221746396449472,1.447933121804618e-29,3.998919767741682e-28
NECAB3,-1.2101403951140952,1.4529096557702188e-29,4.003730006111137e-28
RGS11,-2.2648822473587034,1.581811126598944e-29,4.337881398708538e-28
TBX3,-1.8561358941125636,1.801937800452753e-29,4.933601405419676e-28
C15orf42,1.4880845646282568,1.9737690254691056e-29,5.386744632009434e-28
POLN,-1.6371719728211773,2.166482816503087e-29,5.893802294736034e-28
FANCA,1.5040355249204644,2.2626578358418838e-29,6.145624074064957e-28
NR2E3,-1.2536603079219195,2.3275482298326236e-29,6.31180674427541e-28
SHROOM1,-1.6549799065237032,2.4410035931068235e-29,6.58800177347214e-28
LOC728606,-2.694430733278347,2.766175460722525e-29,7.406913222657957e-28
TIGD2,1.0610720749381386,2.8389785435065116e-29,7.589922228558225e-28
NKAIN1,-3.127822222222222,2.926001061226385e-29,7.810313177536886e-28
CHAC1,1.5918720670829885,2.970763636780394e-29,7.917387282374039e-28
DNAH5,-2.811310309885708,3.039423736832739e-29,8.075099257139087e-28
FBXL7,-1.6122992027021734,3.0573236359504625e-29,8.11000335206174e-28
CYB5D2,-1.0680098150111945,3.1464502405430535e-29,8.320504285162765e-28
MYB,-2.525222398963118,3.992704848472756e-29,1.0520968644866134e-27
GPD1L,-1.4784258316641115,4.01474998427494e-29,1.0551109912376887e-27
CACNA1D,-2.470798798161896,4.1495866406498714e-29,1.0888668796651358e-27
ZIC1,4.05043972742626,4.162379761541785e-29,1.0905434975239476e-27
ARL9,2.404978080201092,4.3627917813917e-29,1.1412956073287349e-27
AMY1A,3.870149990181061,4.4027624058123265e-29,1.148224253766982e-27
KCNQ4,2.5049591100113893,4.424448209824809e-29,1.1521154895002522e-27
RASGEF1B,1.2572967950983838,4.529426683887519e-29,1.177650937810755e-27
WNK4,-3.626817882251286,4.551858743930716e-29,1.1816791830661601e-27
PTK7,1.1116015867405036,4.6765925853174713e-29,1.2122126594818348e-27
NFE2L3,1.4439482541926871,5.148690626850128e-29,1.3285182026554193e-27
FMO5,-2.1712700404540275,5.74623316158175e-29,1.48045916402023e-27
GLS2,-1.8174089587997333,6.179721549434616e-29,1.5897380360554608e-27
SPDEF,-4.006216507599859,6.390593227837277e-29,1.641505319307222e-27
TEAD2,1.1037040768233766,6.677550458606159e-29,1.7126307878021517e-27
NPNT,-2.4056406818271068,6.709484238724649e-29,1.7156534021843958e-27
KLHDC1,-1.2790067200816928,6.81703395368333e-29,1.7405410529419355e-27
C19orf51,-2.564406099524764,8.066914287182866e-29,2.050441049413794e-27
BBOX1,3.2928971525077566,8.2289527240583e-29,2.0885106541089844e-27
BCAM,-1.8182022622834921,8.49185069551734e-29,2.1520270438193494e-27
BTG2,-1.4360617257766766,8.658620208318104e-29,2.1877789636150935e-27
AIF1L,1.7991808412866739,9.056922988008789e-29,2.2782776733499213e-27
KLHDC7A,-3.722000801225404,9.089342113889238e-29,2.2830604159223262e-27
ASS1,1.6863191155099955,9.224686321478138e-29,2.3136437121468733e-27
PNMA3,2.666724767291151,9.290188359369805e-29,2.326645702353938e-27
CYP2A7,-1.7726487804878053,1.0195401111876803e-28,2.5458604242707034e-27
LOC284233,-1.952138894780252,1.0348463159707802e-28,2.5802976223985924e-27
TTC39A,-1.9310732846313936,1.0823250288343348e-28,2.694736146352152e-27
SPEF2,-1.5236655826558252,1.0928633514127516e-28,2.7170018794976873e-27
PEX11A,-1.3092530772554127,1.194832727985653e-28,2.9661809559177356e-27
CCNB2,1.3310428380660593,1.3056649526428163e-28,3.236604678822003e-27
ERBB3,-1.1557611719885337,1.3634450192630998e-28,3.3749227729724695e-27
EN1,3.6676297474568953,1.366099403454764e-28,3.3765853179730954e-27
CDCA3,1.4550905973842356,1.3715333241548914e-28,3.385103262370695e-27
COX6C,-1.2841408232198273,1.482905217935627e-28,3.649404026220192e-27
C15orf59,-1.9622026000549861,1.5962105543646414e-28,3.911290034651776e-27
NXPH1,-2.357950748203134,1.6706965670714039e-28,4.076212397883382e-27
ERBB2,-1.25321336553945,1.7837375995760262e-28,4.345787027293237e-27
SEMA3F,-1.1925554573661667,1.8491442812807742e-28,4.485887052736693e-27
BCL2,-1.8921383999057362,1.965688932085321e-28,4.7618325054641556e-27
ACE2,3.162557460429677,2.0235178324587167e-28,4.888015416563396e-27
KITLG,-1.7716505361140573,2.062421677025239e-28,4.974935008461731e-27
KIF12,-2.3863407996543717,2.4082187753236995e-28,5.8008438109989534e-27
ENO1,1.0122074623934605,2.5712414769688047e-28,6.176056749334097e-27
GABBR2,3.974649499234122,2.7596373840263377e-28,6.609933143455489e-27
FAM63A,-1.1824162091041224,2.9271139413435096e-28,7.001228991724714e-27
DEPDC1,1.4663278425827722,2.987524277300968e-28,7.135699641295299e-27
SLC36A4,1.1270541573386756,3.0170937218815297e-28,7.176132134586934e-27
HEPACAM2,-2.6167314598798166,3.14439125414941e-28,7.458075634841846e-27
C19orf36,-1.3191227013864344,3.1927914731050693e-28,7.562341973154287e-27
PRKD3,1.1647743647146633,3.207215134503261e-28,7.575433251122126e-27
CHRNA5,1.9918699933231228,3.205571386486013e-28,7.575433251122126e-27
MS4A2,-2.352915003338439,3.371948862638072e-28,7.942501954457312e-27
PLEKHG4B,2.138358611209303,3.4409948769495348e-28,8.09394236939925e-27
RP1,-2.140436966340678,3.4888634062748394e-28,8.195219835704899e-27
BIRC5,1.5094305801029044,3.62036281969972e-28,8.492393776788738e-27
SRD5A1,1.402915164369035,3.737645730618959e-28,8.755447976951977e-27
ATP6V1E2,1.0871582105966002,4.088191821700086e-28,9.550330140405002e-27
LIMA1,-1.213883523820746,4.099020372694154e-28,9.562509170819377e-27
GPM6B,1.7922612741054955,4.175160059975157e-28,9.726809277890141e-27
ASCL1,-1.935111990888025,4.237657786751526e-28,9.858922419177389e-27
RAI2,-1.8517258866501711,4.49206986207499e-28,1.0422336478356551e-26
PRSS23,-1.3488111111111145,4.5090051434652725e-28,1.0447395590913414e-26
C3orf18,-1.2476775499783974,4.5536764518827275e-28,1.0536563855375388e-26
MEIS3,-1.7233942107537006,5.061928938069845e-28,1.1617877333602353e-26
MELK,1.467849499234127,5.257221588599912e-28,1.2033667157776411e-26
CCDC40,-1.6967629668905388,5.398747817805224e-28,1.2341030246607109e-26
TPX2,1.3101763874160461,5.702517481441152e-28,1.301794540334354e-26
BAIAP3,-2.434172220258435,5.733870763493945e-28,1.3071997202450052e-26
ASB16,-1.2427246219708574,6.157368644197022e-28,1.4018714974689212e-26
CPA3,-2.9726106947881066,6.679302873432305e-28,1.5126134033850023e-26
LMX1B,-2.5649026275480145,6.695797131195435e-28,1.514334995275674e-26
FABP7,4.99518362593771,6.762340518770255e-28,1.5241032670999743e-26
CLEC3A,-3.7390594595656106,6.765167651365655e-28,1.5241032670999743e-26
CYP39A1,2.3929313145595223,6.844639348873234e-28,1.5398178086038465e-26
SSH3,-1.069081941007818,6.898673595349355e-28,1.5464951443112892e-26
CHST15,-1.2695891952397798,6.895478568447719e-28,1.5464951443112892e-26
CPA6,-1.7768464867837086,6.901563767918849e-28,1.5464951443112892e-26
IL22RA2,2.980626558265582,6.9198437158291795e-28,1.548553725106057e-26
MCF2L2,1.667526526844978,6.990264166402585e-28,1.5622598261658272e-26
PTCHD1,3.4675758414830535,7.247761637648866e-28,1.6176851990715622e-26
CDYL2,-1.6494274812458283,7.341127999772162e-28,1.6363797098968574e-26
CCDC18,1.156054707199245,7.562034247255549e-28,1.6812198855190863e-26
IGSF9B,-2.2483204783786963,7.61671803827226e-28,1.6911695983282475e-26
FAM54A,1.3738140999960722,8.194233999844923e-28,1.8099585605364337e-26
C8orf47,2.735757857114803,8.744964968517442e-28,1.9216355279206714e-26
L3MBTL4,2.2211883665213454,8.826779515018077e-28,1.9371141126386322e-26
NXPH3,-1.9980184635324623,9.223110833199555e-28,2.0188891708147614e-26
PCSK4,-2.17595547307647,9.265761044202611e-28,2.0256214452217005e-26
RIMS4,-3.3076208947016985,9.410912048615284e-28,2.0547157972810035e-26
TPRN,-1.1956824712305103,1.1256390882020664e-27,2.4513598046139627e-26
RAB26,-2.1272171556498174,1.1632928610014108e-27,2.5301248305049843e-26
MREG,-1.061664200149247,1.1680079798830206e-27,2.5371397828326327e-26
SOX9,1.309232810965792,1.1797175084517944e-27,2.5593107221572048e-26
EFCAB6,-1.9188212442559212,1.2173323191339358e-27,2.634201956143701e-26
CHI3L1,2.8752659518479238,1.2324921148795408e-27,2.663621918324693e-26
CPLX1,-1.7701315777070814,1.2496171878528451e-27,2.697209215352846e-26
REEP1,-2.65483860806724,1.2515418118328666e-27,2.6979439310776855e-26
SKA1,1.4331838930128429,1.2797951004649876e-27,2.755361638548513e-26
SLC15A1,3.7502730332665655,1.301598369506896e-27,2.7987651808967727e-26
NPAS1,-1.5629955107811941,1.327004825155176e-27,2.8497972474643945e-26
CYP4B1,-3.577083574879228,1.3643705748629092e-27,2.922670552190609e-26
LOC339674,1.4561071835356036,1.4028842234514971e-27,3.0013967745451e-26
KIF5C,-2.151354620792584,1.4244212841651069e-27,3.0246751208643105e-26
S100B,3.1865125328934463,1.5263538591947143e-27,3.237086702625901e-26
REEP6,-3.136745995836769,1.6144396319105023e-27,3.406927748628978e-26
FRY,-1.3956668394799898,1.7888945624088325e-27,3.761095604669434e-26
CDHR4,-1.2780305486822985,1.804280191663586e-27,3.788765926514287e-26
ANP32E,1.415071815718159,1.94958209234048e-27,4.078793984343781e-26
SEL1L3,1.502563614940497,2.320577805381745e-27,4.8430686305944997e-26
RNASE4,-1.321080688111227,2.370978656290249e-27,4.9421990840419754e-26
MCM10,1.636585837162717,2.458364094140224e-27,5.1118364497201486e-26
SMOX,1.3151583166411376,2.5392269811678588e-27,5.267117599182538e-26
MND1,1.4018272338085724,2.5703199659458028e-27,5.318657232084693e-26
C1QTNF7,-1.8028891323985703,2.5675495040943874e-27,5.318657232084693e-26
NDC80,1.4494828325674547,2.5771693530745805e-27,5.326358505201469e-26
CEP55,1.3384918581359724,2.63997624815207e-27,5.449550970427848e-26
PDE9A,1.9612106005262948,2.7456076258664363e-27,5.653893333555672e-26
PBX1,-1.2399589804014006,2.744743749597612e-27,5.653893333555672e-26
ECE2,1.1953134440909645,2.800137938782327e-27,5.759220905490704e-26
TNFRSF21,1.4331087545658043,3.0027865398085517e-27,6.161139129269835e-26
ANKS6,1.6559557990652358,3.0378288782318942e-27,6.222764714359357e-26
RAD54L,1.46439307568438,3.1004098530906333e-27,6.338532988971606e-26
LOC284276,-1.6963664231569853,3.118370559257473e-27,6.367607988507766e-26
TSPAN33,1.3840309492949991,3.1754083978499506e-27,6.46856519322783e-26
C2orf27A,-1.2912832763834885,3.240845032519834e-27,6.586108699738995e-26
KCND3,-2.491163108283257,3.336872422147293e-27,6.773174892630322e-26
GDF5,2.9167988963512825,3.4200286148117296e-27,6.933700870267114e-26
FOXM1,1.6049177251482654,3.628644140893094e-27,7.347896518360213e-26
TMEM63C,-2.9455457876752664,3.639926386813106e-27,7.361988879741947e-26
TMC3,-1.5089567338282077,3.685168090730499e-27,7.444651552211197e-26
MOBKL2B,1.4864256195750372,3.7860966527167246e-27,7.639481753052823e-26
C5orf49,-2.0757174502179803,3.825121780940487e-27,7.709091589280059e-26
GPRIN2,2.6140606496209893,3.833909030695351e-27,7.717667942404472e-26
SLC2A10,-1.662789556576728,3.861890833830901e-27,7.764817107454574e-26
NCRNA00092,2.8232155728368875,4.265436827524282e-27,8.566083628860676e-26
C6orf115,1.1744420132752058,4.603775824832194e-27,9.223800270222619e-26
C14orf148,-1.0049574368642231,4.945483214973766e-27,9.850477093684588e-26
MEGF9,-1.2285762185303017,5.015552882129382e-27,9.978372147507404e-26
PYY,-1.568200557715722,5.157449968156529e-27,1.0248701628670442e-25
KRT6B,3.9586986803346287,5.211280597002511e-27,1.0343602397080743e-25
ENTPD5,-1.0361801107576305,5.444709314218937e-27,1.0794342214336263e-25
PPP1R3C,-2.3273844035976605,5.85976716828299e-27,1.1590224724257762e-25
NCOA7,1.4200650210125279,5.8735811913159476e-27,1.1604070497460626e-25
LOC100188947,-1.8334111975177716,6.131147084997881e-27,1.208488829369374e-25
ADCY1,-2.1761249990181053,6.173752852344325e-27,1.2154798968257092e-25
LPIN1,1.3577705981697488,6.513616755461587e-27,1.2779596007547331e-25
FUT3,2.5595837516201234,6.893950152918881e-27,1.3510238331899718e-25
SLC27A2,-2.4074316955343464,6.962540287596853e-27,1.362897253997407e-25
RBM47,-1.1486008365735856,7.372515797138354e-27,1.4398388076291992e-25
TMCC2,2.0854339460351126,7.666023550977583e-27,1.4935160644002315e-25
RCOR2,2.2959145438121036,7.785052670300292e-27,1.5134640065663694e-25
CAPN9,-2.825310671222655,8.242486566792124e-27,1.6005649513394512e-25
ZNF442,-1.0950513766152152,8.500663936662811e-27,1.6469431950098713e-25
RPL39L,1.1341047445112107,1.0301204649834244e-26,1.9889967708240042e-25
CYP21A2,-2.4663337182357337,1.0379883524468405e-26,2.0019186457723324e-25
KCNG1,3.1622941479124935,1.0554411699313896e-26,2.033276371485471e-25
SLC26A9,3.088901449275362,1.1160640991101677e-26,2.145211242420559e-25
CDT1,1.300477263265388,1.1436301135945561e-26,2.1957182451539223e-25
ACMSD,-1.6133737284474292,1.1731435947558629e-26,2.2498463309338226e-25
FAM188B,1.1119005262951172,1.1951153172931663e-26,2.2868330172474854e-25
PHOSPHO2,-1.086910066376026,1.2252270344588105e-26,2.339194663322146e-25
PDK1,1.0680012528965879,1.2426771083423923e-26,2.3698534328186944e-25
SKA3,1.2926173677388935,1.2460680227198297e-26,2.373662016433859e-25
TINAGL1,1.4948374180118602,1.2775843485429592e-26,2.4282657874650216e-25
ULBP1,2.07479443069793,1.3031067038324345e-26,2.471259149918303e-25
FFAR2,-1.9261557401516036,1.3092127902976835e-26,2.4800771767263127e-25
RNF145,1.0873917874396142,1.322240604696991e-26,2.5019730553321953e-25
FBXO15,-1.8306826008405004,1.36125488380457e-26,2.5643994105300695e-25
ZNF454,1.5854972271316927,1.363014549478187e-26,2.564877102498732e-25
KIF18B,1.4386665409842507,1.410440129675229e-26,2.648275021961867e-25
FERMT1,3.0050399395153367,1.410443596546925e-26,2.648275021961867e-25
CNGA3,-1.5020799340167312,1.4187599920654847e-26,2.6609562406250223e-25
CASQ1,-1.5071763520678685,1.4377691428597877e-26,2.690682253066174e-25
C10orf79,-1.9567590707356355,1.5093695577378793e-26,2.8184828473986934e-25
C9orf152,-3.1479196064569344,1.5178349123054084e-26,2.831186041244371e-25
CA9,3.8560886178861793,1.5389058841791895e-26,2.867348709799956e-25
TTC23L,-1.3340940772161347,1.5688546142637222e-26,2.9199556372580535e-25
MIA,4.156419402223008,1.6268983748959058e-26,3.0246811489604015e-25
PKIB,-1.8006892855740162,1.6410503595134353e-26,3.047664953382094e-25
C9orf169,-1.8034103020305565,1.647450912751638e-26,3.056218850126405e-25
TMEM145,-2.1706606653312903,1.6806216577890515e-26,3.1075990045762807e-25
LDLRAD1,-1.3096218451749737,1.679002933519452e-26,3.1075990045762807e-25
CCDC65,-1.5446169749813445,1.7611187723850584e-26,3.2529124396656773e-25
IL34,2.2649545736616794,1.8820799250334992e-26,3.4650617430616747e-25
DIO1,-3.118754762185302,1.9735406880456794e-26,3.625609268329873e-25
BLVRA,-1.0566718392836112,2.0136837563914846e-26,3.695370083119287e-25
UGT2B4,-1.406998582145242,2.0325169868363603e-26,3.7259165000886133e-25
DZIP1,1.3742391186520555,2.0492697662833557e-26,3.752587539764037e-25
CHI3L2,3.029059856250739,2.087281293986236e-26,3.8180881242304617e-25
NIPAL1,1.8183785750756054,2.1042454409525838e-26,3.8449892553028435e-25
LOC153328,-1.7885115588547187,2.2439270886123391e-26,4.0870671999003357e-25
TCAM1P,3.2066426259769854,2.255938763503731e-26,4.104555250263733e-25
HORMAD1,4.6606667805663555,2.266700030402705e-26,4.119733353015802e-25
BPIL1,-3.1388249518872007,2.277483928870138e-26,4.1349201821597492e-25
PLIN2,1.0721486194572094,2.3667998576237566e-26,4.278832438994965e-25
FAT1,1.3390813636542145,2.3868045343662432e-26,4.310422186665654e-25
SMOC1,3.3938119201916654,2.464402341139509e-26,4.436445229345227e-25
POU4F1,3.1237390793763016,2.4624618094763414e-26,4.436445229345227e-25
C4A,-2.690862994383563,2.7111353305843903e-26,4.865188058993906e-25
WNT6,2.9486466792349084,2.8341246094982694e-26,5.080541273658477e-25
C6orf154,-1.5803849416755043,2.861164790427312e-26,5.123621070554903e-25
KRT7,1.686214445622717,2.907203957037096e-26,5.200596994573713e-25
KIAA1377,-1.6122778916774685,3.029411340387483e-26,5.413523098299984e-25
TMEM20,1.0492091787439612,3.068255432922554e-26,5.477189729839737e-25
TMEM232,-1.593911790581674,3.3232696681911843e-26,5.913822617481282e-25
CREB3L4,-1.3237428851969675,3.5330199023684243e-26,6.273965478345596e-25
ABCA13,3.273668190565963,3.73106877632765e-26,6.61187318011029e-25
MS4A7,-1.362347040571855,3.828894207254712e-26,6.778177583113072e-25
GRM4,-2.42405489572287,3.973735126296956e-26,7.019990580999705e-25
LOC285593,-1.3795309571501506,4.2852856707681525e-26,7.562530049034366e-25
CAPSL,-1.8810160048701938,4.303718094026007e-26,7.587196598474421e-25
PLOD1,1.1288928125368223,4.370201306894361e-26,7.689276283641428e-25
MAML2,1.423032272887947,4.54416136938798e-26,7.986281539801578e-25
ANLN,1.3850222929185847,4.5670909794355364e-26,8.01830509069971e-25
CYBRD1,-1.445225442834138,4.8304486318789674e-26,8.47194028845508e-25
UBE2C,1.4090083696634075,5.208685971118512e-26,9.097838162887001e-25
GSDMC,2.6408103648717653,5.206066394406644e-26,9.097838162887001e-25
BPI,3.4875566002906417,5.250389830228558e-26,9.16128471401561e-25
ATP10B,2.2434640823219816,5.278919770792736e-26,9.20163804468785e-25
ELOVL2,-2.7798808609245516,6.181633028101338e-26,1.0687635580565054e-24
GLUL,-1.0738616786457715,6.170690073251357e-26,1.0687635580565054e-24
GLIPR1L2,-1.5037608852755189,6.209288778881331e-26,1.072456266778388e-24
C1orf135,1.1961731785868572,6.318266882322225e-26,1.0890696862950151e-24
MYO5C,-1.2959162562350262,6.959044116178081e-26,1.1983065854248e-24
CDC45,1.3789394053650676,7.099197258653808e-26,1.2212053466148923e-24
CCDC159,-1.0677036801382513,7.407490100744037e-26,1.2729521333569218e-24
CMYA5,-2.027193731589491,7.840047458063194e-26,1.3434413206271825e-24
GPT2,1.3712226306900757,7.841342763966056e-26,1.3434413206271825e-24
C1QL4,2.7270231884057976,8.470477407873141e-26,1.4468628912344994e-24
ORC1L,1.4314834688346876,8.785083386980666e-26,1.4975972981009082e-24
KIAA1407,-1.081230018459605,8.98135567911528e-26,1.529524872153332e-24
PAPSS1,1.0679072267389351,9.03535923072111e-26,1.5371844924993057e-24
EFNA5,1.889166266053965,9.131140311075489e-26,1.5519293363035488e-24
CDCA5,1.1995829150465394,9.384185059838963e-26,1.5917596769826448e-24
TSC22D3,-1.2755030006676904,9.804855309952576e-26,1.659808011217618e-24
LRFN2,-2.040189258080986,1.019184722703959e-25,1.7236063383960697e-24
FAH,-1.1167541966144316,1.079796893291809e-25,1.822491684118881e-24
DUSP5,-1.3144464867837087,1.0929925164978775e-25,1.8411140015785216e-24
CISH,-1.3171531832999488,1.0920927534280985e-25,1.8411140015785216e-24
ASNS,1.2115765091708859,1.1439267097892898e-25,1.9250071015525303e-24
ZCCHC11,1.0083105769608416,1.1884463918840788e-25,1.994013995446883e-24
GALNT3,1.4290342131102474,1.197331620849735e-25,2.0049712392400184e-24
ITM2C,1.3736990691646032,1.2347740873057447e-25,2.065638772771791e-24
DUSP13,-1.433518659911237,1.2440763337075691e-25,2.077119604219598e-24
CCDC24,-1.0940386237775437,1.3260299167417314e-25,2.2096173661557425e-24
CCDC30,-1.2333200463453915,1.3425552785106556e-25,2.2327848040074672e-24
RND1,-2.1857069125328925,1.3581458989607556e-25,2.256509722858699e-24
FANCE,1.1140752052158192,1.363606482386905e-25,2.2633741125778744e-24
TM4SF1,1.546931019991364,1.3921928374649587e-25,2.306327239496911e-24
PTGER3,-2.258973213935037,1.622601606618105e-25,2.672427984594422e-24
NXN,1.20404064647893,1.7028127391027805e-25,2.8018261784464112e-24
LY6D,3.8929894819527906,1.715344895911733e-25,2.8170032379341187e-24
PTCH1,1.2621389890420653,1.7341975841565888e-25,2.8452201212125924e-24
CIB2,1.5095080122540345,1.7359262949059884e-25,2.8453151878969183e-24
TMSB15A,2.736102246573191,1.760376772802984e-25,2.8826169654648863e-24
OPRK1,3.1419893562703742,1.8004690737789726e-25,2.945435958353113e-24
DEK,1.0777779388083761,1.8423061760625536e-25,3.010986005599356e-24
PERP,1.123668453713524,1.9530645482682868e-25,3.1858897755755677e-24
CCDC150,1.4703084639252184,2.0055191690841507e-25,3.268324540622305e-24
PNPLA4,-1.285083838026786,2.098226090994014e-25,3.41613674279427e-24
ANKLE1,1.8358136679627668,2.1036719608228834e-25,3.4217319477376986e-24
ASTN2,-1.8324859314245305,2.1305304017278237e-25,3.462111902807713e-24
PFKP,1.5979524449157516,2.220737874948761e-25,3.6018253343216564e-24
STOX2,1.6643589607635225,2.2792382873437965e-25,3.693190107846323e-24
FAM81B,-1.6627083932288595,2.3034525308632423e-25,3.7253368091738856e-24
LOC100127888,2.359095895683595,2.5094715455644307e-25,4.035533561941667e-24
SYNPO2L,-1.6928572483406001,2.779898071463185e-25,4.453590231139985e-24
GAL,2.8773487844153802,2.8206033190215667e-25,4.501862654445855e-24
NAT8,-1.0613190408860613,3.0226463389858634e-25,4.815310304296469e-24
CGA,-2.209589493735517,3.1227980689383274e-25,4.956314176516283e-24
ADAMTSL5,-1.9816638584501791,3.2753654906714643e-25,5.188788307547445e-24
BUB1,1.3117697576685892,3.3663253487474097e-25,5.3279294320788455e-24
TOB1,-1.1473520050272992,3.555838478560136e-25,5.622648959134552e-24
RHCG,3.345281422567848,3.5808824594564984e-25,5.656997057935452e-24
DNMBP,-1.18625837555477,3.691561574388168e-25,5.826440557166868e-24
C1GALT1,1.1982191233651465,4.104459710062768e-25,6.450561107186884e-24
GSG2,1.1312668748281691,4.1023214931341387e-25,6.450561107186884e-24
GREB1L,-2.3357295785711463,4.1333438673932066e-25,6.487635581724083e-24
ZIC4,2.736007666627391,4.209964396233225e-25,6.595739987842855e-24
MGC72080,1.2623498566434934,4.228066224584444e-25,6.618011746753042e-24
FAM83D,1.3317926436510739,4.670142878674664e-25,7.296562681085278e-24
SCGB1D2,-4.280818549939123,4.731920281018094e-25,7.379542343016313e-24
HRCT1,2.897840238011076,4.784452210879689e-25,7.447826430647268e-24
SKP2,1.2189159616668643,4.853287861186359e-25,7.541194550730264e-24
FAM135A,1.1299966851262724,4.886586935842573e-25,7.586014176608844e-24
CXorf61,4.144453434664782,5.257189704005679e-25,8.146491415761303e-24
PLCG2,1.3698062212796032,5.345576109858033e-25,8.2759237409893e-24
OCEL1,-1.0414283610227422,5.787124827071409e-25,8.951383815170398e-24
TGFA,1.7971318447822178,5.905179176595172e-25,9.117425328868158e-24
CHN2,-1.6639611091473219,6.169354891221644e-25,9.508064597059241e-24
C20orf114,-4.033236302580417,6.394402093108079e-25,9.845991649695352e-24
MMP17,-1.7721148894387504,6.454574399821819e-25,9.929665946609357e-24
BAI2,-2.231983076077137,6.526507407561716e-25,1.003126544682094e-23
KLK6,4.276942496366994,6.583145559509428e-25,1.0109194668931069e-23
PIM1,1.2225576057499712,6.833359675925574e-25,1.0474537829074034e-23
MSN,1.0612297474568955,7.006440666953e-25,1.0730187460270648e-23
GNG13,-1.7063182985742897,7.195828987568598e-25,1.1000445929828836e-23
SCN7A,-2.216297066101096,7.359512543053177e-25,1.124058283481575e-23
TMEM45B,-2.898965091708888,7.59948436932079e-25,1.1596704194402604e-23
SLPI,3.195513797572759,7.831288752940304e-25,1.1939735672566999e-23
CYP4A11,-1.0723394917717293,7.851777469361703e-25,1.196026568007422e-23
MATN4,2.521312352224972,8.046294665653474e-25,1.2245611988925706e-23
ZNF467,-1.507578838223166,8.08317359772687e-25,1.2284719649187248e-23
KIF14,1.375878916774675,8.161887781711279e-25,1.2388319868319348e-23
ZNF91,-1.1792627351635847,8.318338418497525e-25,1.2603318795997585e-23
TTC18,-1.6236006480499592,8.347458273717573e-25,1.2636196835680913e-23
C20orf103,-2.010802572561956,8.624265649301824e-25,1.3032053594286605e-23
RPH3AL,-1.5976495385098772,8.914378136030643e-25,1.3458498196507254e-23
MATN3,-2.1679820352696275,9.14366879494649e-25,1.3792442832412644e-23
NHLRC4,-1.6558872550174772,9.204734575426632e-25,1.3872268125620846e-23
ARHGEF4,1.8344018302501865,9.245627597120153e-25,1.3897874645518357e-23
RASEF,-1.8914328816621495,9.630232684570406e-25,1.4436871709351585e-23
C19orf21,-3.097068363379286,1.0112457628364013e-24,1.5133141776013984e-23
MSX2,-2.551047672911513,1.0410003198006794e-24,1.5551083724741728e-23
FAM72A,1.29504870586387,1.0680627726316199e-24,1.5941375125255466e-23
MFI2,2.4557881779977215,1.1060945705991532e-24,1.6494562642122225e-23
LOC100170939,-1.4386582970032595,1.1205912593225688e-24,1.668152897400642e-23
MYO10,1.2617746475001006,1.1312956399561569e-24,1.682617008598546e-23
MEIS3P1,-1.0803934684419305,1.1745565311668713e-24,1.7454361017252894e-23
FAM89A,1.2308520246651744,1.2474703381838482e-24,1.8473408573279073e-23
SOX11,2.870389081340088,1.2545212841746385e-24,1.8561683292349342e-23
HOXB2,-1.9066046502494016,1.278729367112863e-24,1.8903438473899354e-23
CHST3,1.4553708888103394,1.2998877611226512e-24,1.9199556437050085e-23
AGBL2,-1.49836514276737,1.3131725206674395e-24,1.936218876793636e-23
CNGA1,2.307531098542869,1.3482823817518787e-24,1.9862672111794548e-23
TSPAN15,-1.2929991477161167,1.5645029986093759e-24,2.296852247096351e-23
HMGCS2,-3.746962330623305,1.6182805064209294e-24,2.3717140296341158e-23
IQCD,-1.1145958996111691,1.7810849896698624e-24,2.6058313895255808e-23
SMC1B,2.6132242959820906,1.7939297737690764e-24,2.6223711628572852e-23
PAX2,-2.4222391304347823,1.811581080809796e-24,2.645902727803673e-23
STAC2,3.76786012332587,1.9037265694330653e-24,2.778103125745082e-23
CPA4,2.5199596205962074,1.9524632598732797e-24,2.846785044147428e-23
C1orf230,-1.6508135737009542,2.0499065432108502e-24,2.978661128914742e-23
CDC42EP1,1.149062735163584,2.0951359598084597e-24,3.039196370999836e-23
SERPINI1,-1.3466088056242889,2.2645916780516652e-24,3.276635197724712e-23
HRASLS2,-2.3942811083618074,2.394759469136545e-24,3.4620334260946824e-23
C1QL2,2.904297392089864,2.5303948405562884e-24,3.648825074908856e-23
MMP7,3.105273343545031,2.536189796354187e-24,3.654087329264958e-23
RERG,-2.3101818624563055,2.5670878357773837e-24,3.6892409994336576e-23
MTL5,-1.1339889281646442,2.565217290499988e-24,3.6892409994336576e-23
RASGEF1C,2.920359628451357,2.5830799365993883e-24,3.709093703228295e-23
STEAP3,1.1541214799104509,2.6238168339526108e-24,3.764414547785422e-23
NCAPG,1.1203928400298526,2.802306101023078e-24,4.0137319512550893e-23
CORO6,-1.6305154314441697,2.8552431803052288e-24,4.08611692105866e-23
MCCD1,-1.2899482109893563,3.0920951479407444e-24,4.417649359851584e-23
FOSL1,1.9804214092140917,3.10756898777721e-24,4.4323199214276284e-23
GLI3,-1.5919491850280814,3.2374929527237042e-24,4.6125894066819096e-23
CA13,1.4104545775892543,3.2654808804828776e-24,4.645876306986082e-23
AHNAK,-1.2706281999921476,3.393308876045881e-24,4.8237103638615484e-23
ROBO2,-2.5624130316955345,3.466671379675525e-24,4.919610875816276e-23
KCNS1,2.8276977848474134,3.469964111527171e-24,4.919610875816276e-23
TGM5,2.5865753937394445,3.475215433709325e-24,4.919610875816276e-23
B3GNT4,1.5421827815089748,3.4917636704726356e-24,4.938931503999085e-23
FAM83B,1.854978904991948,3.6391802525185104e-24,5.1389087645431367e-23
LPO,2.6214825458544437,3.666344302023697e-24,5.1729779174369143e-23
FGFBP1,3.152174321511331,3.885327828419394e-24,5.477411665395884e-23
PRSS53,1.0779660893130671,3.9510279073162314e-24,5.565426407079853e-23
OSCP1,-1.028478036997762,4.074900664312635e-24,5.735170108532577e-23
CAPN13,-3.559245987981617,4.117072413423001e-24,5.780654666653153e-23
MYT1,-2.0456039707788385,4.1728423619013936e-24,5.853666015089022e-23
C13orf27,1.0255915360747823,4.2942076984818586e-24,6.018959432522308e-23
RDH10,1.7723669690899833,4.338038367394298e-24,6.075394193809613e-23
CHRM3,2.674774537527984,4.439988422888029e-24,6.21306514722951e-23
PRTFDC1,1.8276985075213075,4.508339969008011e-24,6.29836174505385e-23
PSRC1,1.101377934880797,4.5193643176791266e-24,6.308588059842256e-23
CCDC67,2.0859412513255564,4.620992793036128e-24,6.439894211571626e-23
DLGAP5,1.2221167786025706,4.6559106083230775e-24,6.483250830722977e-23
CRYAB,2.6067769412041937,4.7454563335303856e-24,6.602542594773077e-23
ACBD4,-1.0086047445112127,4.8396507195133475e-24,6.72257210783957e-23
CSTB,1.1467913711166133,5.057039285130745e-24,7.007435233993213e-23
WDR52,-1.1321881583598472,5.12674076931108e-24,7.098243520436397e-23
GPRC5B,1.3246986881897804,5.386212579591908e-24,7.435108393744529e-23
MSL3L2,1.8411694081143706,5.3875066106169984e-24,7.435108393744529e-23
STIL,1.1202401673147158,5.4123093236809674e-24,7.463289698970597e-23
PCDH19,-1.7543632732414274,5.563933312133464e-24,7.666163778772888e-23
GFRA3,3.3280549507089274,5.598024798617272e-24,7.706900753472284e-23
NMB,1.30090246651742,5.806155973117674e-24,7.98053561115367e-23
E2F2,1.2944621931581617,5.94213438653055e-24,8.154274665803002e-23
NFATC4,-1.2758782530144135,6.0279840515039196e-24,8.265424186562943e-23
CXCL1,2.617907866933742,6.294606528005464e-24,8.610212784894221e-23
GPR156,2.04418735713444,6.3775986502980854e-24,8.709743786253119e-23
EZH2,1.1168814225678467,6.81770467157437e-24,9.295877546590193e-23
UPP1,1.1054446643886742,7.499769021385313e-24,1.020951770057489e-22
MEX3A,1.74192453163662,7.721180218237361e-24,1.0502531878321268e-22
CPEB4,-1.0041254742547423,7.850570095444595e-24,1.0661499898358968e-22
TRERF1,-1.349072542319627,7.89587903653085e-24,1.070595700574207e-22
ULK4,-1.218552111071836,7.908921443972971e-24,1.07151099594956e-22
RAD51AP1,1.2299880523153046,8.036529513657811e-24,1.0879340033194953e-22
SCGB2A2,-5.02843574879227,8.610010101252042e-24,1.1627951786226985e-22
NUF2,1.289022614979772,8.75658514518154e-24,1.1816532886088877e-22
CDC7,1.172741915085818,9.228391870828046e-24,1.242367696128076e-22
HRC,-1.2571923805035148,9.306488450367595e-24,1.2518917717990532e-22
GPR161,1.4992122029771027,9.403908394500491e-24,1.2630012615011305e-22
FGF11,1.3221303837241267,9.481016260843054e-24,1.2723538764551397e-22
NRTN,2.226016652920151,9.521095352106856e-24,1.2767264082392107e-22
SLC6A2,2.839152114999411,9.775355378786848e-24,1.308760236641038e-22
UBASH3B,1.7286403636934926,1.0449892014612147e-23,1.3968733203206032e-22
ATP11A,1.1902877184713834,1.1113190288492127e-23,1.4832102712619194e-22
DIAPH3,1.3050122579631598,1.1403961609642776e-23,1.519635885854589e-22
ADCY5,-2.4512931463807393,1.1418744064336764e-23,1.5204160392154426e-22
GRM6,1.5569659086445935,1.157999755146423e-23,1.5400590992078825e-22
GRIA1,-1.4485003181336165,1.15843552911644e-23,1.5400590992078825e-22
MYRIP,-2.2923327599073096,1.1859114135771985e-23,1.5753565813743907e-22
BHLHE40,-1.3222432700993672,1.2306736337880975e-23,1.6297334357240515e-22
FLJ35024,1.7743509838576648,1.2956640363099577e-23,1.713133426891194e-22
PRLR,-1.498028855897255,1.3362811247356391e-23,1.7654668389641532e-22
LANCL3,1.5505013667962768,1.376908264704276e-23,1.813514907031231e-22
TPBG,-1.0959144299124137,1.4139285793129917e-23,1.8608349077048104e-22
ASPM,1.3020137740073068,1.510970318020329e-23,1.9839494615178261e-22
ATP1A2,-2.170438753387534,1.5342459876105653e-23,2.0129591039297324e-22
IGFBP4,-1.298447178036998,1.54512096934309e-23,2.0256666749740435e-22
BAIAP2L2,2.247550728565256,1.6185403812472772e-23,2.1170309287742803e-22
C2orf62,-1.1362248458426616,1.6386937627994014e-23,2.1417463377186347e-22
ST3GAL6,1.4102879266328898,1.6472897138676276e-23,2.151330048095529e-22
SMPD3,-1.6932240210518055,1.6649477287180118e-23,2.1727248904266467e-22
NMT2,1.0501308668159162,1.866951665567273e-23,2.4270371652374547e-22
MFGE8,1.8094678685047718,1.8698423788178296e-23,2.427905020784036e-22
ABCG1,-1.1941616786457718,1.870470573851236e-23,2.427905020784036e-22
FAM174B,-1.5687943757118745,1.9120786763922554e-23,2.480022837696886e-22
EPHB6,2.107564867837083,1.94286279493397e-23,2.5161181291046017e-22
GPR19,1.4550315462864782,1.9859001348595662e-23,2.569899642603223e-22
LOC283867,-1.6185993519500408,2.0337614096769122e-23,2.6298372670309653e-22
PLEKHG1,1.2804147637563368,2.0550986697492288e-23,2.653398813178875e-22
COTL1,1.2317304465653365,2.1277983025232636e-23,2.743005216569246e-22
RAB19,-1.5155540120183812,2.1868394729308095e-23,2.814956630688714e-22
MDGA2,2.1944433565060284,2.2107032052275403e-23,2.84137928943585e-22
EXO1,1.3523084953458229,2.2318894633526547e-23,2.8642861764051025e-22
SVOPL,1.9759906877184714,2.3637480646695635e-23,3.0289412747421114e-22
LRRC56,-1.5787668355524147,2.6662544446264874e-23,3.406325070666848e-22
AKAP5,-1.1586131691606791,2.709934107567592e-23,3.45694216118922e-22
LOC84856,2.5440852951573003,2.7243846252029346e-23,3.4727747131142194e-22
TRPV6,2.5220444405168685,2.819965106486565e-23,3.589238098913767e-22
LOC100128788,-1.0935574800675534,2.8334716768442845e-23,3.603735822005838e-22
CDK6,1.6347955422018003,2.9558672871387444e-23,3.7565984999979715e-22
SCCPDH,-1.354133875338757,3.050012058994303e-23,3.8733561047481715e-22
IL1RL2,1.7368489690114295,3.203322660957912e-23,4.055954268856003e-22
AZU1,-1.4418009858214527,3.2207715053311444e-23,4.07501773668569e-22
PFKFB1,-1.3791721495620752,3.4770488582402873e-23,4.386232744876452e-22
NCAPH,1.1049895094458186,3.4765463281767506e-23,4.386232744876452e-22
MMP12,2.9241282706885032,3.4743475771911e-23,4.386232744876452e-22
TTYH1,3.816574458976472,3.6167788180280234e-23,4.552383094679766e-22
TUBB6,1.0398393307411347,3.7278044051086195e-23,4.68520361763836e-22
ALDH6A1,-1.010280479949726,3.787038518090089e-23,4.756140557748836e-22
MSI2,-1.0175672950787487,4.185367549819222e-23,5.233245915816545e-22
PTX3,2.7494750991712817,4.452891141870511e-23,5.559584761440968e-22
GPR98,-2.5949767919563245,4.951307567706923e-23,6.159296411837027e-22
FABP5,1.6392009347629717,5.177001671107516e-23,6.430659260318089e-22
FAM19A3,2.786670920230941,5.509739797233662e-23,6.825146790676504e-22
SEC14L2,-1.3296507756961642,5.510614701808686e-23,6.825146790676504e-22
NEAT1,-1.2271421350300447,5.69418718356392e-23,7.047384283146335e-22
CHST2,1.4988275244491582,5.855969137685503e-23,7.242349630703277e-22
CX3CL1,1.6504701504261412,5.941776846857109e-23,7.336934266795282e-22
CBLN4,-1.6680819252975128,6.077070985091674e-23,7.489963937392271e-22
RRAS2,1.030186932956286,6.078173905740527e-23,7.489963937392271e-22
SORD,-1.168163799536547,6.452904063586845e-23,7.928784718822798e-22
C6orf218,2.5676426691803154,6.544096715383982e-23,8.035037279234983e-22
MARCH10,-1.2576407289580143,6.983756223839953e-23,8.544063828447874e-22
CHAC2,1.0070459840540433,7.104291083478381e-23,8.685289099184267e-22
CHST4,2.712781929225089,7.205611648520371e-23,8.802838333881057e-22
DHRS2,-4.02439795373316,7.675071635426688e-23,9.34284988930068e-22
SCHIP1,1.3661712030163757,8.052516853006447e-23,9.78831991482511e-22
LOC84740,3.7581921409214094,8.129808479194883e-23,9.875223851689648e-22
DDN,1.9315884215074033,8.507808164175578e-23,1.0304117191143698e-21
SULT1A2,-1.4778436471466159,8.513149082759357e-23,1.0304117191143698e-21
MSLN,4.728765598366128,8.521062949852322e-23,1.0306370883237575e-21
CXCL5,3.1016921487765607,8.7300281688188e-23,1.05366675914234e-21
NPC1L1,-1.6802667727112057,8.750158423854172e-23,1.0553484274662646e-21
GPR125,1.0008240760378602,8.787467576341422e-23,1.0590981799369739e-21
RAB6B,1.2844265150622531,8.909084136620615e-23,1.0729964840639963e-21
SEMA3C,-1.7813686029613915,9.19435878281433e-23,1.1065719439669826e-21
KRT83,2.3679735674168336,1.0378820610068007e-22,1.2464831804616232e-21
LRRC26,-2.5226348061741493,1.0557349282861983e-22,1.2670307137923861e-21
KRT6C,3.2336284317191013,1.1320320919642764e-22,1.353827705488176e-21
CROT,-1.3730706256627778,1.1490944222873874e-22,1.3723056109084298e-21
CYB5A,-1.3820541887592803,1.2343033447128657e-22,1.472001817959391e-21
APBA2,1.7828533482581195,1.28637368938013e-22,1.5298145202614255e-21
NRIP1,-1.2391143867090832,1.286113307088489e-22,1.5298145202614255e-21
TMSB15B,1.9612789128470984,1.3613072464315056e-22,1.6166710186003168e-21
BLM,1.082797231059268,1.4361414033224308e-22,1.7007988941989568e-21
IGF1R,-1.85051384077609,1.4689084392391525e-22,1.737188244461303e-21
SRRM3,-1.650596908998076,1.4681381630549226e-22,1.737188244461303e-21
FLJ44606,-1.263500239582105,1.4862749572149416e-22,1.7565067676176584e-21
CXCL3,1.6990625898432896,1.4963791241861873e-22,1.767221670242078e-21
N4BP3,-1.2327524527709048,1.5040915038941812e-22,1.7746739299313183e-21
NLRP12,-1.224605200109973,1.5393337969539094e-22,1.814176786306234e-21
DNMT3B,1.202865358784024,1.571801312829245e-22,1.8486033396051133e-21
SLC18A2,-1.6460270884882766,1.6088392463860392e-22,1.8882517137115264e-21
GPSM2,1.0588324967597504,1.6414011949223713e-22,1.9224939717694627e-21
ANKRD24,-1.3671942343191548,1.7451795557523607e-22,2.0412368018174932e-21
INA,2.823524087820589,1.8919470566181698e-22,2.2068396146717423e-21
FAM131C,1.6947473587054713,1.9570185215473896e-22,2.2811790158762526e-21
SHC4,3.0899528258905766,1.96175446166995e-22,2.2851353271025476e-21
MFSD7,-1.4916514983700546,1.9643221746793233e-22,2.2865623126991713e-21
ZNF844,-1.2238985428694873,2.0160858172216717e-22,2.3452145810987067e-21
SOD2,1.1841074702486143,2.0180531680260449e-22,2.345900713411846e-21
GPR3,1.36757824908684,2.0218526933880132e-22,2.348714281609677e-21
SCNN1A,-2.493267330426928,2.0641559681648867e-22,2.3945896551667587e-21
RTN4RL1,-2.41099040100546,2.0828620948510032e-22,2.414645437393641e-21
S1PR3,-1.0554238325281808,2.172245388997304e-22,2.5131344412108755e-21
TMEM71,1.9651984564628258,2.1793037991935983e-22,2.5195888459108606e-21
C2CD4D,1.32715741329877,2.1851877019629147e-22,2.524677514547384e-21
CREB3L1,-1.532285008444287,2.4395891167949532e-22,2.8109744694870134e-21
GATA2,-1.9619759043242606,2.7980880660805565e-22,3.21751787747143e-21
BMP4,-1.8072650956364624,2.8266226310079706e-22,3.2481365321231942e-21
TMEFF1,1.306733926397234,2.830555298245503e-22,3.250462355301478e-21
NME5,-2.195799210557323,2.8393639385231233e-22,3.25838058443725e-21
C3orf58,1.2141909390833021,2.8428257034745813e-22,3.2601563454661358e-21
CYP27C1,2.4769657004830914,2.8669025446865557e-22,3.285555204307675e-21
TMC4,-1.541341270963434,2.869566853701597e-22,3.286397008644129e-21
PI3,3.6948773182514434,2.9573388988863313e-22,3.3846425704324075e-21
OCA2,3.019361930010604,2.999656415207985e-22,3.428466359126979e-21
TMEM217,1.231418137543694,3.05712045154798e-22,3.491801562029651e-21
GRIK4,-1.807607203173481,3.1518366512780015e-22,3.590353054934072e-21
TMC5,-3.600997729861355,3.1969237410918786e-22,3.639278830935474e-21
ABHD2,-1.0468013275205195,3.2787094343582204e-22,3.727397975108177e-21
GABRE,2.1489635520992882,3.324701675921095e-22,3.7746446360624164e-21
AMZ1,-1.5683452338871224,3.471840372263687e-22,3.9364475059687476e-21
TMEM74,1.7780179961509754,3.478184482171613e-22,3.941016748594981e-21
SBSN,3.251088857468284,3.487126933187878e-22,3.9485220526721786e-21
KIAA1257,-1.6006023604728794,3.822828089039478e-22,4.317159307449755e-21
GPC2,1.898820914339578,3.9315804708073365e-22,4.437032168180844e-21
SGOL1,1.1798969600565572,4.0655051886064986e-22,4.579070989548192e-21
RBM24,-2.28062627155257,4.187433510757775e-22,4.710171247569677e-21
KERA,-1.76554735085032,4.496386742282295e-22,5.041044517515963e-21
RAPGEF3,-1.2060056517811546,4.717794886321212e-22,5.2788467092017246e-21
SRMS,-2.2782016535092886,4.717505302819307e-22,5.2788467092017246e-21
CST2,-2.121133443305448,4.818715433114929e-22,5.38822874759995e-21
TNFSF12-TNFSF13,1.6357659479203495,5.061811321534658e-22,5.6452289984109514e-21
TMEM171,1.8335711087545656,5.092734825398358e-22,5.6759996123386145e-21
SALL2,-1.5310605671419033,5.137141075748619e-22,5.7217470582079126e-21
SCRG1,3.693226562193158,5.192378566627741e-22,5.779490652919636e-21
FAM154B,-1.4969583205687127,5.3145682122616715e-22,5.911632701163702e-21
COL9A3,3.0394756058285237,5.329322861205599e-22,5.9241754782200616e-21
CEACAM6,-3.571237857900316,5.472979414552258e-22,6.075934773782591e-21
TTC16,-1.264659015749578,5.862628233984771e-22,6.504270933209162e-21
ST8SIA6,-2.373370900593065,6.189396074154772e-22,6.85340800668763e-21
RAB17,-1.5562748674443254,6.331299397913696e-22,7.005979775599106e-21
CBS,2.123817155649821,6.416812877302701e-22,7.091390220666127e-21
NCCRP1,2.7887850320097414,6.6326701486441915e-22,7.32518629256878e-21
PIH1D2,-1.041056062212796,6.687708721214314e-22,7.381184674159415e-21
C2orf50,-1.2458360119398297,6.957185492534536e-22,7.668664656172371e-21
PTTG1,1.147132170770984,7.083522942404891e-22,7.796152634277439e-21
PRAME,3.8731797337103826,7.458227421317468e-22,8.189143325921114e-21
SNED1,-1.2526605828522044,7.514243765153381e-22,8.245333203644464e-21
KIF18A,1.0404779466635237,7.850884766861754e-22,8.609180140351299e-21
MALL,1.6410252150347606,8.043235230688323e-22,8.808765014702388e-21
RAET1L,2.2865862731236004,8.3040012347426025e-22,9.088505207433581e-21
EPB41L4A,-1.283284195436158,8.343944579547186e-22,9.1204991135872e-21
NCRNA00160,-1.5048748556616,8.461410174654481e-22,9.237039440664476e-21
TUBA4A,1.310158815443227,8.603192682552746e-22,9.385802138620965e-21
PTPLA,1.9667996072424483,9.910254985992718e-22,1.0784130505524344e-20
MAP2,1.9531504300695204,1.0492268390362982e-21,1.1388357596423301e-20
TRIP13,1.1414035033973526,1.0593003256441923e-21,1.1490372322115029e-20
DGCR5,2.0480740426534694,1.072181450721457e-21,1.1622692619851312e-20
IGF2BP2,2.5574392993205297,1.1005182523312434e-21,1.1914701740115114e-20
DSCC1,1.0452288598248307,1.1103085703908367e-21,1.1997814056951745e-20
SERPINB5,3.1903382192372636,1.1278187134716279e-21,1.217929783793394e-20
LOC284837,1.3659029142610262,1.1729036019927113e-21,1.2650125612372306e-20
MAMLD1,1.4823076037861833,1.2036132881750695e-21,1.2956722059179162e-20
LOC400927,1.2501842190016097,1.2030065644414415e-21,1.2956722059179162e-20
LYPD6,-2.0277922234004944,1.2900761853164095e-21,1.3826304239105384e-20
DEPDC1B,1.1352894191115812,1.3237846599627754e-21,1.4178649534066707e-20
KIF15,1.1573313027767984,1.3472403032265038e-21,1.4402700793438392e-20
C22orf23,1.0913231019991363,1.3761506646566575e-21,1.4702538155020625e-20
KCNK6,-1.2386573700954422,1.3805669992018789e-21,1.4740473978939184e-20
TRIM47,1.1027656494246099,1.4012792479761481e-21,1.4924193616656537e-20
C2orf77,-1.3335700090334246,1.4010452259059866e-21,1.4924193616656537e-20
MUC16,3.413127053140097,1.4145351252524691e-21,1.505595823940597e-20
FER1L5,-1.089532500687326,1.4324679087381563e-21,1.5227795559182773e-20
PGPEP1,-1.035091964180511,1.4668776541283263e-21,1.5583859294950343e-20
GINS4,1.1989035191076551,1.4866930341173399e-21,1.578452766272961e-20
SLC26A1,-1.2838494206826123,1.4976173747619385e-21,1.5890606786414837e-20
CCL20,2.2542464671458315,1.4997942945802064e-21,1.5903796286862338e-20
BCL2L10,1.3804612112642871,1.6765118240217387e-21,1.7744559579297833e-20
CCND1,-1.7111227406621872,1.703035480262991e-21,1.801409579433462e-20
SERPINA5,-3.0606285456187905,1.721290627711858e-21,1.8173328822029104e-20
MTMR8,1.3308340088763209,1.796069479389668e-21,1.892450914706083e-20
PLIN5,-2.3098919798908124,1.7968838103815244e-21,1.892450914706083e-20
SMOC2,-1.4799480263933074,1.8202679622708806e-21,1.9158939059006858e-20
C1orf173,-2.154412544676172,1.8238734177475376e-21,1.9185030453514865e-20
VLDLR,1.191560893130669,1.8263425533241746e-21,1.9199144248833762e-20
FAM110B,-1.544933541494835,1.8380645511398535e-21,1.9310294634154752e-20
MUM1L1,-2.381577534268096,1.883799056976473e-21,1.976654216901376e-20
ANKRD45,1.8508879384156156,1.8982363577906092e-21,1.9905766732250047e-20
FOXN1,-1.5891829032638156,2.0116976332199854e-21,2.1056675288098558e-20
LOC400043,-1.1041722634617646,2.0331781139013185e-21,2.1268441818021778e-20
CACNG4,-3.186237363025805,2.124208365112887e-21,2.2179808987046268e-20
UBE2S,1.0179257688229058,2.135510240768996e-21,2.228415404429902e-20
TMEM229B,-1.3204394721338515,2.1607606290812226e-21,2.2520044989751053e-20
DPY19L2P4,-1.721312395428302,2.16369512065605e-21,2.2536836639004606e-20
GLS,1.029744542633832,2.2438063192390902e-21,2.3356981428265103e-20
SOX6,2.4986095479360593,2.2483672763606625e-21,2.3390161708260283e-20
ABCA3,-1.1335444405168698,2.2743565622148162e-21,2.3646088067471503e-20
MKRN3,2.588985338360632,2.3351263906112674e-21,2.424829416592066e-20
CRAT,-1.6375902164094107,2.375678244910915e-21,2.4654357410623326e-20
SIGIRR,-1.0141245355641946,2.4541616212180737e-21,2.5453332770611322e-20
SH2B2,1.219107572365579,2.4628433189526976e-21,2.5527828193405017e-20
ENTPD8,-2.2158949255724445,2.4686229955052817e-21,2.557217129772199e-20
CYP4F22,-2.479734256313578,2.5108692667069315e-21,2.599398395867419e-20
ITGB8,1.684191673539921,2.5618136069208062e-21,2.6489183804408822e-20
TMEM84,-2.0000789442677043,2.5737516195991505e-21,2.6580345713628582e-20
LASS4,-1.3759669887278587,2.777168255495497e-21,2.8646381218103154e-20
C1orf130,2.577276308864537,2.790200281630206e-21,2.8763384259178215e-20
LRRC6,-1.3935999842896978,2.845878128867308e-21,2.9319603469213705e-20
RCAN1,1.1985705667491455,2.8837943391818012e-21,2.9692271823619153e-20
FAM184B,-2.1714072935077176,2.9232672902748543e-21,3.0080508733160586e-20
MORN1,-1.2465842818428179,3.0391498485628032e-21,3.1159977074668596e-20
CD82,1.0746406582616554,3.119188697234945e-21,3.19613619217275e-20
FLJ42289,-1.2650523545815173,3.137089197042547e-21,3.2106126941857663e-20
PLAT,-1.5166594202898551,3.157298203998591e-21,3.227418272154622e-20
LIPG,1.909480817721219,3.3137338240578654e-21,3.381239486141728e-20
FANK1,-1.4138584383959794,3.364317743803492e-21,3.4307982740702677e-20
KIAA1244,-1.7943160323632235,3.465884981930677e-21,3.5322574052830296e-20
C3orf52,-1.2987931542358906,3.545882163622075e-21,3.605156611730384e-20
PLA2G4F,-2.363780542790935,3.543773711190774e-21,3.605156611730384e-20
OSBPL3,1.0329554573661657,3.6238383480533614e-21,3.680021888333258e-20
NBEA,-1.8498728879462707,3.716482717819065e-21,3.7696069496401833e-20
CCDC11,-1.1573808177212213,3.837017639504274e-21,3.8895482381403445e-20
POLR3G,1.2544948156003288,3.86675718326322e-21,3.91736316662538e-20
MPP2,-1.6567580692038808,3.883521878608567e-21,3.9296718712242366e-20
EPHB3,1.502837822552138,3.888571667171093e-21,3.932445100470529e-20
LYN,1.2030536860296124,4.0550611678359724e-21,4.093520550577748e-20
SFXN5,-1.0228742861631526,4.127058125427391e-21,4.163732220143867e-20
CLGN,-2.6287975020619774,4.171824453224729e-21,4.206404407247906e-20
TPSAB1,-2.208894646714583,4.216107756219356e-21,4.24853935434412e-20
CLIC6,-2.3082926829268287,4.246255037079937e-21,4.2763881301875414e-20
MYLK4,1.1788898943482202,4.2736708653217065e-21,4.3014547775667056e-20
EDARADD,-1.3824154392993213,4.313176722550298e-21,4.338653253693537e-20
OGFRL1,1.2818147873217836,4.694357178583202e-21,4.7137324735419775e-20
TANC2,-1.1740988099446223,4.822459804432788e-21,4.839510339981755e-20
CECR7,1.7485195357605745,5.0070611186770064e-21,5.0218051149039706e-20
TMEM150C,-1.5462420054200559,5.3303290551868035e-21,5.336596343905424e-20
HSD17B2,2.500457735359962,5.4708598183393514e-21,5.474074189560467e-20
PART1,2.3948348375947526,5.843596586217975e-21,5.833320625046431e-20
CYP4Z1,-3.5621092062369915,6.132117952772572e-21,6.103446448609987e-20
CENPF,1.1169302501865612,6.6063938902238886e-21,6.567827667864147e-20
IGF2BP3,2.3360719256902702,7.165415624106969e-21,7.102853788040843e-20
SEMA3B,-2.1416079219198005,7.182074679946677e-21,7.115225817306102e-20
PGBD5,2.179927233808569,7.356846556278379e-21,7.284133537989581e-20
GALNT5,-1.8016809591139387,7.489204374152356e-21,7.406570876412e-20
IRS1,-1.5680059110011406,7.790000064814048e-21,7.699576384433154e-20
TROAP,1.1117902242645616,7.92911145945889e-21,7.82345122564223e-20
COL11A2,2.7420205687129324,8.475008227425745e-21,8.3475644946825e-20
CTSC,1.1369334118848435,8.735323334556438e-21,8.589062147084073e-20
FBN3,3.2871668669730174,9.136390893035276e-21,8.978230635221625e-20
BACE2,1.164734696202034,9.253533694362695e-21,9.088101431084009e-20
RPS2P32,1.335645516672558,9.400309354449618e-21,9.221616837919182e-20
SOX8,3.204449255724443,9.519687424357956e-21,9.333349270973862e-20
CNTNAP3,2.07488456855583,9.560826211643195e-21,9.368289435229206e-20
SLC23A1,-1.8210462157809992,9.584849117049264e-21,9.386427858731971e-20
SMO,1.3881839401437492,9.66366059603856e-21,9.458168962674521e-20
WWTR1,1.127871788225125,9.846052720808047e-21,9.620096261351752e-20
ZSWIM5,-1.6348891913122054,1.014964825671752e-20,9.899685556237077e-20
FAM49A,1.1262152429205452,1.0302008734832436e-20,1.0042542000812614e-19
C1orf150,-1.2660659479203487,1.0591878365494122e-20,1.0309756843962124e-19
DMD,1.5750310789049902,1.0721407360675547e-20,1.0427502418749547e-19
HSPB8,-1.756077754212325,1.0808304899358523e-20,1.0506017833109341e-19
FOLH1,1.5542115156513878,1.1048126850551338e-20,1.0733006290067843e-19
KIF20A,1.1527021955147063,1.1299806709497936e-20,1.0971249045766808e-19
TYMS,1.1545062762656606,1.1388915551593214e-20,1.1045172656243304e-19
CRABP1,3.7950489140253705,1.2121852836505148e-20,1.1722609528999584e-19
SULT1A1,-1.1616537920741532,1.2652359554724523e-20,1.2201001314663569e-19
DNAI1,-1.6720941439849182,1.2647303581685377e-20,1.2201001314663569e-19
NMU,2.5982810180275724,1.2970850372614991e-20,1.2501051604167136e-19
HDC,-1.6662758336279015,1.3331993766234332e-20,1.2841846936593364e-19
PRTG,-1.68641655080319,1.3399238187439777e-20,1.2892035385994317e-19
GPR12,3.0309692353010487,1.375678638694986e-20,1.3206204744631122e-19
CTTNBP2,-1.7261372884018682,1.510090798256784e-20,1.44557876865166e-19
LOC113230,-1.5623605043006936,1.6800713680573348e-20,1.6010976719651042e-19
TOX3,-3.093356718117904,1.6933048778332194e-20,1.6119050905254178e-19
METRN,-2.0114940183025007,1.7069317869305172e-20,1.6230624417323678e-19
SLC6A4,-2.1644968186638383,1.7230310689750755e-20,1.637456423250309e-19
HMP19,-1.5069756647421548,1.724908649645586e-20,1.6383265088379439e-19
TMEM38A,1.3651439260044773,1.7827421587000377e-20,1.6923132086210503e-19
CCL18,2.3653845017870463,1.7996783295928873e-20,1.7074385489118034e-19
DHDPSL,-1.5259563175052038,1.8630973849358306e-20,1.7656398700866553e-19
GCM1,-1.2025495188720001,1.9255017482202324e-20,1.8197166910205638e-19
PRICKLE2,-1.2413977180786322,2.0056398433324205e-20,1.8923017469224999e-19
SLC22A4,-1.1367749499234128,2.0106925218701996e-20,1.896018474388123e-19
CHRM1,2.4293646753858837,2.1027336985753748e-20,1.9795221054029095e-19
NCRNA00162,1.9193393346687087,2.1381860808585216e-20,2.010674155550559e-19
TMEM205,-1.0139126467931376,2.1458788409689066e-20,2.0167945177538896e-19
SREBF1,-1.094006527630496,2.1891796388000075e-20,2.0563557224911266e-19
MAN1C1,-1.2224880366050028,2.1969597687833427e-20,2.0625261776394888e-19
TFCP2L1,2.081098896351282,2.222932284345738e-20,2.0857596034384528e-19
XK,1.6993385845017883,2.2317142538534582e-20,2.092846571757951e-19
RANBP3L,-2.182323581163348,2.249903655543349e-20,2.1087429418768976e-19
GPRC5C,-1.8737469580927693,2.254956517344244e-20,2.1123162535958458e-19
TMPRSS13,1.2016584815993063,2.3218333763075233e-20,2.1725726592591825e-19
RHOH,-1.6094320922194747,2.3368902909105532e-20,2.1854608266999846e-19
LCN2,3.00407153293272,2.363814867347632e-20,2.208215424625901e-19
SIGLECP3,-1.2276309453674252,2.4032475871014507e-20,2.2413639873131276e-19
TTLL9,-1.1012904010054592,2.495896100000194e-20,2.3226836384154814e-19
KAL1,-1.5537950512548626,2.4983401023671055e-20,2.3236882546866087e-19
NTN4,-1.7685088881033746,2.5187331299532758e-20,2.3413769215668277e-19
LYPD6B,-2.1378286752287803,2.6386747236190224e-20,2.4448656443542954e-19
C11orf35,-1.265911272141707,2.6437343222979602e-20,2.4482216154831027e-19
LPPR3,-2.8855251836141553,2.6916976562725643e-20,2.4899299883933604e-19
C7orf61,1.4610920427320215,2.7032118558923906e-20,2.49922355623493e-19
IL1R2,1.900078626134087,2.773751759730962e-20,2.561659027560645e-19
SFXN2,-1.0831604296767603,2.8004053154131035e-20,2.5848727653921494e-19
HSD17B4,-1.007517501276464,2.863968148445431e-20,2.6406809728221814e-19
GNA14,-1.523974777110089,2.8746941328091626e-20,2.64913642217208e-19
EPHB1,1.996004108243981,2.979123394182341e-20,2.7424038596175815e-19
KRT23,2.629478178390479,2.985825537701404e-20,2.747088541710152e-19
PLCB4,1.2956583480617399,3.060865155346094e-20,2.8130886991658923e-19
GJA1,-1.308771587918777,3.10046505658623e-20,2.8479460579106525e-19
DPF3,1.6212354110207765,3.363101008373749e-20,3.085862617058456e-19
ANKS1B,-1.3637028671301206,3.377645855638226e-20,3.097539521891168e-19
H2BFXP,1.4575863830957154,3.44809652974883e-20,3.1587457720076693e-19
C21orf15,-1.7679237696869723,3.480667334596259e-20,3.186869070331951e-19
BCL2L14,2.1440955736224026,3.558186388827241e-20,3.256094261242768e-19
FRMPD2,-1.2682141314166766,3.899585153645417e-20,3.5627647621556574e-19
CABP4,-1.3409171595773928,3.947557068875975e-20,3.6007979048183104e-19
OMD,-1.8595203252032526,4.059432498516917e-20,3.6969056390236953e-19
AQP11,-1.0231315855622336,4.082174803366401e-20,3.715629978692133e-19
OTX1,1.8232996897215354,4.105841606204178e-20,3.733181129399741e-19
SLC35F2,1.1692214052865193,4.128333555675565e-20,3.749627757501593e-19
KIF4A,1.0791631082832573,4.166563906151294e-20,3.781382180209893e-19
EPHA3,-1.4538877106162378,4.200536930704618e-20,3.80911309530882e-19
C2orf55,-1.2819110404147533,4.2912405912667215e-20,3.887224854748525e-19
SLC5A6,1.1587503554455818,4.333138690919168e-20,3.9230915420708896e-19
AGAP11,-1.2954301441420215,4.3485236760846695e-20,3.934928703704672e-19
C1QTNF3,-1.6317505361140565,4.411794696149043e-20,3.990061799013181e-19
SCUBE1,-2.0991193472369503,4.5965682844782015e-20,4.152761691494099e-19
RUNX3,1.4135555005694975,4.608359173234275e-20,4.161206612946962e-19
ADRA2A,-1.7088179725855257,4.626539576704465e-20,4.1754090615409134e-19
CBFA2T3,-1.5381828168571516,4.757987389920289e-20,4.2894931313045277e-19
SLCO5A1,2.016169502376183,4.8877954457471635e-20,4.404188171485407e-19
ITGB5,-1.0723523467263654,5.0238621628802915e-20,4.522007010245843e-19
DEFB1,2.727828357095165,5.0340001415666716e-20,4.528738637658765e-19
CCDC19,-1.4270231805506466,5.0645460329190866e-20,4.551409970480846e-19
TMEM158,1.9415494913789715,5.2022903976622765e-20,4.667808507491495e-19
RHBDL1,-1.551943277954519,5.859048694781882e-20,5.240525171855853e-19
MET,1.6822998114763763,6.189253608765783e-20,5.530062379710455e-19
PCDH8,2.3377774910647657,6.205423758705388e-20,5.541602863699673e-19
FAM72D,1.3397282589057768,6.354373715985191e-20,5.671644883816971e-19
DGKG,1.1708231923333723,6.496849400867301e-20,5.795775028641704e-19
MUC15,2.701623954283023,6.579461149107283e-20,5.865089662951793e-19
CYP7B1,1.2948679784768862,6.903990659814531e-20,6.142892420932156e-19
LOC389333,-1.0254939672440209,6.935348246253872e-20,6.164351807604564e-19
AQP5,3.6594970661010966,6.953357971883188e-20,6.177135433550896e-19
C9orf47,-1.1588233887121486,7.14301170146156e-20,6.335702566452623e-19
LOC285629,1.8496864537920743,7.578126483010057e-20,6.707666008610253e-19
CCDC78,-1.6791009308353946,7.634143089700377e-20,6.753738016498568e-19
LIMD2,1.0444428655590903,8.171511148141803e-20,7.217885625148076e-19
MMEL1,-1.7081941282746165,9.626956911845936e-20,8.477098045953273e-19
PLA2G4A,1.9173284160087984,9.664872992078311e-20,8.501693546234175e-19
SORCS1,-2.580018212167629,1.0173152323211479e-19,8.930349694035643e-19
TNFRSF13C,1.318671831428459,1.0573536006236221e-19,9.27226149259541e-19
CPE,-1.2534977809198384,1.123512761774503e-19,9.827130114545344e-19
OVGP1,-1.1252713444090965,1.1633551847056638e-19,1.015476104333032e-18
RAB31,-1.0588827029574652,1.1649097721792273e-19,1.0163121629207091e-18
IFFO2,1.0301858057421143,1.179380714336375e-19,1.027884010498898e-18
OLFM2,1.4444436235811606,1.187166449464457e-19,1.0336116888742179e-18
KRT17,2.9278722281135874,1.2219399191041166e-19,1.062800654869413e-18
CYB5R2,1.456175366246418,1.2665299046497733e-19,1.099337628755639e-18
TPSB2,-2.1634950983857655,1.2771610268779053e-19,1.1074364708620534e-18
PIP,-4.12424772004242,1.2883299571963123e-19,1.1165526295701373e-18
LOC100130872,-1.313837539766701,1.3507082004344993e-19,1.1676426727613971e-18
SRCIN1,-1.6596222693531262,1.3878599869167985e-19,1.197934900009786e-18
GYLTL1B,1.6026517340245876,1.4103867390807978e-19,1.2161461350149867e-18
RGS20,1.778755469148895,1.456253498849119e-19,1.2525251053232573e-18
C11orf90,1.5115915007266016,1.522541485667016e-19,1.3075583207720264e-18
NRG2,1.9939194061505838,1.5561711616328249e-19,1.3357658710991436e-18
CYP4F8,-2.3772828286398804,1.5744460690863417e-19,1.3494120058651433e-18
TGM1,1.8663204744511215,1.5805920085108914e-19,1.3539980837495211e-18
SLC24A2,-1.6228775735438514,1.6227887640395662e-19,1.3887483744519503e-18
SIGLEC15,-1.6438129099406935,1.634546997781751e-19,1.3981082557620903e-18
C1orf21,-1.2449401358941135,1.6787663916570977e-19,1.4337708951815633e-18
NAV3,-1.582208318604926,1.6906791555923242e-19,1.443221354372796e-18
SOSTDC1,2.856300726601469,1.8054726908047133e-19,1.5404408779761657e-18
FSTL4,-2.1609345508817417,1.911084122221892e-19,1.6240400499719971e-18
UNC13D,1.3578493931895848,1.942004034536199e-19,1.6494927036484524e-18
S100A9,2.8061337064530054,2.0599979197941784e-19,1.7462301928369766e-18
CTRL,1.0190165822237942,2.0670220540306176e-19,1.7504418488384593e-18
CENPE,1.0480727583362786,2.0750674019769047e-19,1.7555090837390306e-18
WNT10A,1.7891424806566896,2.127943459123878e-19,1.799348416528284e-18
RASD2,1.7859306861474389,2.207701154960585e-19,1.8625432815242607e-18
SOX10,4.296229833863559,2.2904076902052514e-19,1.928525275164078e-18
FANCB,1.002306507992616,2.305294138308606e-19,1.938723909896077e-18
FIGN,1.7896167393268136,2.421508259916753e-19,2.0334460387762477e-18
PALM2,1.551318809159107,2.473451704759134e-19,2.0750188439432537e-18
FAAH2,-1.1566261065943975,2.5764648138993256e-19,2.1550685550444754e-18
PHF15,-1.0743158438395977,2.5782276699101803e-19,2.1554843995370824e-18
LOC284578,2.2641070774910643,2.635449447432868e-19,2.2022425951806548e-18
CCDC129,2.616706562978674,2.652683073236493e-19,2.215556289221063e-18
C4orf7,4.49598031891913,2.7357875032709075e-19,2.281609264481075e-18
ZNF671,-1.155703904010057,2.7886258314267917e-19,2.324537342594139e-18
LOC100190939,1.0279928361022739,2.8694457653723097e-19,2.389567793852833e-18
EDA2R,-1.1855897136797449,2.898790996840656e-19,2.4128255462461573e-18
IQGAP2,-1.3260620124896914,2.913082004209874e-19,2.4226381317158693e-18
LCT,2.5859772593378105,2.913425069732296e-19,2.4226381317158693e-18
ID4,1.9905984564628234,2.9227605203045706e-19,2.429214819950553e-18
KIAA1609,1.0354979812261895,2.9285608808669746e-19,2.4328483805446136e-18
CDC25B,1.0266941793330986,2.969154975514974e-19,2.4653685632871773e-18
NRK,-1.9631738894780257,2.9952993950504897e-19,2.4834444351367984e-18
KLKP1,-1.1356211185735046,2.9973634877911524e-19,2.4839464816098943e-18
GNMT,-1.7047054475472292,3.011477007085187e-19,2.494428668806456e-18
SLC16A12,-1.1076364086249557,3.1401465318747734e-19,2.5946965277936627e-18
EFCAB4B,-1.528561851459095,3.2222359003729394e-19,2.6599455832938032e-18
SLC28A1,1.962169302069832,3.7868271897514387e-19,3.1094342835808585e-18
KCNK12,1.3987182592985352,3.8175966065206087e-19,3.131679682516665e-18
ACBD7,1.7363742468873982,3.8236640777180876e-19,3.1351468099922497e-18
S100A8,3.010851058481597,3.9154931814690594e-19,3.2073520385001484e-18
CATSPERG,-1.271927410549468,3.96210184981031e-19,3.2439708895321914e-18
SLC16A1,1.373105895290836,4.384021384827535e-19,3.572243262373824e-18
GZMB,2.090900828718433,4.489896112215759e-19,3.656763787232634e-18
SPATA17,-1.2759321864812847,4.6028857895351675e-19,3.745205207634204e-18
CXADR,1.4317484309335837,5.013771207539458e-19,4.071746478988887e-18
LOC100128239,-1.355497207493814,5.3448576618437775e-19,4.336490041981874e-18
IL20RB,1.1968302187659572,5.677629406734189e-19,4.599906222487309e-18
PPYR1,1.5939614194257885,5.753691929494577e-19,4.659314006623521e-18
AADAT,1.6404147755390595,6.310922673001071e-19,5.103276976315682e-18
ANXA8,2.74174329366482,6.698124190485719e-19,5.403555422262994e-18
STON2,-1.6946908566042191,6.764144348918141e-19,5.454231925287687e-18
IQGAP3,1.148565818310356,6.826093052541234e-19,5.498976569762404e-18
PALM,-1.7674814696987529,7.08232655145439e-19,5.6973085106881564e-18
RRAGD,1.229953151879342,7.278817203794198e-19,5.852608922597507e-18
TTC25,-1.1743632575311254,7.424113999048989e-19,5.963804783198315e-18
ANXA3,1.5519211853422892,7.627270644475813e-19,6.121226158125499e-18
TLE6,-1.7462685833235145,7.6996235853011e-19,6.176381990469983e-18
FSCN2,-1.150995667884216,7.811470861243366e-19,6.2572600548906174e-18
PDGFD,-1.067850940654334,7.818210965436274e-19,6.259714750417477e-18
B3GNT3,2.3043204940889987,7.868364544685507e-19,6.2969101595861926e-18
ARNTL2,1.6837809394760619,7.949322777991152e-19,6.35572614597133e-18
RASSF4,1.2060659518479255,7.983764022068156e-19,6.380267540864416e-18
GBP1,1.4437165665134906,8.156125066768217e-19,6.51495355943071e-18
RYR1,1.8438384941675512,8.891475592074615e-19,7.082405487980856e-18
LRG1,-2.828845123915009,9.469965610061061e-19,7.536145529875695e-18
GLOD5,-1.1221427084560704,9.540007824613993e-19,7.588338778756483e-18
ZCCHC24,-1.0268135815561035,9.747988214130446e-19,7.750151227200817e-18
DNER,2.7280354267310787,9.850034090620022e-19,7.827628584379792e-18
CYP4X1,-2.5157985860728163,1.0011105654844969e-18,7.95191834431016e-18
DUSP4,-1.5796517104591334,1.0084768310875084e-18,8.002963855275055e-18
ADAMTS3,1.4452271238364567,1.0380315858225936e-18,8.22600181784959e-18
FAM135B,-1.8756756765248817,1.0520712026576113e-18,8.329508405978206e-18
LOC100132215,1.293722430383724,1.053324185534806e-18,8.335553382740587e-18
SEPT3,1.752179985075215,1.1265876727713365e-18,8.890981866366404e-18
C9orf172,-1.106041062801932,1.1438646146588242e-18,9.010182417964743e-18
PKDREJ,1.110533062330623,1.1568367267378205e-18,9.103941523264826e-18
HOXD8,-1.0875099603314888,1.1637010208078903e-18,9.153731355361835e-18
SLC38A11,-1.0912681748556616,1.198097973256735e-18,9.419948515495011e-18
CELF4,1.9242225325006883,1.2882445641164395e-18,1.0109124176926328e-17
MPP7,-1.6290031695534344,1.5253142233338909e-18,1.1921111162632476e-17
AGPAT4,1.0451675464435795,1.531454949935415e-18,1.1963613668532164e-17
CCKBR,2.997806657240485,1.5631674282226191e-18,1.2188984112926374e-17
TLX1,3.1154048348454504,1.7069090784110038e-18,1.3261250732362863e-17
KLHDC9,-1.9291683201759549,1.72684018319293e-18,1.3409980993969721e-17
SIRPA,1.0599645418483163,1.7701944880012396e-18,1.3740388391367872e-17
C9orf171,-1.0483264168728645,1.799309352760417e-18,1.395366041780961e-17
NCRNA00087,1.2479855465221332,1.9698661678947786e-18,1.5255489240221955e-17
MURC,1.0720120105259023,1.976509495604256e-18,1.529998032279113e-17
NBPF22P,-1.1180784768862182,1.9823014476807074e-18,1.5337843550205565e-17
PRRT2,-1.3013067279368453,2.068548774499727e-18,1.5990642591797707e-17
LDHD,-1.8000243077648186,2.209466726620863e-18,1.704903414334087e-17
KHDRBS3,1.547957633242997,2.2396761671995044e-18,1.726649394631397e-17
CHRDL2,2.6097783237107737,2.2474596601184906e-18,1.731865973385425e-17
FOXL1,1.5615885314795168,2.2711907659625243e-18,1.7493613181520483e-17
NPDC1,-1.2612239307175699,2.384587729434296e-18,1.8309075307604174e-17
SLC22A23,-1.0795144456227188,2.4478970243863316e-18,1.8752895333018096e-17
KLK8,3.190523820745454,2.5269263681535317e-18,1.9332235422126976e-17
LMBRD2,-1.0313517772279175,2.5613666789193593e-18,1.9578130404845912e-17
RND3,1.0357831074977426,2.577433837787512e-18,1.9692103300817106e-17
TRPM8,2.5652505714622365,2.5860114997697147e-18,1.974877840407096e-17
RIMS3,1.247102348690154,2.6820364060887327e-18,2.044542524426639e-17
C6orf223,2.138024186009976,2.7727273306575744e-18,2.1117865134659433e-17
OGN,-2.434145559875888,2.7925539821401473e-18,2.125936268030698e-17
ProSAPiP1,1.3819920427320227,2.810696356533534e-18,2.1378364873499812e-17
EBF4,-1.3837613251639764,3.083317259584783e-18,2.3378848143690495e-17
FBXL16,-1.8083215466792328,3.1900586045872943e-18,2.4155935098319977e-17
SH3GL3,2.0328575429087623,3.4048973560710567e-18,2.5725555445381586e-17
TIMP3,-1.1833352067868486,3.4310381300838462e-18,2.5888604056414667e-17
PABPC4L,1.157111763088646,3.457686047335132e-18,2.607811930297489e-17
KLK10,3.2833311456737757,3.662097699788206e-18,2.758315958752461e-17
IL27RA,1.3066244923608696,3.679885225251959e-18,2.770488301770153e-17
MKI67,1.0859441577314328,3.688326200635037e-18,2.775616226107586e-17
FZD7,1.1499407878716497,3.973961433596096e-18,2.983975450358973e-17
PPP1R14D,-1.0512321432779548,4.0577002204712475e-18,3.0414892057493545e-17
C10orf90,2.5067704881976356,4.134229888212234e-18,3.0974894411022595e-17
PRSS3,2.1014734417344174,4.258279097748502e-18,3.184826220230874e-17
ETNK2,-1.4421363418561732,4.31374777392331e-18,3.2234806752924076e-17
EPN3,-1.1739201013314489,4.487660628695191e-18,3.3490298206257275e-17
ZNF667,1.352213644397315,4.603758311753113e-18,3.43266217378089e-17
CHST8,-2.4684156003299162,4.676716038333169e-18,3.480964778532074e-17
C9orf68,-1.4419312045874086,4.6846539390588075e-18,3.48447884563493e-17
SCN2B,-1.4972923019520057,4.741418545422053e-18,3.5245027424067024e-17
LOC100190938,-1.5961325242527797,4.915260036445206e-18,3.648948492618215e-17
SIX3,2.727490063233967,5.016305469820011e-18,3.720717863721028e-17
RAD51AP2,1.246049004359609,5.090980432000671e-18,3.771178632317156e-17
KIRREL3,1.7692327991830648,5.347472321098311e-18,3.9577337517733266e-17
SYNM,1.890901331448097,5.438077369832241e-18,4.0212964658377363e-17
HSPA12A,-1.0922697262479888,5.538881735768382e-18,4.09406058854755e-17
RAB11FIP1,-1.0447966458505196,5.54578084136097e-18,4.097381680189905e-17
CEACAM19,1.5381435528848035,5.605983748969567e-18,4.140065188419416e-17
LOC645323,2.1062917245984054,5.6573738052529885e-18,4.1762061509951625e-17
MYOZ3,-1.3340433015199715,5.671113437259153e-18,4.1845347416171306e-17
LOC157381,1.7473278347276224,5.843103792058131e-18,4.3077081202922067e-17
IL32,1.3716174777110126,6.0749348579623775e-18,4.4728119598400035e-17
NDRG1,1.3400236950630386,6.188581981154746e-18,4.5525508051432106e-17
NEURL,-2.4855214563449994,6.201022567133983e-18,4.5597329152975706e-17
C11orf9,1.4012199128078215,6.2404309016138255e-18,4.584751434619648e-17
UGT2B7,2.2806573072542315,6.410995480944388e-18,4.7060022862277126e-17
LOC100130522,-1.3791120969325639,6.502230007241964e-18,4.7696140892234306e-17
C9orf150,-1.3800925101135064,6.74539159783279e-18,4.9429440151072464e-17
SLC6A17,2.034021637013471,6.788792453558555e-18,4.972607977810847e-17
MT1H,1.8573998193315262,6.93911114247924e-18,5.0783439087417903e-17
KLK7,3.262644271631122,7.001615676169842e-18,5.121886381665482e-17
COL4A3,1.6603629079769058,7.205613493622611e-18,5.266592180102707e-17
KCNMA1,-1.6220446683162502,7.255166185172025e-18,5.2937223707574806e-17
BCL2A1,1.6568533207650908,8.439618002787443e-18,6.138327402031215e-17
ZBTB16,-1.881422182946468,8.567278950868134e-18,6.227091785458145e-17
TRPM6,1.8994523427987904,8.788022900863318e-18,6.376652322185867e-17
C6orf15,2.7120100703036014,8.924023229755276e-18,6.472577325499675e-17
PPM1J,-1.1679629747456897,9.028718807522898e-18,6.545725044364195e-17
ZNF883,1.693893503790112,9.438341432299064e-18,6.831064793542415e-17
SLC6A16,1.372467165468756,9.802207952037389e-18,7.085382063802917e-17
LYPD5,1.4556642433525777,1.0467706211679865e-17,7.552804324035351e-17
LOC283174,-1.9627547621853023,1.0555248249628079e-17,7.610325050430406e-17
FMN1,-1.3962522485369782,1.0587033443805851e-17,7.630011830216405e-17
SERP2,-1.3133343466478147,1.1119680228909231e-17,8.000344499295487e-17
SYT8,2.6937438121047883,1.1227229557493545e-17,8.070904152136557e-17
STX19,1.9110386512705713,1.1284460051289744e-17,8.108622560061787e-17
MAP7D3,1.152601853815641,1.132311447662847e-17,8.129537923144302e-17
B3GNT7,1.602595553984525,1.210680043360687e-17,8.681213110918947e-17
GSC,-1.2291920584423228,1.2575079687960651e-17,9.005618464506723e-17
FASN,-1.1454490475629377,1.2666578674838754e-17,9.06352247195395e-17
PRR15L,-1.463578987471033,1.2674887387886396e-17,9.065658639886826e-17
BCL11B,1.4547032559600943,1.3332038024816642e-17,9.511713764668094e-17
HSD17B8,-1.3097658968618662,1.3667995298588896e-17,9.739161503555184e-17
TCEA3,-1.1443226110521962,1.4115127170132162e-17,1.0040961391284491e-16
CDK15,-1.053220835788068,1.5025564982377708e-17,1.0666334791575338e-16
TMOD1,1.185039197203567,1.5176912771900003e-17,1.0764799021468432e-16
ALCAM,-1.5278872589450554,1.6453646183539903e-17,1.1626788153762842e-16
GLYATL2,2.482189415184007,1.7044969289068483e-17,1.203964442110478e-16
ASPN,-1.6238376183182162,1.709591738834361e-17,1.2070624922201145e-16
FAM176B,-1.0966615254703251,1.7180554953093725e-17,1.2125356438093085e-16
CCDC151,-1.4196800282785436,1.747254779922359e-17,1.2326325145848288e-16
TSPYL5,1.5417926043753205,1.9100216981119457e-17,1.3457869060341925e-16
SLC2A12,1.285314645929069,1.969977292383865e-17,1.3842258188662672e-16
MYCBPAP,-1.1722994226464007,2.035673339217157e-17,1.4260599328205752e-16
OXGR1,2.2270656690624877,2.0677547399231474e-17,1.4479384548063816e-16
PDZK1IP1,1.7844953144024194,2.0745801730541997e-17,1.4521208527378965e-16
ENPP5,-1.290227842582775,2.0998059188339767e-17,1.4691739851167881e-16
LOC121838,2.1059238089627277,2.14538625457463e-17,1.4992173949694684e-16
AMPH,-1.5626070578531888,2.2955659122125142e-17,1.6015357429323688e-16
CORO2A,-1.0141228663446054,2.325814258538375e-17,1.6213105535369842e-16
LOC286467,1.8388289933623971,2.3728877064429497e-17,1.6527720916451303e-16
LPPR5,-1.0890774439338597,2.382560187178373e-17,1.6588307435669538e-16
PRR11,1.2639826283335305,2.4433944437763008e-17,1.6991019753985466e-16
HOXC5,-1.0319240956757398,2.491027260628957e-17,1.7315181325922915e-16
PNPLA7,-1.3274764266918035,2.5108714662408892e-17,1.7438882981273389e-16
NBPF6,-2.0917579827972195,2.5163225089060415e-17,1.7469617744260044e-16
PRSS16,1.6510681591453595,2.5185243517865404e-17,1.7477779018306758e-16
ARHGEF38,-1.5743264325831672,2.6355188500070797e-17,1.824507561610592e-16
CDCA7L,1.0473378421900161,2.7262060453635863e-17,1.8849894012400275e-16
CARD9,1.2108544715447147,2.883875973784329e-17,1.9875519155624088e-16
TEKT1,-1.024046498566435,2.932086717680609e-17,2.0191442297654982e-16
AK7,-1.3497717136011946,2.97132581888589e-17,2.0453386699929954e-16
CDKN2A,2.114353811712033,3.062183261439897e-17,2.105328257663361e-16
PHYHD1,-2.0436282785436557,3.1014995395853704e-17,2.1289212881555363e-16
PEX11G,-1.0346085189112761,3.1867049901052e-17,2.183008285659355e-16
ULBP2,1.577405337575116,3.202612287447903e-17,2.1921417707089142e-16
RNF222,1.6994127606928244,3.368575037367908e-17,2.3020398429524665e-16
RIPK3,-1.1496350771768604,3.379712634392967e-17,2.3087246756402823e-16
ACTR3B,1.1158199913593307,3.435831710599191e-17,2.3433005218864325e-16
LOC388588,-1.158925941636228,3.447840621497445e-17,2.3486690313640597e-16
GPX7,1.1124598130474057,3.4597578088042775e-17,2.35584468148488e-16
GPR97,1.316682439809905,3.5603205622164394e-17,2.421416101219887e-16
COL27A1,1.4217661050233694,3.6964537260296673e-17,2.510993496381541e-16
ADORA2B,1.3149279014964055,3.749640361152005e-17,2.5440786992198665e-16
DLX6,2.5596670397863406,3.790770787279723e-17,2.57096083263137e-16
TNIP3,1.784610305958132,4.075883553505718e-17,2.759932282950393e-16
NCRNA00110,-1.015234405561447,4.28340731045348e-17,2.895848610441555e-16
ITGBL1,-1.233969003574094,4.606623920208092e-17,3.111892318966434e-16
KIAA1324,-1.8782266918031478,4.74422346728733e-17,3.2023038306739285e-16
UNC5A,-2.0161489768665786,4.8252825811625796e-17,3.2544381131563853e-16
SEC14L4,2.0373276619143,4.9576546652035154e-17,3.3410707933682574e-16
VSNL1,1.7983920977180787,4.970863262474508e-17,3.3486472056938636e-16
SSPO,-1.2750020030635083,5.038174206326035e-17,3.3926495347462385e-16
CENPI,1.0518250265111364,5.1336499039848846e-17,3.452845887237859e-16
CD79B,1.3757728329602124,5.210321978136685e-17,3.5016489063799423e-16
S100A3,1.080400542005421,5.265905172800379e-17,3.537608090445383e-16
PRG2,1.5253973213935037,5.3769282404044034e-17,3.609345208280922e-16
CCNO,-1.8542787046855969,5.4827515233452704e-17,3.6789305926938517e-16
PEX5L,-1.2344294882369118,5.751665330719018e-17,3.854815449907315e-16
NEIL3,1.0450056635638827,5.933995657770149e-17,3.970764088480379e-16
C14orf132,-1.651135226424727,6.216519493658745e-17,4.1500324177580725e-16
C2orf81,-1.1225763127921136,6.409783759401407e-17,4.277375290854465e-16
C2orf88,1.5599229527512675,6.481180540193157e-17,4.321632913057536e-16
C3orf15,-1.8436536035505284,6.503731509607696e-17,4.334972509143603e-16
C5orf46,1.7743563685636863,6.53858029657025e-17,4.3564954010403505e-16
MDFI,1.645778429755313,6.557545472642671e-17,4.367422737548091e-16
AMIGO2,-1.2794790346019393,7.071001159101131e-17,4.691045957907763e-16
STYK1,1.1541697851616188,7.250760837271655e-17,4.8065573008461e-16
NBPF4,-2.2132834491968114,7.534728491226844e-17,4.981227725372405e-16
KIF1A,3.437884266132516,7.923101491848621e-17,5.227834885942737e-16
MCART6,1.2536620949687762,8.237874877667654e-17,5.433424057578626e-16
KISS1R,-1.5444585522956682,8.388316330196184e-17,5.530508211507589e-16
STEAP2,-1.2138166214995483,8.431905570438796e-17,5.55709566039368e-16
SLC22A18,-1.1216249754526544,8.898101180181939e-17,5.848501084465396e-16
CAB39L,-1.0604223557597905,9.127256868855743e-17,5.992181359931122e-16
ZC3H12C,1.0583367778170532,9.779016903486505e-17,6.4027934589148475e-16
MS4A15,-1.977006017045678,9.778420673128948e-17,6.4027934589148475e-16
SULT2B1,-1.8984401751698687,9.84412737479672e-17,6.437998816927347e-16
VANGL2,1.449261026668239,9.961286750518062e-17,6.509620620158197e-16
DSC3,2.7282438042496375,1.0065008534735982e-16,6.574878992963321e-16
CLDN23,1.2151970071874638,1.0312158310978323e-16,6.726007508079695e-16
KLK5,3.5806756883076067,1.0900897629451718e-16,7.090996433520349e-16
SHISA6,-1.2730259337810774,1.139121638509611e-16,7.395822151665526e-16
OXER1,1.1488842268567603,1.2120192953670544e-16,7.851155800723064e-16
PLAGL1,1.2392428302109106,1.249928209491628e-16,8.087491416277518e-16
KRT6A,3.2780436982050984,1.3679699960449465e-16,8.8344819994863255e-16
ATP8B3,-1.1198305526098746,1.3963556828888868e-16,9.010965244258333e-16
KCNF1,-1.7636274066218927,1.437315088883787e-16,9.268260493635325e-16
PLEKHF1,1.2161579435214636,1.5589662858163817e-16,1.0029919096128817e-15
ZNF214,-1.4812563999842898,1.6217135065178354e-16,1.0425738397885517e-15
KRT5,2.865895624680883,1.6225376576676465e-16,1.0427100494369818e-15
KIAA1045,1.7870172970425355,1.6374078830661617e-16,1.0514727092238587e-15
PLCL1,-1.1238424256706336,1.6475072961178186e-16,1.0575593385935339e-15
HS6ST3,-2.535626145870154,1.6691565069972714e-16,1.0706491643752743e-15
SPIB,2.2958296846156876,1.676398253374279e-16,1.0744848421138115e-15
ECEL1,1.9990766427084559,1.7511116946022913e-16,1.1198434907651904e-15
IGFBP5,-1.27290323632222,1.8658142851237595e-16,1.1914067219969114e-15
SSC5D,-1.2093835316758952,1.9427636551475872e-16,1.2372948783531566e-15
ANXA8L2,2.590320639409293,1.943940697915004e-16,1.2375816854389727e-15
ATP6V1G2,-1.151474565021012,1.9497255725123375e-16,1.2403371871455027e-15
SCML2,1.4004786339892377,2.0076982953916852e-16,1.2757873869597165e-15
S100A2,2.5085339421075368,2.0634695933130075e-16,1.3102493353512498e-15
GPRC5A,-1.6526999214484857,2.1671163376654505e-16,1.3740130763381468e-15
IDO1,2.3209221790188925,2.201524118255575e-16,1.39479001986207e-15
PCSK1N,2.3877005734260246,2.436698083233006e-16,1.5403477489776576e-15
TREX2,1.0813696830446569,2.4376602580122274e-16,1.5403842001465021e-15
C7orf13,1.2612204940889988,2.4678816745862695e-16,1.5583249876975962e-15
HGD,-2.5072487687050793,2.478392743962858e-16,1.5643820767119153e-15
SDR16C5,-2.7479722791720684,2.555677125942146e-16,1.6119696835109165e-15
IL2RA,1.5577410470916302,2.681657773165994e-16,1.6883043207769641e-15
HPGDS,-1.2476994619221555,2.7085409310301554e-16,1.7045991151309514e-15
CAMK2N1,-1.556979372373437,2.838436043480815e-16,1.783052962762017e-15
DDC,1.7151363693492014,2.913080883695061e-16,1.8272474198647103e-15
ZNF423,-1.1280109147323376,2.948369522190238e-16,1.848701508206913e-15
FGF14,-1.1820658300930846,2.992563122618479e-16,1.8757213830766543e-15
DOK7,-2.2002511763088655,3.0635602157499584e-16,1.9181040615522718e-15
HIST4H4,-1.01130414359216,3.376785871479733e-16,2.1064711864945e-15
C5orf27,2.001532426063391,3.4178824801536465e-16,2.130546802233404e-15
COL4A4,1.4027426024115313,3.459397364607663e-16,2.1556361917039332e-15
PKP1,2.568531086760145,3.537134704211016e-16,2.201659503388655e-15
CCDC39,-1.0409919563253607,3.7874637479416583e-16,2.354892574934153e-15
LOXL4,1.9769913396960046,3.9745943666539513e-16,2.466739871141282e-15
ANXA1,1.1247646086171006,4.034157705848887e-16,2.50188294721801e-15
PDZRN4,-1.3757401476768396,4.0627599362938854e-16,2.518704103206584e-15
DAPK1,1.1610041514473117,4.200875785783281e-16,2.6014878047959737e-15
PRKG1,-1.3187079926161562,4.228617526580243e-16,2.6177156116925313e-15
IFITM2,-1.004267786025686,4.2707411371726336e-16,2.642831452254722e-15
CNKSR2,1.650384737441577,4.301248021043937e-16,2.6597768263753902e-15
TJP3,-1.318356058285218,4.3828683152887105e-16,2.7082818363340616e-15
SPEG,1.4211834413416575,4.480302061230036e-16,2.765478220469283e-15
SLC1A2,-1.6479549978398342,4.550339743470797e-16,2.806674604538489e-15
FPR2,1.3472180864852121,4.557366314942506e-16,2.8089738814140743e-15
PECI,-1.0899221201052587,4.615395548951873e-16,2.8416553217154882e-15
TMPRSS5,1.8806319822473585,4.724890725780099e-16,2.9080191203482143e-15
CNTD2,-1.4198997682730452,4.866553185429337e-16,2.9924145623375175e-15
RAET1K,1.2038421075370174,4.92358593324608e-16,3.024843738931484e-15
TRPV3,1.66849411649189,5.019779296224523e-16,3.0806068978271575e-15
FAM3D,2.7540695298692115,5.06897668533647e-16,3.107439631075597e-15
CD38,1.8010334747260517,5.076828828212863e-16,3.111133319340232e-15
ZG16B,-2.4956387573151098,5.13314419298643e-16,3.142251819071133e-15
ABHD1,-1.067933066258198,5.31511926951215e-16,3.248976351751325e-15
WIPF3,1.3233355209928908,5.512923534794845e-16,3.359741662369965e-15
FOLR1,2.764329448961157,5.989876635244911e-16,3.639229364902634e-15
GPR37,1.147562684105103,6.198340869325497e-16,3.759178953155741e-15
VTCN1,1.6650800164958195,6.572223949891154e-16,3.97884727574285e-15
NLRP5,-1.247015341109933,6.652741435815546e-16,4.0247313197846804e-15
BSN,-1.1182923687207884,6.852934597378311e-16,4.14142924745751e-15
GJB6,2.2387181768194493,6.98980391242716e-16,4.218155940065008e-15
DYNC2H1,-1.1576620517654455,7.280124725290982e-16,4.390245186675122e-15
H2AFY2,1.221007403479831,7.387270046575206e-16,4.4532817307318856e-15
ZDHHC11,-1.3799821413141666,7.441549164930509e-16,4.482829228113427e-15
COCH,2.2232558422685686,7.620113301083781e-16,4.587151980115122e-15
C6orf150,1.0495748792270518,7.643391352111284e-16,4.599539036270501e-15
DCLK1,-1.5174673422096552,8.00825076400423e-16,4.813996135227393e-15
CCDC88A,1.009718161109145,8.542085216404487e-16,5.113241168202756e-15
NETO2,1.1254646282549787,9.020389037582382e-16,5.3957578261337536e-15
SEPP1,-1.3162319704646297,9.574540417294827e-16,5.7192010980894745e-15
CYP4F11,-2.2498680963041515,9.588140976751101e-16,5.723310229024579e-15
PLA2G7,1.1812855857978857,9.78471319122711e-16,5.8386007584652306e-15
LOC440925,-1.5293969914771617,9.950451088626045e-16,5.93126293452228e-15
HTRA1,-1.0409047209457594,1.0013989716074083e-15,5.967048455729238e-15
PRSS12,2.4241686383095713,1.0093231714390018e-15,6.0121628575047925e-15
RTN2,-1.0725281332233605,1.0217719607828173e-15,6.079935881247861e-15
NRXN3,-1.3734929264365112,1.0446129113376652e-15,6.2115076396928904e-15
SAA4,1.8141467970621723,1.0464545718575446e-15,6.220286687167185e-15
SCEL,2.7730341738344917,1.1078452936328677e-15,6.576021383955293e-15
PIWIL4,1.243196928635954,1.1341842797785005e-15,6.7253336645640196e-15
CLEC7A,1.3328748556616032,1.135531667519405e-15,6.7309795676489614e-15
CCL7,1.827875641176701,1.1636840197675713e-15,6.8906602422259176e-15
NUDT16P1,-1.216232461411571,1.1642027485637061e-15,6.891335699701048e-15
NTM,-1.069828710576962,1.1814040250960295e-15,6.988298210276271e-15
FAM38B,-1.4883639370016901,1.2004755749694582e-15,7.09864550060065e-15
KLK4,-1.793657460429677,1.213598298444246e-15,7.17375183009563e-15
RDH16,-1.2568858410902948,1.2531618992687408e-15,7.389663138693441e-15
LCK,1.222540041632299,1.258831670769849e-15,7.420527294292326e-15
RGS5,-1.1740132241467354,1.27691996666075e-15,7.524549146101237e-15
C8orf46,2.438398884568556,1.2783543377054444e-15,7.530395839198795e-15
FOXD2,-1.1566384941675496,1.2876432673214377e-15,7.582491300997263e-15
C4orf31,-1.6387246573190364,1.2991295971201609e-15,7.647486014157047e-15
SLC22A16,1.4353815993087469,1.3095218906735516e-15,7.705997857004349e-15
GPR55,1.7664767094772404,1.312502130829487e-15,7.718201411611245e-15
ZNF280B,1.6985992537606522,1.35676133596236e-15,7.972962578136297e-15
FAM65C,-1.0999265464828571,1.3671878296833487e-15,8.031462138498596e-15
PRKCQ,1.518348144220571,1.3949162720097285e-15,8.180242462922066e-15
PSORS1C2,1.96466290404933,1.490599786522743e-15,8.732340682656454e-15
NRIP3,-1.1037149994108635,1.503566734827693e-15,8.796201131609624e-15
TMEM40,1.918409811083619,1.5665855808742465e-15,9.149160645503572e-15
LOC441666,1.3961914182475148,1.5673149488717825e-15,9.150282337773896e-15
BAG2,1.1658441734417337,1.6180611925582117e-15,9.427157752058278e-15
SPAG17,-1.791652118926986,1.7725869715334034e-15,1.027472979074672e-14
SGPP2,1.4580236322218294,1.793188127434874e-15,1.0380011492255574e-14
ZNF516,-1.2509466949452097,1.8159680011610508e-15,1.0504733376281486e-14
ZNF488,1.662108157574329,1.823615158052482e-15,1.0545387484425726e-14
GSTA1,2.8220127881858517,1.8281589332343e-15,1.0568074213503098e-14
PLA2G16,-1.296873147166254,1.8525868318432013e-15,1.0702019588293663e-14
SOCS1,1.0605273555634103,1.8912817729704647e-15,1.0914445473970524e-14
AQP9,1.6580063823101998,1.921053798233968e-15,1.107874913102759e-14
MIR17HG,1.0366381603236325,1.990835833628812e-15,1.147341260463576e-14
RAMP1,-1.4193472408782046,1.993000260816498e-15,1.1482000826016565e-14
KBTBD12,2.371189006716154,2.0081697911493617e-15,1.1561572529842336e-14
SLC14A2,-1.0998180393543067,2.0535244641028236e-15,1.181071314544785e-14
TAP2,1.0594381328306035,2.0846078737220143e-15,1.1985439598070866e-14
RGL3,-1.9013016927850437,2.1051739058849757e-15,1.2095516739953149e-14
CHST6,1.6090835473861995,2.1148984014047672e-15,1.2143196148322045e-14
DGCR9,1.2749540748595893,2.1587394245487303e-15,1.237822639732824e-14
SNORD116-28,-1.3262763599230194,2.203446358155298e-15,1.2621826935548174e-14
CLIP4,1.0072324417736915,2.2145700198048922e-15,1.2664246956775459e-14
MRAP2,1.6445848945445989,2.216121534328983e-15,1.2668865300309695e-14
LYPD1,1.2417046541769778,2.264724710364929e-15,1.2933689408958664e-14
C15orf52,1.1570373630258022,2.346117023880585e-15,1.3385049553328766e-14
C3orf55,1.480849302855347,2.365122651587093e-15,1.3479932649440493e-14
ABCA12,-2.562262130316955,2.395303125251868e-15,1.3638252164172287e-14
VWA2,-1.9536400534150271,2.420269837343512e-15,1.3771197905098566e-14
AXIN2,-1.0415476689839371,2.4777155962838293e-15,1.4074548567282726e-14
NIPAL4,1.7641703428773408,2.497218833632868e-15,1.4175878912255913e-14
SLC45A1,-1.0122186677663887,2.5062538756670096e-15,1.421768937461998e-14
LCTL,1.4754390990141788,2.6438526414049787e-15,1.498828578000226e-14
VEPH1,1.2405202702171945,2.660116427251605e-15,1.506544155506978e-14
FAM131B,-1.078561922155453,2.69519585990827e-15,1.5248898835294963e-14
PRND,-1.5320734849377473,2.698121380997801e-15,1.5260380975885933e-14
PRR18,1.529929562860846,2.7032830819510706e-15,1.528449896601153e-14
NEURL3,1.382454958564077,2.7173400240799694e-15,1.535887839697374e-14
ANKRD36BP1,1.1830790503122435,2.738008514677293e-15,1.5465434495838905e-14
THRB,-1.2383703900082468,2.743124921044336e-15,1.5484062779378537e-14
OR7A5,1.405443922076902,2.813870102123475e-15,1.5857117087744134e-14
SPOCK2,1.209431994030087,2.899771804339399e-15,1.632499630674379e-14
MPV17L,-1.8634605239385715,2.9034285292776667e-15,1.6340181048776824e-14
CNTNAP2,-2.5811118809159126,2.953875701525997e-15,1.6618600329364958e-14
KRT86,1.9349865323435829,2.9873317800247833e-15,1.6795728033615734e-14
CLEC4E,1.5931825301441402,3.014308895021886e-15,1.6936219228710893e-14
PEBP4,-1.2768973056832018,3.1645363708518595e-15,1.7745161144421197e-14
ACSM5,-1.2353472722988088,3.3041569944410323e-15,1.8509800531358808e-14
AFP,-1.4347488119084089,3.3981886625110618e-15,1.9005304736474018e-14
HOXB3,-1.408541404501002,3.5101987384538716e-15,1.9605996889429134e-14
MT1X,1.1197167903852954,3.5264575762830943e-15,1.969035164724626e-14
VIPR1,-1.2985138918345713,3.606183704053934e-15,2.0122316015740006e-14
SYCE1L,1.4089695809276934,3.823203447546637e-15,2.1326287164008917e-14
EBF2,-1.0907254349789879,4.016946126971254e-15,2.2377688106745327e-14
ABCG2,-1.121173630258041,4.1552712866689535e-15,2.3118023525636158e-14
GRP,-1.7732027925061864,4.160945440765911e-15,2.314203163169284e-14
TMEM178,-1.2130245984054047,4.422350385708114e-15,2.4539793766246073e-14
POSTN,-1.1345179765131022,4.4249260838846736e-15,2.454608834154918e-14
TGM3,-1.3797825065786886,4.485616382672752e-15,2.485845981025609e-14
ZC4H2,1.2304750009818939,4.7367115234914496e-15,2.6215858708176596e-14
TUBB3,1.4484844978594715,4.84830928273289e-15,2.6807372430175688e-14
PAX9,-2.114758100624484,5.4007460823070466e-15,2.969799992950888e-14
UGT2B11,-2.6405596363065076,5.472898794195942e-15,3.0065634343598997e-14
FAT2,1.8515852126782129,5.638799966803122e-15,3.092713798217622e-14
DDO,-1.0495897372451974,5.769460864568271e-15,3.162340473884701e-14
FAM101A,1.5157263972349861,5.77249230143838e-15,3.1629840377572593e-14
SLC25A27,1.1888912375790426,5.920938323263319e-15,3.242237287626184e-14
FTCD,1.583470609952476,6.092604394975172e-15,3.334983150990565e-14
SLAIN1,1.7215291583205694,6.288629049480943e-15,3.4347451158646717e-14
SERPINA4,-1.033949609206237,6.405422331622838e-15,3.4951727749931734e-14
TM7SF2,-1.3099339028317818,6.51934553505788e-15,3.5561964914169026e-14
SERPINE2,1.3041887985546516,6.580277358006124e-15,3.586818820497613e-14
PAPL,1.9784794391422171,6.675205209005163e-15,3.6342309689692425e-14
E2F8,1.0244037037037046,7.0629741983883995e-15,3.839210041447636e-14
RASL11B,-1.1516123404422443,7.07480295147355e-15,3.844412707836457e-14
MCTP2,1.3521574918502806,7.126291456573108e-15,3.8699216679030626e-14
MUC5B,2.35091938258513,7.606201006044758e-15,4.1252739851255486e-14
C6orf165,-1.0039020580495652,7.695679300395404e-15,4.17247432300967e-14
CYP26A1,-1.5120510741919007,7.841538455463692e-15,4.246149440271754e-14
SPHK1,1.0444122658183126,8.043938673024667e-15,4.3543634965546745e-14
ARHGAP22,1.0422216487961986,8.258936500392329e-15,4.465069479418456e-14
GCNT4,-1.122153686029613,8.62742635836443e-15,4.658372570797281e-14
SLC7A4,-1.7775062566277837,8.709700785568038e-15,4.69981636179416e-14
CCL13,1.7197828090020026,8.947990533701289e-15,4.8253413169389786e-14
ITGA6,1.092959813047404,9.000359830443983e-15,4.852045834519184e-14
GRAMD2,1.4116561132712766,1.0288320217251593e-14,5.514954148561368e-14
KCND2,-1.3267309924983302,1.0295282977892684e-14,5.516949940639157e-14
CHRNA6,-1.170371163740623,1.0511654039806203e-14,5.629354348990554e-14
KRT81,3.131826742861632,1.0623142932425863e-14,5.683916714791872e-14
UCHL1,1.721054891795295,1.0679864047889994e-14,5.712251405011514e-14
POMC,1.5429165429480385,1.0720588030960303e-14,5.730433589681544e-14
CCDC160,-1.5754230038097479,1.0910416557825756e-14,5.824775550966104e-14
PLEKHB1,1.5646825458544438,1.0932929297529171e-14,5.83477862541278e-14
NEBL,-1.123506382310202,1.1505590798706427e-14,6.12887742577324e-14
ADD2,1.7839241035308895,1.2131283656114958e-14,6.454100614296711e-14
B3GNT8,-1.0129293114960127,1.2351724073827415e-14,6.556549689287032e-14
RLTPR,1.664066101095795,1.2358499414334334e-14,6.556549689287032e-14
DHCR24,-1.0855752405640011,1.2404503742577e-14,6.578906843229097e-14
CXCL14,-2.0095886100310274,1.2815040345886478e-14,6.790296735857085e-14
FAM20A,1.168326141942579,1.3239247636591651e-14,7.006351375113606e-14
PODN,-1.148486944739009,1.3855113087541895e-14,7.320887077226048e-14
MAP7D2,2.042431942971604,1.4220658808018834e-14,7.497765309614883e-14
THBS4,-1.9477405639998446,1.4569875220380346e-14,7.674759511385007e-14
KLRG2,1.583336683555241,1.4577226104868765e-14,7.676257284041901e-14
SERHL2,-1.891436950630375,1.5533733864043292e-14,8.159762113036929e-14
NOL4,2.050620973253211,1.5909640982107373e-14,8.352071082777082e-14
ETV4,1.570655422017988,1.6634776971996933e-14,8.72199051210307e-14
PAK3,1.529481249754527,1.7133588509369244e-14,8.975238766981181e-14
BOP1,1.0510740230155937,1.748813810845592e-14,9.155333291946029e-14
LOC149134,-1.0945507678410116,1.78580833969181e-14,9.346132767348349e-14
C1orf192,-1.017900985821452,1.799106165172823e-14,9.412835020858119e-14
CRHR1,2.211210612309021,1.8518562767483667e-14,9.673960856756039e-14
SYDE2,-1.0477710537685105,1.8588975440393573e-14,9.707766076353957e-14
KIAA1755,1.2980206786850488,1.8643475679479026e-14,9.733243127575959e-14
SNX32,1.4151295942814501,1.9334096854894848e-14,1.0069103040943709e-13
PTGS2,1.9922234201327518,1.9521299268172565e-14,1.0163489041179419e-13
TF,2.3343027060995256,1.9711506536523117e-14,1.0256246755789448e-13
SYP,-1.0378479674796743,2.112596576954298e-14,1.095539576904132e-13
RGS6,1.4783617454145555,2.1184968738097254e-14,1.0979719589024286e-13
TPRXL,1.7822085071285492,2.1791114828692464e-14,1.1272864080578149e-13
PHF21B,-1.36388530301245,2.250038386084664e-14,1.1632712117492964e-13
SGCD,-1.1448618868072709,2.296801957043733e-14,1.1856482973159979e-13
TRIM58,-1.9652457758925408,2.2964974360607692e-14,1.1856482973159979e-13
PRDM6,-1.0120812418993759,2.5799400774372798e-14,1.3233849252637612e-13
JAKMIP3,-1.4553735634892586,2.6344735564637417e-14,1.3493258546339103e-13
SLCO4A1,1.340812748910098,2.773316773129126e-14,1.417880055430472e-13
RORC,-1.6472344880405334,2.8082362121671116e-14,1.4353020015968161e-13
MYO18B,-1.5247857507560583,2.865237408258263e-14,1.462679648160618e-13
LILRA3,1.2082821491693176,2.925082744576577e-14,1.4914418904233265e-13
CDH19,2.8890635874474686,2.9509935672114e-14,1.5037528560625417e-13
FAT3,-1.253085727190605,3.142884862161551e-14,1.5981883906423176e-13
NEGR1,-1.2905686815129043,3.2388348598293216e-14,1.6464882884445775e-13
NHSL2,-1.104789269863712,3.299093700918664e-14,1.6761206959022924e-13
MYO1H,1.3815317073170734,3.48390607447069e-14,1.7658012038165433e-13
CALB2,2.1251650131573765,3.6630718867732425e-14,1.8527506454335707e-13
CXCL6,1.5070581320450886,3.6922516073143003e-14,1.8658470288594224e-13
TIAM2,1.0673852990848731,3.7160983316000124e-14,1.8773406878418338e-13
GHR,-1.2720184203291307,3.7520149196765657e-14,1.8949233120430578e-13
PITPNM3,1.0851208986292775,3.8228690697765173e-14,1.9284200313475737e-13
LRGUK,-1.0306929067986341,3.950722072772887e-14,1.9899673735380733e-13
EGOT,-1.3455056910569114,3.983052406691053e-14,2.0056588552912074e-13
NELL2,-1.6060723812890307,4.2561231100595994e-14,2.1362150475778065e-13
IL4I1,1.1564941832606728,4.2598802669750946e-14,2.1374708587679982e-13
RNF182,1.8601442912689987,4.279958445950826e-14,2.1462806930077318e-13
MUC1,-1.6701317348101021,4.332802439477393e-14,2.171501634617422e-13
OSBPL6,-1.3215481127999693,4.3357307726768537e-14,2.1723299517118804e-13
DSG1,3.044512689996466,4.6700719448338786e-14,2.335035972416939e-13
C2orf70,1.4253437689014574,4.6975638628225066e-14,2.347403538259017e-13
ASB12,1.0407247790738778,4.7647134966571435e-14,2.3774705786132773e-13
TNNT2,1.5934245316366211,5.0679151035401225e-14,2.5213728955094447e-13
FAM110C,-1.2823062762656612,5.084695999055744e-14,2.5289828523340924e-13
IL20RA,-1.5753595970307526,5.1397250521168717e-14,2.555606354381031e-13
IL8,1.732718349632771,5.378497126630147e-14,2.666544572533083e-13
CCDC158,-1.173670841679431,5.5443154441334395e-14,2.745556615690389e-13
DOCK3,1.5922683005380787,5.553810030021381e-14,2.749458860792561e-13
LY75,1.0863233494363929,5.712898014139424e-14,2.8249318577466433e-13
CEACAM7,-1.6845661128785197,5.754223393332602e-14,2.8437151592702906e-13
IYD,-1.8408318408546407,5.954129184260658e-14,2.9365427167089203e-13
CTLA4,1.3214626605396482,5.969708413045483e-14,2.9433738932879146e-13
SAA1,1.8869928478850007,6.027098610880783e-14,2.9699505018315893e-13
COL10A1,-1.4892175562625187,6.198069906643179e-14,3.0506685118535646e-13
HSPA2,-1.198906857546838,6.557144516038614e-14,3.217175773786736e-13
MFSD4,1.402764883547385,6.640019699937237e-14,3.2559612867817777e-13
TOX,1.3304887121479911,6.664680127782863e-14,3.266172736004091e-13
ACSM1,-1.645077797415655,6.814559427634844e-14,3.337703395243641e-13
PCSK6,-1.3995357762852958,6.93284856673252e-14,3.391738324948429e-13
MOSC2,-1.032611629551079,6.985388823326789e-14,3.4164609896971634e-13
CNNM1,1.7610775931817293,7.610888870680762e-14,3.711725013393281e-13
TIGIT,1.3103033934252375,7.67304698703895e-14,3.738826614857606e-13
C1orf187,1.1718114567377556,7.777270050784372e-14,3.7863610338724373e-13
EMILIN3,1.9232307646989515,7.824325602114348e-14,3.808181337639535e-13
RARRES3,-1.444566757000901,7.861464332766822e-14,3.825163931057685e-13
ZMAT1,-1.0326204548132436,7.928551709634808e-14,3.855603529842398e-13
ZNF385B,-1.6521355131377398,7.976289925785982e-14,3.877711031576799e-13
CLEC4D,1.1923479596245243,8.057277119270444e-14,3.912781621847064e-13
C22orf41,-1.0698589450532192,8.076712535247941e-14,3.9198180243736804e-13
TNFRSF11A,1.120930089155964,8.090051666108394e-14,3.923880846049941e-13
RIMS1,-1.49324290090727,8.110612575790292e-14,3.931788561506082e-13
SSTR2,-1.2477599858607267,8.176981899643472e-14,3.9605802545770285e-13
TMEM215,-1.2569275833627902,8.711561323971919e-14,4.2123194022499085e-13
ADM,1.1869027885786085,8.997607234949336e-14,4.3432327440812696e-13
PRICKLE4,-1.068837445504892,9.214671771307771e-14,4.4429745261996416e-13
RSPO4,1.9398251404108247,9.809720480724357e-14,4.720529522089172e-13
ABCC12,-1.6968694788107301,9.983696114188782e-14,4.800179131130292e-13
ZNF737,-1.0328889910058505,1.0095002982206854e-13,4.849588174527016e-13
HSH2D,-1.2359020148462356,1.0123306407809737e-13,4.861813539904112e-13
SLC2A5,1.1259358587643833,1.0158477754775794e-13,4.875954796049374e-13
PLAC1,-1.3557197321393506,1.0299321392277324e-13,4.942165210213661e-13
CR2,2.199659557754997,1.0491245027248319e-13,5.031425029964485e-13
COLEC12,-1.0423486980087198,1.1130985178072381e-13,5.323242841408949e-13
SEMA5A,-1.0537242174305792,1.1333542007041775e-13,5.417070456916122e-13
CADM2,-1.4271535289265933,1.1456002348884506e-13,5.472530715329682e-13
KCNH8,1.7245497073956249,1.1543241666593993e-13,5.512658597366677e-13
HSPB1,-1.087320965398062,1.1551397488318116e-13,5.515006986993483e-13
SEMA6D,-1.098675711873061,1.1593447244180115e-13,5.531981131083983e-13
TDRD6,1.007302254428342,1.2105883792135174e-13,5.766802824617119e-13
LRRN4,1.4606967911708106,1.3073928308122538e-13,6.207108979295423e-13
ALDH1A3,1.1881896783315646,1.3652353671480388e-13,6.469103590019783e-13
PSD3,-1.0782708141864035,1.3865177227927189e-13,6.564469507689742e-13
HK3,1.235201586740505,1.459318170029966e-13,6.905303816507452e-13
SPHKAP,2.1128805938494164,1.4847285304457562e-13,7.017742679292597e-13
SLC6A15,2.89399864498645,1.5327788268828734e-13,7.232813361544842e-13
ZNF486,-1.372283547386199,1.562720890367369e-13,7.363900598493717e-13
SFTPA2,-1.3877305879580533,1.5842992246282577e-13,7.461453483246468e-13
SHISA2,-1.74265477396803,1.7256425570885185e-13,8.106949723370336e-13
GLYATL1,-1.8139663446054746,1.7578844548359965e-13,8.247044701338021e-13
PCOLCE2,1.7832889163819177,1.8034084154450828e-13,8.448980829444226e-13
CLDN6,2.253277966301402,1.8320393438407714e-13,8.571326930112181e-13
MAB21L1,-1.1560645614861942,1.8374407117235007e-13,8.594236561563092e-13
VIPR2,-1.6351754919288326,1.896243448029314e-13,8.85225491226404e-13
CP,2.6115048387730218,1.9242921164627622e-13,8.978272532427627e-13
NWD1,1.675922834924001,1.980944991510488e-13,9.227264019536263e-13
NPFFR2,-1.1600931856564947,2.004193277368695e-13,9.328070924730493e-13
OSR1,1.9634448293468427,2.0113914891305454e-13,9.35901559013475e-13
SIGLEC8,-1.2966879266328908,2.0492663976585227e-13,9.530040074310388e-13
APBA1,1.1863384116884648,2.0702571043594683e-13,9.622401333854189e-13
MTTP,1.073686324182082,2.078610228249491e-13,9.653863648133902e-13
CXCL2,1.4265518439967009,2.1524096949412762e-13,9.97429581084352e-13
IL1F5,1.6372660068339815,2.2500766338135825e-13,1.0407062757698345e-12
KCNE1L,1.5453277051176313,2.5224644471533944e-13,1.1613292656129307e-12
ZBTB8B,1.6814516240524724,2.53102170012504e-13,1.164954041976471e-12
VWDE,1.7693007855151013,2.5471432316816184e-13,1.1720575313574159e-12
ERC2,1.0570878009504736,2.6413621289971565e-13,1.2144275663288762e-12
ITIH5L,-2.162059125721693,2.6482662675237e-13,1.2172732668266833e-12
SAA2,1.9703717607321005,2.6937296215581455e-13,1.236835143034112e-12
LAMA2,-1.2653193472369493,2.7937391794063976e-13,1.2797079320362996e-12
FLRT3,-1.887086595184793,3.064025079040116e-13,1.4015672064478426e-12
C13orf18,1.087877314323868,3.07138122163087e-13,1.4045548390003686e-12
ETV7,1.1991440124111392,3.1255904341495837e-13,1.4278112954283104e-12
CAPN6,2.949824555202075,3.172862011190395e-13,1.4474642392331215e-12
C12orf69,-1.0661535721299242,3.1786641133771777e-13,1.449722813358686e-12
SLC38A3,1.9386853305054794,3.2058226919001554e-13,1.461717816413913e-12
RNF43,-1.0843633478653611,3.2604353563657313e-13,1.485823230369505e-12
VWA3A,-1.0370420250579322,3.2874474993417455e-13,1.497331663915216e-12
C14orf50,-1.1318671419033035,3.3557678033843165e-13,1.527632336050118e-12
?|653553,-1.0329514394564239,3.460485066393788e-13,1.5744606112927118e-12
ICAM1,1.0674814814814795,3.553917049845366e-13,1.6148134300658106e-12
STAG3,1.5628763834884731,3.6080096907893797e-13,1.6380806460715313e-12
WNK3,1.3486239071521142,3.727754410954475e-13,1.6910937032113667e-12
FGF9,1.6972155374887083,3.8880289042434077e-13,1.7591161593853676e-12
DMRTA1,1.6582834924001406,3.8998210695506966e-13,1.7639828104767162e-12
RASGRF1,1.5985216016652926,3.942801975468507e-13,1.7829505481207827e-12
MAST1,1.623825148265976,4.0850210810207504e-13,1.841395156426241e-12
PRSS27,1.355337480853069,4.203044933033531e-13,1.8935940531629906e-12
SELENBP1,-1.0284978555437725,4.2240833680708166e-13,1.9020660961989956e-12
PDZK1P1,-1.1180461215191868,4.3083150419222036e-13,1.93896948107651e-12
FRMD3,1.4683873060759591,4.321665961115037e-13,1.9444642356086943e-12
F2RL2,-1.554316487961981,4.456453070390228e-13,2.0029927629650457e-12
TAF7L,1.0190060759593107,4.58309779394869e-13,2.0588276294103455e-12
TPO,-1.0337478064490788,4.889413955661439e-13,2.192960749668536e-12
SLITRK6,-2.1218939750991694,4.942117979838099e-13,2.2136840924945507e-12
S100A1,2.2114861160205805,5.00748852566093e-13,2.241785741114764e-12
TNF,1.332384380032206,5.055468331175157e-13,2.261467611971946e-12
TMEM200C,1.3966236832803114,5.092134122563268e-13,2.2766879524088332e-12
PRKCA,1.109515584619615,5.302410076369328e-13,2.3675942213049204e-12
AIM2,1.445933690742705,5.341046695526353e-13,2.383596048868286e-12
BARX1,2.0358229998821717,5.381927941056027e-13,2.3999537270537875e-12
LOC100124692,2.367258638702329,5.474192948299246e-13,2.439181211657147e-12
PTPRQ,-1.0905762106751504,5.759799999214955e-13,2.561080782940749e-12
ALPL,1.1045190526687865,5.787142970620953e-13,2.5725670788221045e-12
ZNF597,-1.1423154235890198,5.838893153694453e-13,2.594217333874681e-12
GATA6,1.1077134676564144,7.443754869698996e-13,3.2722546574851293e-12
SHC2,-1.2662629472526605,7.823282403957783e-13,3.4320066805615934e-12
DLL3,1.6111539334668712,8.017587473655807e-13,3.511818793116214e-12
EDAR,1.584538211382114,8.347507562572417e-13,3.652570755154374e-12
C2orf48,1.040980750952437,8.702726402025338e-13,3.8021403444456514e-12
KIAA1324L,-1.297391123679354,8.707226719848743e-13,3.803130829418418e-12
TNNI2,1.391575099171281,9.0996272160199e-13,3.969432671332451e-12
LTC4S,-1.00590402183732,9.316109807385405e-13,4.060746097255527e-12
NDRG2,1.214522320411609,9.409089089109831e-13,4.098127549553464e-12
SIGLEC6,-1.0515385687914853,9.769378015269306e-13,4.245279601940196e-12
BMP2,1.253357971014494,9.867290660930523e-13,4.2845476786243446e-12
EGFL6,1.262789022426455,1.0183356563643739e-12,4.4161589579539824e-12
ABCC6,-1.3033348218844516,1.0324367989165575e-12,4.473039801687689e-12
CARTPT,-1.1406586936883862,1.0423954731997806e-12,4.511307473593968e-12
CD7,1.2378295118023663,1.1307041317028262e-12,4.879850826887767e-12
GRIN1,-1.2012263304662043,1.2012488632997448e-12,5.173815918562128e-12
LIPE,-1.2205662778366912,1.2122939985665531e-12,5.217429061306141e-12
CFD,-1.300401355013551,1.3040028004903451e-12,5.593745010667652e-12
RHBDL3,-1.2963167511095395,1.3124938329855356e-12,5.628750938238144e-12
SLC5A1,1.883714795176938,1.3241609141314478e-12,5.6759276032364846e-12
C1orf116,1.3098979576607395,1.3314728091479025e-12,5.704397972273907e-12
SYNPO2,-1.0790863791681407,1.356842368716008e-12,5.8057853113652295e-12
CXCL10,1.5609758964691096,1.5306706143017687e-12,6.52798053658228e-12
UPK2,1.24640065590511,1.5309896807463081e-12,6.52798053658228e-12
TMEM105,1.3512331958681898,1.5884707550897724e-12,6.763574534131495e-12
NCRNA00173,-1.023984662817642,1.5967267768785128e-12,6.794666919100718e-12
CLDN9,1.2740415184006921,1.6968716407307574e-12,7.210010988434331e-12
RBM11,-1.4586532068654021,1.7288796488376452e-12,7.338689037812836e-12
POU2AF1,1.5862771611484243,1.837563795529074e-12,7.778794546717794e-12
SLC1A1,-1.4471169985467975,1.8582817480941543e-12,7.860541025842883e-12
AKR1B15,2.0510023997486355,1.879682051230497e-12,7.9471165174914e-12
ST6GALNAC2,-1.2908678410117425,1.9145046712974037e-12,8.090326191611609e-12
S100A6,1.0223031577707111,1.9269912584240833e-12,8.14107197493479e-12
PDE11A,-1.3486819056596357,1.9314274988840778e-12,8.157790254463255e-12
HGF,-1.086947830014532,1.9492921954183844e-12,8.227124185371769e-12
CKM,1.02400951258788,1.9782672125471632e-12,8.343212142069884e-12
FAM107A,1.8101137582970024,2.0093576657769e-12,8.46804282310829e-12
GALNT13,1.9624497270335022,2.2056848786710594e-12,9.263332548401514e-12
VGF,1.428442680963041,2.2273472291411087e-12,9.349697636744659e-12
C14orf182,1.0451354856447117,2.232172167739651e-12,9.36764219236231e-12
CELF3,-1.0006017242056477,2.3155021259246898e-12,9.703002264886187e-12
MGAT3,1.283675044185225,2.3457364668174543e-12,9.822447019892119e-12
C16orf74,-1.207759333883196,2.3847891782109644e-12,9.981066528614579e-12
C1orf61,1.3076103098857075,2.4068908964448336e-12,1.0071093849251969e-11
RLN2,-1.1702912611444956,2.432237166653665e-12,1.01696535595659e-11
PRF1,1.2159646400377033,2.506165908928059e-12,1.0471051381021796e-11
SLURP1,1.6066966183574876,2.5772953273577443e-12,1.075241044216129e-11
IRX6,1.654256317505204,2.6005280909071753e-12,1.0846679742382855e-11
PPEF1,-1.0715518361415493,2.70419763758058e-12,1.1259776471392977e-11
MSMB,-1.860368414437768,2.7694513410585274e-12,1.152584465743566e-11
ONECUT2,1.844891115824201,2.7776976977753354e-12,1.1551695187573616e-11
ZFP57,1.8593866423156995,2.777023621946527e-12,1.1551695187573616e-11
PTPN13,-1.010800710891166,2.8635444947488316e-12,1.1891285721914802e-11
ANGPTL4,1.360667412906011,3.012927318533671e-12,1.2484221954897426e-11
TPPP3,-1.0706256274301884,3.0166828862680454e-12,1.2496742776245393e-11
COL9A1,2.273327724755509,3.074529288268068e-12,1.272708648011794e-11
DOC2A,-1.3496141706924316,3.2059980953912663e-12,1.324554768668444e-11
ATP13A5,2.1029284435018263,3.2167056872607346e-12,1.3286562661666337e-11
GNG4,1.8982710694788105,3.3596245714620996e-12,1.384331150544388e-11
C19orf33,-2.011271226581832,3.422295459298865e-12,1.408450741224255e-11
B3GAT1,1.6232979576607347,3.4749710842779662e-12,1.4297839469739977e-11
P4HA3,-1.0304564628254989,3.644473567541173e-12,1.496633345918162e-11
C20orf85,-1.0055409017713366,3.700371407436096e-12,1.517392850195924e-11
GPR158,1.663128659518478,3.89402620062311e-12,1.594883746912255e-11
CLDN1,1.5500947370488252,4.030546373406361e-12,1.6492120312136073e-11
TRPV4,1.1194814971917824,4.064593385475739e-12,1.6623445089974023e-11
FLJ12825,-1.151148540905698,4.1401467373090425e-12,1.6920254124399566e-11
TAT,-1.8771504575625464,4.418015576854819e-12,1.7999714180343916e-11
FSD1,1.6598674718196456,4.600197035311083e-12,1.8715087317569932e-11
C1orf88,-1.1949857586112094,4.990634261142838e-12,2.0221389832800984e-11
LAG3,1.2972660814579156,5.4779494659937995e-12,2.2148499384110732e-11
ICOS,1.2867898472173112,5.539313739370089e-12,2.2375358866573202e-11
ZCCHC18,1.0177665252739483,5.935043870891659e-12,2.394546247839018e-11
FAM90A1,1.3755372648364181,6.07108958038248e-12,2.4476954439846976e-11
ZMAT4,-1.2962738855504492,6.0794386556389345e-12,2.4504814273498474e-11
CILP,-1.485069093908331,6.129860904297544e-12,2.4690522989637458e-11
LCN12,-1.0012115706374454,6.317984106937812e-12,2.5406202914085226e-11
VPREB3,1.261983213542281,6.379634179620368e-12,2.564200379488668e-11
DSCAML1,-1.24476858725109,6.52653624043632e-12,2.6183018180124977e-11
CAMK2B,-1.5011639527119902,6.634991322632483e-12,2.659931784944237e-11
BOC,1.0805749067200825,6.63687984943365e-12,2.6600626932420582e-11
ENPP6,1.146405604650249,6.7543619738852225e-12,2.705875897794997e-11
MPZ,1.5421226464003772,6.840402526093949e-12,2.737768625602349e-11
VAX2,1.3113284356466757,6.931838909094041e-12,2.7717590190624916e-11
GPR110,1.8843580417108514,6.930568366663001e-12,2.7717590190624916e-11
UNC5C,-1.1131527434114923,7.243457871360486e-12,2.8902550972181132e-11
ZBED2,1.3272513962530925,7.845067109144958e-12,3.118615613182508e-11
HERC5,1.0011717803699804,7.971005533394107e-12,3.1657235129128184e-11
ABHD12B,-1.2813033737873614,8.148481881047895e-12,3.2347003830826494e-11
IL18RAP,1.0278757472212394,8.181896548259719e-12,3.246451496199045e-11
ZNF492,1.5062986449864493,8.344605992617967e-12,3.307159414807633e-11
RBP1,1.2849666902321193,8.43068318238294e-12,3.3381663472676466e-11
SORCS2,-1.3054057106947878,8.566118326847424e-12,3.390216014552908e-11
IGSF21,-1.2324718981972422,8.6212328821571e-12,3.4112359661509154e-11
C10orf114,1.1859638466674536,8.693407601439476e-12,3.438994923403351e-11
HPN,-2.003224005341501,8.699629452761533e-12,3.4406569805046194e-11
LOC400759,1.4307138054279096,8.759271464130906e-12,3.463440748413033e-11
GPIHBP1,-1.2101384980951257,8.887865534431356e-12,3.511841068477169e-11
ACTL8,2.413223761831822,8.920370754162097e-12,3.5222331078919664e-11
C6orf126,-1.2172912964926752,9.032218906348128e-12,3.564743637893595e-11
SLC29A4,1.0853230705785304,9.068112865724726e-12,3.5780806789456e-11
NQO1,-1.1233616511527416,9.371827859575957e-12,3.693641019407048e-11
CCL5,1.1796887867719263,9.454410967302042e-12,3.7244649265129255e-11
UBD,1.7665988217273512,9.6763443006223e-12,3.806609920064628e-11
POPDC3,1.479786300616629,9.756215509885745e-12,3.836258372970544e-11
KRT15,1.7553151408035816,9.998939134844684e-12,3.930792554626153e-11
DNAH9,-1.0875039197203566,1.0233310790384046e-11,4.0201449310320714e-11
FLJ40330,1.3773052786614803,1.040223781481876e-11,4.0827404928869205e-11
L1CAM,1.853724739798123,1.1375804006947044e-11,4.4545859332791024e-11
RGS2,1.1560315187934478,1.1430956469818335e-11,4.473103204997819e-11
HEPHL1,1.5622953379678723,1.1591687736060747e-11,4.533910017113333e-11
LRAT,1.4212938886925084,1.1761602719913216e-11,4.597202072988801e-11
ADAMDEC1,1.5504696044931476,1.248578598096183e-11,4.8757838857092395e-11
TPPP,-1.169672239896311,1.2527897124324393e-11,4.89110701575526e-11
C10orf107,-1.1204235222497152,1.2548759437906525e-11,4.897006719238041e-11
GLRB,-1.1285564549703482,1.2794989577656402e-11,4.98966504482456e-11
ZNF365,-1.0614923883586656,1.285389722710848e-11,5.0103426362475954e-11
CD6,1.0018940104473524,1.286489658569106e-11,5.0134825824786906e-11
SAMD11,-1.5655640312635013,1.3964524441314342e-11,5.434548702824115e-11
GBP5,1.5106675032402537,1.4171078589883867e-11,5.50989653848681e-11
CBLN2,-1.560031000353482,1.419584951480935e-11,5.5182679122849406e-11
SARDH,-1.0300242567063354,1.4347419796187172e-11,5.574642006138889e-11
MMP1,1.9977669848002853,1.4365512092111134e-11,5.580398515708317e-11
NXPH4,1.439803943285809,1.464521931968352e-11,5.685162639940971e-11
P2RY2,-1.1837276854797532,1.5148461187386686e-11,5.87248563672195e-11
ADRA2C,-1.2850201052590244,1.521012739262954e-11,5.892367367981825e-11
UNC80,1.5708097443148348,1.52799684311841e-11,5.918077379646695e-11
CTNND2,-1.780603416990691,1.5345277955168974e-11,5.940670233610539e-11
PTK6,-1.481546954165192,1.5628020162272163e-11,6.046005982814515e-11
TMEM45A,1.0649364596834392,1.595382026466667e-11,6.169245211336816e-11
RUNX1T1,-1.0258231962609483,1.6308205089846304e-11,6.299132063508337e-11
TMEM184A,-1.177032618514593,1.6331514148864032e-11,6.305275129339253e-11
NKG7,1.2110839872746553,1.779309856870389e-11,6.855576213235911e-11
LAMC2,1.5192153764581153,1.8214644627800555e-11,7.00689853199556e-11
C6orf142,1.277992517968658,1.8453780038007746e-11,7.092481923883365e-11
NKX2-5,2.0593650642158594,1.964069621418772e-11,7.533357129000378e-11
SHC3,1.1308852283885167,2.016111814209054e-11,7.724270910231764e-11
ACCN1,-1.1290022112250109,2.049262947930316e-11,7.847750843996689e-11
HIF3A,1.6096469855857976,2.0805224540880364e-11,7.956725217408323e-11
LOC100133669,1.1954716036290791,2.0890857286024983e-11,7.987680727009552e-11
CXXC4,-1.0550261733631832,2.1244884364320897e-11,8.117576412932126e-11
ADAM33,-1.1452062919759634,2.2066706321880604e-11,8.416483956587384e-11
CDHR3,-1.0489507599858596,2.25641434621681e-11,8.598508909391871e-11
BARX2,1.3276207690192807,2.346921603143707e-11,8.929417985151324e-11
GNLY,1.378849844860767,2.4142837652326386e-11,9.173416448440838e-11
DIRAS1,1.2673868386944722,2.451835970323817e-11,9.311946158477834e-11
ICAM5,1.3924179293821926,2.4545891593610717e-11,9.320324054385518e-11
PDE8B,-1.171452299595459,2.6943874933351535e-11,1.0196759780332814e-10
KNDC1,-1.6222584109029494,2.818684480537656e-11,1.064586309681887e-10
DCHS2,1.6050901221475993,2.84049159745863e-11,1.0723469719512407e-10
OPCML,-1.108336220101331,2.918493734396792e-11,1.0998439543433804e-10
SH3TC2,1.1040243313302698,2.9505844856430354e-11,1.1111997742260259e-10
FCRL5,1.6177085503318818,2.9539311596577345e-11,1.111968338836676e-10
LMTK3,-1.2738713758296996,2.962324601486036e-11,1.1148815019515402e-10
LTB,1.2834270413573714,2.997411791786671e-11,1.1265928672285811e-10
FAM83E,-1.6162334236675688,3.1256329962102744e-11,1.1711667750376452e-10
PGM5,-1.2030047327284858,3.168906631483372e-11,1.186859026482556e-10
ALDH3B2,-1.4066166175719719,3.172076499466626e-11,1.187785021678026e-10
SVEP1,-1.1395004202505792,3.192070804772768e-11,1.1942215686572988e-10
FGFBP2,1.583732131495228,3.1961608065759026e-11,1.1954890958925462e-10
SCGB2A1,-2.0703352539177566,3.2086594062785045e-11,1.1993737859728476e-10
PDE6B,-1.0244181336161189,3.208087270877877e-11,1.1993737859728476e-10
EGR3,-1.2197339538902634,3.2080944246622946e-11,1.1993737859728476e-10
FCN1,1.2600121872668,3.217058659159175e-11,1.20172206548543e-10
RYR3,1.2564194493539134,3.231573886053768e-11,1.2066148493640795e-10
SPOCK1,-1.0865210243116934,3.24699089991989e-11,1.2121055463751803e-10
DMRTC1B,-1.0620209261223048,3.265199291633552e-11,1.2183686226231241e-10
IL12A,1.2299037037037035,3.391025115699016e-11,1.2633812671265422e-10
PCBP3,1.323584792427635,3.4423859168978925e-11,1.280752455881381e-10
GJB5,1.7637449118259294,3.463291719079766e-11,1.2877698248019302e-10
PREX2,-1.243093393817996,3.538938184401018e-11,1.3144627542060924e-10
KIRREL2,1.4712190408860606,3.6655172825902015e-11,1.3611809708353932e-10
OLFM1,-1.4113907230666518,3.6810468692058306e-11,1.366054220583467e-10
CD163L1,1.0125837791131538,3.937409636310987e-11,1.458014483722029e-10
PTGFR,1.4342405718549944,4.002285583312185e-11,1.4813936858032276e-10
CX3CR1,-1.1429544047759324,4.020464495470504e-11,1.4877990082108364e-10
KLHDC7B,1.7200138172106376,4.039349600591566e-11,1.493489441990325e-10
SFRP2,-1.0004171674325448,4.076786880304213e-11,1.506350196823188e-10
FAM155A,-1.0666043910294167,4.349365664179337e-11,1.6011607708814118e-10
FAM27C,1.016125431051413,4.406339658145422e-11,1.621784404111012e-10
ZNF676,-1.2011788185852872,4.435819011684493e-11,1.6322817149737882e-10
KIR2DL4,1.2558588939947373,4.4787102928626265e-11,1.6477087121937898e-10
CTSG,-1.2799721181414712,4.501842228383421e-11,1.655861191131094e-10
LGR6,1.8765549860571067,4.5049739508263855e-11,1.6566552878983665e-10
NOXA1,-1.0742608931306705,4.553424007197637e-11,1.6737494246185142e-10
CCL8,1.2174197753426812,4.6498152891107425e-11,1.7077065855845577e-10
LRRC15,-1.1376927654059177,4.997481502813222e-11,1.8298669101894038e-10
IRF4,1.3256756529594282,5.0496712871186565e-11,1.848181861586734e-10
FAM150B,1.671888413652252,5.090240965730373e-11,1.8626300740521755e-10
DQX1,-1.2556359490986213,5.124165339979367e-11,1.8738358544094615e-10
COLEC11,1.126207379914379,5.1357384235908524e-11,1.8776647778821859e-10
DNAJC22,-1.4408148737284483,5.6426301470981774e-11,2.0559262174814285e-10
GSTO2,-1.1721860217587698,5.755500058378514e-11,2.0950655119195754e-10
PNMT,-1.41329783983347,5.851301679480628e-11,2.1264973879973347e-10
TMEM90B,-1.169084493931896,5.922819037913447e-11,2.1501941636253677e-10
MT1G,1.4645845292800752,6.138223988535008e-11,2.224600011167295e-10
WISP2,-1.250937308039747,6.486341754959445e-11,2.345771927945622e-10
LUZP2,-1.3018558579788704,6.605637042518348e-11,2.386380968054465e-10
DOK5,1.093534362358115,6.666289673953333e-11,2.406760931681689e-10
C2orf82,2.110681795687522,6.69303059942853e-11,2.4153912080582295e-10
IGFBP2,-1.4019674286163148,7.251152070814552e-11,2.6074138464098783e-10
ADRA2B,1.0497359805192255,7.497088374520476e-11,2.69187044103065e-10
BIK,-1.0995675542987318,7.972362157894821e-11,2.8522967972468237e-10
TIFAB,1.1182580142178238,8.437502794331259e-11,3.0136466566162194e-10
KIT,1.3242846824555201,8.743854894041094e-11,3.113924066196567e-10
NCAN,2.5241467695691444,8.776511840187628e-11,3.1229418436772945e-10
LOC96610,1.517706158438397,9.252857874751801e-11,3.2855748458511926e-10
ZNF750,1.0787728251050623,9.325579369890366e-11,3.308637847275686e-10
WISP3,1.8832888535407095,9.394137636989814e-11,3.3322675267222775e-10
ADAMTS19,-1.5010832685283382,9.576943276578665e-11,3.3942839542171624e-10
EYA4,-1.150020446958093,9.838625760846819e-11,3.484129688235004e-10
LTA,1.046242028985508,1.0108177964167827e-10,3.575867692766475e-10
TAC1,-1.0179832803110644,1.0168575262721459e-10,3.5949934964531126e-10
GPR39,-1.3327055457366175,1.0167250412413015e-10,3.5949934964531126e-10
CFB,-1.4800888535407086,1.0588960194954423e-10,3.739734386563124e-10
IL2RG,1.0318273634185626,1.1970915706504012e-10,4.214692877439804e-10
FOXD1,1.727434735477789,1.2279237766803757e-10,4.3143267829310497e-10
CPAMD8,1.2221191547857506,1.3067463267059104e-10,4.584649761805038e-10
OR2W3,-1.1040614704842695,1.3574717418382464e-10,4.754780700021665e-10
HTR3A,1.5188889124543414,1.422923812122025e-10,4.974829094731695e-10
ZSCAN1,-1.0825885903931503,1.4677469196536568e-10,5.124175900307867e-10
RASGEF1A,1.146559494913789,1.5338180325349253e-10,5.343887294204128e-10
GLDN,-1.0930260398256149,1.6044035588358864e-10,5.578397837275448e-10
EDIL3,-1.287498102981031,1.6353167502634603e-10,5.676609102524812e-10
FAM171A2,1.0398225874867437,1.6539321377988943e-10,5.737719353578156e-10
SHISA9,-1.850607945485252,1.6967594862640055e-10,5.87910764009685e-10
TEKT2,-1.1445938533443303,1.7061868337783328e-10,5.90721327821936e-10
SNAP91,1.3098787675268058,1.8439976213583798e-10,6.364669536224809e-10
SLC35F3,1.5915996779388077,1.9099944079038602e-10,6.577796717209856e-10
ODZ3,-1.1135288519696784,1.9434758129764174e-10,6.686342039391593e-10
CITED1,-1.2735589371980671,1.9848038729720723e-10,6.825769377365588e-10
TNNT1,-2.039096410195987,2.1210573585898837e-10,7.279646678110786e-10
C11orf93,1.264864969954048,2.156227876518325e-10,7.39439402680368e-10
CWH43,1.855734268096304,2.2706862715890299e-10,7.768137244909838e-10
ETV3L,1.093835788068025,2.297777317903507e-10,7.852929505096674e-10
IRX1,1.9547044420878992,2.419561286079857e-10,8.254232512407846e-10
HOXB5,-1.2684822159381008,2.4262502024343425e-10,8.275393740728389e-10
PTPN20B,1.3834504418522453,2.4752695375418535e-10,8.430768044867552e-10
OBP2B,2.014459251404109,2.515740411571487e-10,8.561728727848388e-10
IFNG,1.3099517418797377,2.5744176721555436e-10,8.742239871746543e-10
CASKIN1,-1.0787083500255283,2.5792875536003113e-10,8.757030908654964e-10
GLRA3,-1.3568780212874596,2.6084331998047797e-10,8.850690853292568e-10
SOX30,1.010386013903617,2.7081835154947844e-10,9.167236189400949e-10
CALML5,2.39817612426849,2.870308711846037e-10,9.69675805648443e-10
NOXO1,1.2923779270256466,3.0064814468790046e-10,1.0134675186134095e-09
LOC286002,1.4430145045363494,3.040945593395035e-10,1.023877939814388e-09
NELL1,-1.005031416676486,3.04097159106352e-10,1.023877939814388e-09
ATP6V0A4,1.6266854718981962,3.064736945111363e-10,1.0308605604433441e-09
MAL,1.2301279329170094,3.295222598910725e-10,1.1048954687822337e-09
LY6K,1.7406349632771683,3.3222362347352326e-10,1.1135147230376109e-09
TMEM213,1.9469032952358507,3.3975922338908906e-10,1.1372051050149739e-09
SLC4A11,1.3260092612230476,3.471516908266144e-10,1.1614918064395372e-09
RNF150,1.2513798711755229,3.5266069507115914e-10,1.1789971804204634e-09
ROS1,1.3833448568398723,3.532751401699743e-10,1.1808195558576374e-09
IL6,1.2086665134912216,3.5983169381984497e-10,1.201320083464411e-09
SIGLEC12,1.3155775813990027,4.056566073795307e-10,1.3498108682441202e-09
TNN,-1.429709296571228,4.0608313947497796e-10,1.3507510347819085e-09
TDO2,1.1028860767448236,4.077007009519464e-10,1.355448289963371e-09
GRB14,1.572628969796944,4.077487721363681e-10,1.355448289963371e-09
DUOX2,1.2145220336985978,4.2895036038666594e-10,1.423669551184329e-09
COL4A6,-1.3961181807470253,4.4182432570684405e-10,1.4632960456607456e-09
ZNF311,-1.0692623227681555,4.6202508617991233e-10,1.5272296618097645e-09
KSR2,-1.2099879855465216,4.77280264520805e-10,1.5770436369401066e-09
DUOXA1,1.419815455009624,4.87281814259965e-10,1.6085305867119992e-09
LRRN4CL,-1.0020755704803421,5.009011051687807e-10,1.6518872620109091e-09
MAGED4,1.259544644750795,5.387834961782921e-10,1.7723552134279149e-09
LOC158376,1.1785891049055421,5.472968166743069e-10,1.799664952300337e-09
TNFRSF9,1.0759679274184042,5.561477724505392e-10,1.827358009807579e-09
AMDHD1,-1.0898653980597781,5.648079093621652e-10,1.8547394324021737e-09
GSTA2,1.3655485409056984,5.730876891822047e-10,1.881566097315008e-09
CLEC2L,1.4356968657947449,5.813551153659939e-10,1.9083418686744173e-09
TLL1,-1.1045063076862647,5.974328096028528e-10,1.958852666064032e-09
BNIPL,-1.4220138918345722,5.994305569666903e-10,1.9650245207204497e-09
GPR63,1.058371195161227,6.139547793998854e-10,2.0107019025346244e-09
HIST1H2BJ,1.0250401790974424,6.293682399865386e-10,2.0592009850087903e-09
FLT3,-1.3675858410902952,6.362199848484264e-10,2.0812190437896087e-09
SLC1A6,1.7533667962766586,6.502392096429153e-10,2.125854048803772e-09
QPCT,1.0114328266760948,6.716137057417376e-10,2.1920137635433356e-09
ATP8A2,-1.0453143435057535,6.762954121753151e-10,2.2063813925949456e-09
EPHX3,1.3648233297985155,6.813311666569379e-10,2.2219589751374283e-09
ODAM,2.0284593967244016,6.842109877741819e-10,2.230496386254655e-09
C11orf41,1.0445281489336624,7.125332223581736e-10,2.317944752007583e-09
CD247,1.0021498252228902,7.187126025282277e-10,2.337154023497368e-09
SKAP1,-1.0576798044067415,7.451154225329025e-10,2.415632142725172e-09
APOBEC3A,1.1320783354934987,7.565109075339318e-10,2.4511759427897373e-09
CDH7,-1.0129977377165078,7.698772382291303e-10,2.489930844376688e-09
F13A1,-1.1169749067200812,7.827894461059573e-10,2.529103446629568e-09
ACSS3,-1.0951583637720423,7.974825888648124e-10,2.573645724534348e-09
KCTD14,1.4633221750913163,8.081728369735005e-10,2.6061699325238995e-09
PNMA6A,1.19530789442677,8.602566774308555e-10,2.766271000122256e-09
SDR42E1,1.1183849298927786,8.615579469054948e-10,2.7699323835757178e-09
COMP,-1.4451072228113588,8.766878873928093e-10,2.8153865212708926e-09
B4GALNT1,1.0842496366992656,8.949609284225896e-10,2.870820231877322e-09
C3orf57,-1.775624354895724,9.484198434451337e-10,3.037154933033213e-09
CNIH2,1.095093256352853,9.653814313927165e-10,3.089148022664029e-09
ALK,1.0863883586661953,1.07156348586871e-09,3.414806542729066e-09
PCDH20,-1.3762378186245643,1.0919395695200986e-09,3.4751879777475756e-09
CENPV,1.0722769647696486,1.0962303924307992e-09,3.488191999831187e-09
ELOVL4,1.0868717253839213,1.1028410916666676e-09,3.508571603041911e-09
DLX5,1.5576670594242161,1.1041817178639167e-09,3.5121805482298285e-09
CXCL13,1.6317089391618564,1.118367279331768e-09,3.553982975745476e-09
MMP11,-1.1470941007815902,1.1371224369381612e-09,3.609557594249479e-09
DKK1,1.7632370841679426,1.1449661258385868e-09,3.6330861045334704e-09
PTCHD2,-1.1269013000274928,1.1665726923223768e-09,3.6975121813232973e-09
ATRNL1,-1.52968677192569,1.2097071580341878e-09,3.829952203257523e-09
CHST9,1.5987411570637438,1.2327570249323896e-09,3.897855947753174e-09
HAGHL,-1.002631459879817,1.2563752618398196e-09,3.9695864024363875e-09
SIRPG,1.126097125014728,1.2614906891496552e-09,3.983531695942634e-09
FAM26F,1.0006865794744906,1.3518273395909704e-09,4.25616927218233e-09
GRHL3,1.227770767055496,1.497458702326166e-09,4.691265949340435e-09
GTF2H2B,-1.173993778720397,1.4977446306788255e-09,4.69129870525297e-09
MESP1,1.0637645575586179,1.5152736158575178e-09,4.7453309448425025e-09
PANX2,1.0569227956482452,1.6262224082436056e-09,5.0731942869369115e-09
SLCO1A2,1.593484183653431,1.6406844430785926e-09,5.115499096599859e-09
ARNT2,-1.0237161737559415,1.8013093002374458e-09,5.593781433815408e-09
NR2F1,-1.0447749302855351,1.813578664596478e-09,5.630855908491891e-09
VASH2,1.0226355445583435,1.8599353114644547e-09,5.7695261118833636e-09
SLC26A7,1.355864958171321,1.952006185718807e-09,6.0452201023442956e-09
LRP2,-2.168401146852049,2.037050362372603e-09,6.298287522005343e-09
PLAC8,1.1546074231177084,2.06207813537543e-09,6.372199355006999e-09
CORIN,-1.1163709673618474,2.114894894278649e-09,6.52475725535605e-09
NAT2,-1.0156707866933745,2.20888348482735e-09,6.807326410895724e-09
PDIA2,1.4425151997172148,2.417462049253943e-09,7.415233915488949e-09
SOD3,1.0751841915085816,2.4679332862079825e-09,7.56323625411588e-09
COL19A1,1.1502985232316092,2.6145701998116403e-09,7.99679067938079e-09
SFRP4,-1.097117858685829,2.6815962871909494e-09,8.192964616229255e-09
ODZ2,-1.244134499823259,2.696454885063617e-09,8.235289295514043e-09
PDCD1,1.1005781901732052,2.7813184076833345e-09,8.474834940570261e-09
NCRNA00052,-1.2763138211382112,2.847590415353308e-09,8.661272508209829e-09
LYNX1,1.148217842975531,3.005466114887325e-09,9.118668793253365e-09
C6orf123,1.0374173677388947,3.023389477277999e-09,9.171414819744268e-09
SLC28A3,1.4855574329366483,3.1288209851901482e-09,9.476048617782006e-09
SYNC,-1.0461432111857345,3.1721776446744245e-09,9.602236986989948e-09
SMTNL2,1.3258892227328072,3.1797300489723238e-09,9.623387725963865e-09
GATA4,-1.0241599269470956,3.2670106527888958e-09,9.88051703374088e-09
SLFN13,1.0849684576410992,3.275440793802901e-09,9.90425367870444e-09
KRT31,-1.0103024586622675,3.6912205886838352e-09,1.109842631096146e-08
GSTM2,-1.0826941164918908,3.779850061037513e-09,1.1344879545200713e-08
PDE1C,1.3181816700051048,3.881164129754377e-09,1.1634611006815179e-08
CD164L2,1.1079422921330657,3.8827720382647374e-09,1.1637382578607615e-08
GJB4,1.157161384077609,4.132156912167877e-09,1.2352226121505872e-08
SNORD116-4,-1.2908375515494286,4.189640174628697e-09,1.2517468802443284e-08
COL14A1,-1.1190648481992032,4.259562025512507e-09,1.27129935672061e-08
FADS2,1.0215789403401292,4.343849918006718e-09,1.2944140700551953e-08
AREG,-1.4194451199874312,4.445288682641161e-09,1.3227899050389477e-08
DYNC1I1,1.1708604178940334,4.475401300791757e-09,1.3308203972845053e-08
MT1L,1.1482704292840031,4.503984787981632e-09,1.338618864560684e-08
TFAP2B,-2.270665209536153,4.571471334631582e-09,1.357965407793055e-08
ZBTB7C,-1.1191620124896877,4.983351962852172e-09,1.4754256593771295e-08
HOXB6,-1.0847012764620407,5.108215864061183e-09,1.5102936834194782e-08
DPYSL5,1.8609507639134364,5.495829028671562e-09,1.6215171233242673e-08
APCDD1L,1.2856382349475668,5.639214641409154e-09,1.6615194696055e-08
ADORA1,1.021163006166292,5.743448980739813e-09,1.691060445055308e-08
CD79A,1.4210682730450497,6.0280221224718816e-09,1.7711735118305064e-08
LRRC4C,-1.173038419543615,6.1927528797915924e-09,1.8183203714284624e-08
COL4A5,-1.2569315934173826,6.264197323715818e-09,1.8373971826193657e-08
CDHR1,1.0051794823455484,6.26897529611724e-09,1.8384819923002685e-08
KIF19,1.210356663131848,6.334427363585993e-09,1.8560787680982357e-08
LOC285548,1.1105224068182717,6.513473793915606e-09,1.905591113389156e-08
CCNA1,1.4112073681316528,6.589228817393437e-09,1.927422994850743e-08
FOXJ1,-1.6915221475982878,6.6756171823535385e-09,1.9513518814878263e-08
EMID2,1.3424093122815286,6.799602750226586e-09,1.9855492941762474e-08
PRR4,1.301597600251366,7.570263529485135e-09,2.2000270973913283e-08
DNAH11,1.452631510938299,7.574361088167097e-09,2.2008423363160833e-08
C16orf89,-1.5929172381289032,7.696648844079313e-09,2.2337070520564194e-08
SYCP2L,1.208391394682062,7.836603771065315e-09,2.272775242187369e-08
GLDC,1.6675033030910011,7.850599210003077e-09,2.2764465272663443e-08
EPHA10,-1.1490698440752531,8.045772480289732e-09,2.3322468993929215e-08
PCDHA6,-1.394061073799144,8.104700945475056e-09,2.348529132234817e-08
PDK4,-1.0297750598955275,8.352694203351578e-09,2.4162796378983757e-08
ZNF711,1.17411014099996,8.780777590027892e-09,2.5323732829496192e-08
CYP24A1,1.3537190291033347,8.85668259422243e-09,2.551671537465877e-08
LMO1,1.1394468638309572,9.067230641767407e-09,2.6101240336257426e-08
LGALS7B,1.5947766780566361,9.269571525417598e-09,2.6670181293776263e-08
XIRP1,1.2493616158045633,9.45367512289992e-09,2.717233541653766e-08
PLIN1,-1.6455258552295673,9.90460058030155e-09,2.8401304576954942e-08
SLAMF1,1.022645477396802,9.956409045504494e-09,2.854025350024264e-08
TCL1A,1.4315711362475936,9.993616284261655e-09,2.8637268268715458e-08
MAOA,-1.131164675385886,1.0626768849214969e-08,3.038513658531413e-08
VNN1,1.0904607870861334,1.0673289615496518e-08,3.051303040992206e-08
PCDHA3,-1.086119516122698,1.1064456964735807e-08,3.158359069886872e-08
BEND7,1.014952959428145,1.1210388212216623e-08,3.197871210285579e-08
SLITRK5,1.4321032284670672,1.1406569444300506e-08,3.252199525137077e-08
PTPRZ1,1.9876061780762733,1.1817889468794285e-08,3.365529392200112e-08
SLCO4C1,1.1529907662699816,1.187633612597149e-08,3.380478091681338e-08
CD22,-1.1862137229488239,1.2414539479930679e-08,3.5265989548493657e-08
LYZ,1.004378928557399,1.274595714616954e-08,3.6159195435493466e-08
SYT13,-1.9007710223479037,1.3295906925303199e-08,3.7631592976219624e-08
SP5,-1.1869579238835866,1.3413765830850869e-08,3.795051466544827e-08
SERPINB7,1.7334281882094182,1.3872890172240728e-08,3.919948890546866e-08
USH1C,1.0848603118494953,1.3910498698946554e-08,3.9273175206077554e-08
EFHD1,-1.03409331919406,1.427498839461192e-08,4.02355267064285e-08
UMODL1,1.2317715879187778,1.4446743748883912e-08,4.0699428625888014e-08
GRIA2,-1.5627057578256949,1.4808133708496226e-08,4.167617204688328e-08
ITGA8,-1.010748450571462,1.5030832599118537e-08,4.225405730653494e-08
HABP2,-1.0582764895330112,1.504948607210528e-08,4.229951275919342e-08
CRISPLD1,1.3350050469345245,1.515475363632763e-08,4.257430788958421e-08
SEMA3E,-1.5883332547818236,1.54519246359447e-08,4.338052696177683e-08
HRASLS5,-1.3769045127842583,1.5822978406749713e-08,4.432724498551532e-08
STMN2,-1.120735685951062,1.7386024022421272e-08,4.85941226164179e-08
SULT4A1,1.3792589175601897,1.7767194939189687e-08,4.962691976618015e-08
ACY3,1.0756866108950938,1.8391630540990184e-08,5.1312167122061405e-08
CR1,1.0113268567613218,1.8453454388443545e-08,5.146779040864618e-08
PAR5,-1.0002663131848717,1.8661862364245993e-08,5.201497807906862e-08
GALNT14,1.2656159381014103,1.8887656440901153e-08,5.2609877197995854e-08
GPX2,-1.2866525941636238,1.906395161842447e-08,5.3074889007972656e-08
MMP10,-1.398627481245827,1.936575216781541e-08,5.3879882277061994e-08
FMO2,1.1979389340560056,1.979824002452147e-08,5.505617694604844e-08
GALNTL1,-1.140724920466596,2.005144005096797e-08,5.572389426696876e-08
MYCN,1.019003833313696,2.0497203950255254e-08,5.692553543262345e-08
RIMKLA,-1.0242050665724047,2.05137167027623e-08,5.6962105894022816e-08
CSDC2,-1.021460300066769,2.095005838972947e-08,5.809794730126898e-08
XDH,1.6267130984643172,2.141625040134007e-08,5.938110458072638e-08
GPR64,1.3676943717842969,2.4070114139161756e-08,6.631840216630395e-08
LPAR3,1.3883203369859785,2.494129505226448e-08,6.866315142904366e-08
KLK14,1.5109229331133895,2.521950871077923e-08,6.941784925562797e-08
XKR9,1.1729843525391779,2.5495500084325943e-08,7.014351638708737e-08
MAGED4B,1.0710973999450122,2.6747372233162204e-08,7.337431525946398e-08
CXCL11,1.2310481795687513,2.6944543141162362e-08,7.386760619671523e-08
KCNJ10,1.0180787910922575,2.7865662308575914e-08,7.625507254280006e-08
BTN1A1,1.0058148108872393,2.9104431632776402e-08,7.948179453274249e-08
COL22A1,1.5899235733081962,3.091190709310374e-08,8.424224320620207e-08
SPAG6,-1.1856100349554224,3.1816005278532e-08,8.660910644076085e-08
CLDN10,1.8092349357841404,3.2685401219185164e-08,8.889051146003247e-08
ANKRD1,1.355933294057579,3.73004396019574e-08,1.0086162058134876e-07
ADAM6,1.2794994933427564,3.756630598879417e-08,1.0151605696432319e-07
CA3,1.2999280232512467,3.8674014363610866e-08,1.0439347988782581e-07
FOXI3,1.1319717057460434,4.2307071176986895e-08,1.138213937036472e-07
INSM1,-1.2663550292604375,4.281368634579063e-08,1.1512980869553362e-07
RGN,1.162272982208084,4.325923694693196e-08,1.1627285435704724e-07
FAM181B,1.1087593810140999,4.4412013968523136e-08,1.1923449115754318e-07
LRP1B,-1.2806875456580649,4.498122463227353e-08,1.2063062758877044e-07
PCDHA4,-1.3570432308236131,4.768304986003221e-08,1.2753923969158923e-07
TIMP4,-1.1111995011979108,4.8995473400668784e-08,1.3094678468508935e-07
CCDC68,-1.0517106005262948,4.9258123580218766e-08,1.3160744345326728e-07
SRPK3,1.0631606810415946,5.0052391333323584e-08,1.3364569213021332e-07
PROX1,1.094813137740073,5.0641989843179904e-08,1.3513523770438012e-07
DCDC2,-1.2727772436275089,5.1147789835421824e-08,1.364208082846098e-07
ABCA9,-1.02344591728526,5.1656351065505054e-08,1.3769097803185962e-07
IVL,1.515021601665291,5.9313842921208496e-08,1.5714292858559127e-07
LY6G6C,-1.0612705824594477,6.130578519941578e-08,1.621679903613002e-07
C6orf105,1.0160843014806957,6.136020805462035e-08,1.6226154397052557e-07
ABCA8,-1.3390264365107427,6.222111924252568e-08,1.6438499235187906e-07
ORM2,2.0305889517300986,6.4291892216662e-08,1.696716138927249e-07
IGF2,-1.1591678842150728,6.583259826664517e-08,1.736031508951637e-07
THRSP,-1.5287005498605701,6.770461092156247e-08,1.7831882523881983e-07
CLEC4F,1.2338517065315582,6.936630033589388e-08,1.825259726082004e-07
DSG3,2.2300195514708774,7.196216816391128e-08,1.8915198700901516e-07
TMEM108,1.118378834295589,7.249880731092807e-08,1.9044496197826702e-07
PPARGC1A,1.4240334786536275,7.298634790816773e-08,1.916074464122239e-07
SLC44A5,-1.4145649581713204,7.982837973976819e-08,2.0876494271625496e-07
KCNB2,1.1634862966890536,8.0726194171616e-08,2.1097883685539693e-07
SERPINB2,1.6695858175248413,8.406998836864876e-08,2.1928502097075943e-07
TPSD1,-1.2259120144534776,8.610079615495625e-08,2.2437590796004665e-07
ATP2C2,-1.0663610698715695,8.654935160885847e-08,2.2544133647887118e-07
PIK3C2G,1.3894092219472904,8.833858938651948e-08,2.299260549063773e-07
MAGEA4,2.1573373276776246,9.50591031100719e-08,2.4677690944581165e-07
STK33,1.0762985507246376,9.911742849981378e-08,2.568035611367456e-07
FOXD3,1.1117526609324062,1.126981214801944e-07,2.903553719830122e-07
FGFR3,-1.228502356545305,1.1525074702014494e-07,2.967075165159589e-07
FOXC2,1.1428081497191784,1.1601224423587422e-07,2.986228112661636e-07
SNURF,-1.0944798201170407,1.1927733359514693e-07,3.0674916809503955e-07
KRT14,1.8867388751423748,1.209352429323135e-07,3.107782084106381e-07
HOXD13,1.0561634146341463,1.3907993782252697e-07,3.55368543303471e-07
ELFN2,-1.113902309414398,1.3913830644031728e-07,3.554643502368142e-07
GABRQ,1.1502930717568045,1.394318833619799e-07,3.561609380012776e-07
PLD4,-1.0029431365618002,1.4790626153412515e-07,3.767340164412431e-07
MMRN1,-1.1472036762106752,1.7700147154005833e-07,4.4683294698001683e-07
DUSP15,-1.0272688464710735,1.7723592664146293e-07,4.471596786228317e-07
SPINK8,-1.259914885511174,1.7769216682292662e-07,4.4824434913263816e-07
MYBPC2,1.020563893798358,1.7857027620785719e-07,4.5032604824815757e-07
LOC90246,-1.0547581477553902,1.7980777621291362e-07,4.5331257274699024e-07
NCAM1,1.0580409763952723,1.8425313591215307e-07,4.639702653532407e-07
CPLX3,1.0790268449785945,1.8816017756586363e-07,4.737385901754373e-07
ATP2B2,1.3180449982325912,1.8906572896451216e-07,4.758075017386792e-07
MAPK8IP2,-1.0676471976748738,2.0971682821009142e-07,5.250628615727517e-07
PCP4L1,1.2521026746789206,2.2530668845777867e-07,5.63018768075711e-07
FREM2,1.4777706531558064,2.2879343067729594e-07,5.713126282161804e-07
C11orf92,1.1665502336907418,2.3015614539032817e-07,5.74462722555663e-07
FCAMR,1.0523532618514588,2.311720672989294e-07,5.768293488792333e-07
CLCA4,1.0379462472016023,2.3283225654067768e-07,5.80716656251866e-07
CD19,1.3113701268606892,2.396408112668057e-07,5.970860301205123e-07
QRFPR,1.2341175091316126,2.5260992140905817e-07,6.278381438406686e-07
LOC440905,-1.310476650563607,2.9329134286609145e-07,7.244019679491715e-07
WNT7B,-1.0302942068261274,3.06297834865889e-07,7.552124117223237e-07
MSI1,1.2171389929696392,3.1887028537080087e-07,7.849611101278894e-07
NPY1R,-1.7077566513491238,3.194846109543783e-07,7.862460873631593e-07
AZGP1,-1.3478606574761383,3.31366492744397e-07,8.143104432088139e-07
SLC12A1,1.3886585248026395,3.613787413662184e-07,8.8448979095526e-07
CYP4F12,-1.046466647028789,3.653591126254166e-07,8.937181396166108e-07
ESPN,-1.0492199952869097,3.8191544100268626e-07,9.331449010438661e-07
PLA2G2D,1.3032879187777375,3.8498331587139166e-07,9.3989506600276e-07
GLP1R,1.21310688896744,4.0357268861997477e-07,9.833800096148477e-07
FOXQ1,1.0875282078472965,4.119727725869281e-07,1.002414104465693e-06
PHKG1,1.0340201013314485,4.5471281290323703e-07,1.1013738022674053e-06
NOTUM,1.147052873021484,4.5646926909634397e-07,1.1053137569615723e-06
WIF1,1.6694476100703035,4.647232900529169e-07,1.1240218192871999e-06
ARMC3,-1.0979139939515332,4.724426774566963e-07,1.1422059621078278e-06
RPRM,1.0664588743568595,4.814716646505644e-07,1.162384809894969e-06
C6orf176,1.0715504418522448,5.08876450787039e-07,1.2261128971283637e-06
OLFM4,1.8883288873178588,5.104962132873517e-07,1.229841634217513e-06
CSAG3,1.4624729390047522,5.20835327433798e-07,1.253685600875983e-06
CXCL9,1.2012443030517268,5.236071857129057e-07,1.2596454827928781e-06
STEAP4,-1.053258693688388,5.728798877304863e-07,1.371979255807929e-06
KIAA0125,1.1411020816150192,5.88391907274017e-07,1.406952285997825e-06
MYH11,-1.1246192961784676,6.135672051993708e-07,1.465299327520023e-06
DLX2,-1.0225163308589593,6.234437139696327e-07,1.487009306569026e-06
KRT4,1.6424327677624597,6.621006502468876e-07,1.5767828378834422e-06
PPP1R1B,1.5130413927182769,6.781541425988348e-07,1.6136600598656081e-06
ACSL6,1.1901734967204756,7.489667800289873e-07,1.772745554398006e-06
LHX2,1.032587906995012,7.860546048389953e-07,1.8548579631991257e-06
GJB1,-1.2947623031302782,7.963763908970607e-07,1.878433509276585e-06
TNFRSF17,1.107942464946389,9.081305667228196e-07,2.130229139296091e-06
C17orf93,1.0204954911433175,9.08487739524297e-07,2.1307734752924915e-06
CCL14,-1.09864656533522,9.360387483975574e-07,2.193579177818963e-06
KANK4,1.1713001610305964,9.404084595396529e-07,2.202607078250624e-06
OGDHL,1.3213457641098154,1.0973998308601104e-06,2.5520577795367584e-06
TACR1,1.098092443344724,1.099549870403862e-06,2.5567086691668172e-06
TMEM139,1.2589250854247664,1.1119962495121339e-06,2.5849435065781657e-06
SLC39A2,1.0314489807941558,1.1372979877528e-06,2.6412361559293855e-06
TUBB2B,1.3627645418483167,1.1392198832655053e-06,2.645338779930673e-06
CACNA2D1,-1.0177106123090223,1.1881976517116753e-06,2.7538113784226773e-06
LAMB3,1.0205715447154446,1.3930000461191208e-06,3.2057825385687333e-06
AQP4,1.0445915085817519,1.4364873489749404e-06,3.300509923508262e-06
LGR5,1.3142407132477127,1.4575373496832166e-06,3.345715199501979e-06
S100A7,2.2486925336789603,1.4721848655446622e-06,3.377061996258836e-06
KRT79,1.3749377243627507,1.498085302532706e-06,3.4304682939534737e-06
KLK13,1.1055623973920903,1.5538995005684723e-06,3.55076674978679e-06
CDH4,1.0666319783197835,1.5539489951207596e-06,3.55076674978679e-06
PAH,-1.042641911158242,1.564792996797836e-06,3.5750502730704518e-06
NLRP7,1.0325285495463645,1.6905628746242419e-06,3.8484541845810505e-06
SYN2,1.1003854718981976,1.7027557250440265e-06,3.873104046680883e-06
MYO3B,1.2045311221083228,1.8892790375786924e-06,4.279082592095376e-06
PCDH10,-1.0175520914339584,1.9177398243988343e-06,4.340080958074704e-06
SMYD1,1.07657547621853,1.966124755378267e-06,4.443676786209939e-06
TMEM132E,1.1353055535917678,2.159000833090939e-06,4.8570388622904484e-06
DCX,1.5796769058560152,2.250577516232764e-06,5.049049545704647e-06
PAX5,1.0746314991555719,2.272982011840835e-06,5.0966272102237555e-06
PCDH11X,1.0587881230116656,2.3310284944649423e-06,5.217851637846736e-06
SCN2A,1.0161408310749787,2.5612005803825575e-06,5.703091773524445e-06
ALOX12P2,1.0054957385805743,2.5930114338367837e-06,5.7716618374382986e-06
CD1A,1.2199504300695185,2.91933479458836e-06,6.4633738366926385e-06
FAIM2,-1.0047702093397755,3.255413379968394e-06,7.1738729116021936e-06
CA8,-1.3226563999842895,3.262717765349616e-06,7.188109125990163e-06
HS3ST4,1.1861508188994934,3.508305944276056e-06,7.713200391301475e-06
SLC27A6,1.221015062252071,3.7543727206192257e-06,8.22128937021286e-06
PCK1,-1.057324248851184,3.790928295487081e-06,8.294938824636386e-06
APOBEC3B,1.0531602097325319,3.950960056093817e-06,8.620736675884396e-06
TMEM132C,-1.034602662896194,4.170388716069299e-06,9.077418179276605e-06
ALOX15B,-1.1806760771375826,4.4365669075136225e-06,9.62971379492187e-06
CD207,1.0232599780055773,5.255483958784576e-06,1.1322440401524601e-05
FGB,-1.037395656101489,5.419236722594676e-06,1.1658615637416287e-05
BNC1,1.2340124936176897,5.449255319296833e-06,1.1718754651802635e-05
CACNA1B,1.110055865834021,6.114178550909723e-06,1.3082605945720893e-05
EPHA7,1.2372174541455556,6.140980900752625e-06,1.3133354858698632e-05
FUT9,1.024879132791329,8.683885171050429e-06,1.8293736326445918e-05
ACTG2,1.434779014964061,8.885414743841249e-06,1.868823182507305e-05
LGALS7,1.0815138015003345,1.159452896460298e-05,2.405052719454187e-05
TUSC5,-1.2600851930403358,1.3144718576746257e-05,2.70808440007967e-05
CRLF1,1.1596252818035442,1.5489584247027694e-05,3.1629210998427055e-05
MAT1A,1.0505261615804566,1.6099212528789306e-05,3.281895970376848e-05
C4BPA,1.1229779113153453,1.6157189343766626e-05,3.292926454336353e-05
LBP,1.6672391736381118,1.699440381750357e-05,3.455285303391664e-05
ACTN2,1.0551463100428111,1.7230872235632556e-05,3.500856050737562e-05
WDR72,-1.2136836455755868,1.846259199098812e-05,3.738619995321376e-05
NPR3,1.097157487922705,1.9825947761158136e-05,4.00137343413751e-05
ADAMTS16,-1.1529882565492313,2.099868936788716e-05,4.2295408626270645e-05
BEX1,-1.1170002238718042,2.1373114036832552e-05,4.299363714236456e-05
GABRA3,1.0374462746946307,2.2213307125406134e-05,4.4588946292511365e-05
PCP4,1.0885114056792746,2.7383121350956456e-05,5.4452890776131296e-05
EN2,1.0060319979576609,2.8953016025994614e-05,5.744726353520776e-05
CST1,-1.3398992891088346,3.179742768733925e-05,6.284937250642845e-05
PTH2R,1.093455382742233,3.288285221647597e-05,6.485176297007363e-05
SLC13A2,-1.1424963827029582,3.562712327312143e-05,6.998845418632575e-05
MAGEA3,1.6301901692785041,3.566004137062092e-05,7.004504089292667e-05
MAGEA6,1.6956183142845918,3.7124360347294585e-05,7.277024133453348e-05
CRISP3,-1.3934466792349083,4.751841565002673e-05,9.188584291131546e-05
ADIPOQ,-1.5245354031656246,4.827704391331703e-05,9.328923838009635e-05
RIMS2,1.0346967283296014,6.062080387381531e-05,0.00011580171508368759
KRT75,1.1223325124700525,6.711989114904797e-05,0.00012771527891265776
MS4A1,1.1303183614154975,6.794453514221273e-05,0.00012914011534284408
KLK11,1.393108102588271,0.0001310613259568516,0.000241686451656219
MUC6,-1.2326575900396688,0.00015859851095658718,0.0002896131933938109
APOD,-1.0011940497231056,0.00020273231103224202,0.0003649996042794251
ADH1B,-1.3946836573583115,0.00023382228730074663,0.00041792543584505827
MYBPC1,1.3662129767094768,0.0002481076873904807,0.000442437059294229
ORM1,1.3785176701622102,0.00026950305594567456,0.00047858571874398725
MAGEA2,1.1547773614547738,0.0003224998712319577,0.000566495390106265
S100A7A,1.2800582263069002,0.00033422317588974193,0.0005860002764750649
MUCL1,-1.4894404343898513,0.0006547076154525327,0.0011106355903134407
FABP4,-1.03795383920506,0.001134957019142189,0.0018687342198580178
CASP14,1.1813619889242375,0.0015838091576736671,0.0025609827150762012
GSTM1,-1.1142586779780848,0.0035382355547944177,0.005458479164611734
