Gene,Mean SHAP Value
FOXA1,0.0035564437159912865
GABRP,0.0032812439017247635
ESR1,0.0030106470204653863
CA12,0.002950758904130013
XBP1,0.002674780420363345
ESYT3,0.002463192932773868
GPR77,0.0024452293487865037
PRR15,0.0023221538571375827
THSD4,0.002235015684217011
GATA3,0.0022241148710789296
HAPLN3,0.0022186711762541287
PPP1R14C,0.002213964978485297
DNALI1,0.0021762902381205814
FAM171A1,0.0021576473197004657
CDK2AP1,0.002058090467937335
SPDEF,0.0020116672152264902
TTYH1,0.0019820366255713703
GPR160,0.0019084153777274
ANXA9,0.0019026929899372787
TBC1D9,0.0018614042466847008
UGT8,0.0018584382808083165
KCNJ11,0.0018381279043523492
DEGS2,0.0017178878902530804
CACNA2D2,0.001695434066347988
CMBL,0.0016796860930279275
INPP4B,0.0016298487699074927
TFF1,0.0016051863196882492
MLPH,0.0015992308944794101
CXXC5,0.0015638612405249317
MYB,0.0015102996151569196
CCNE1,0.001435695957937875
C1orf64,0.0014302732938999334
ZNF552,0.001411158696765089
VGLL1,0.0014072880612842615
C6orf211,0.001404880736796303
TTLL4,0.0014006394995263048
FOXC1,0.0013959849314399576
TCEAL1,0.0013862063658390737
FSIP1,0.0013774474069545692
SOX10,0.0013734014214180728
KLK5,0.001355174915582757
ROPN1,0.0013206379317691839
RABEP1,0.001313347979868415
SLC39A6,0.0012863043206650163
ABCC8,0.0012793105081702516
SYTL5,0.0012789896820916428
ARSG,0.0012518077966556798
BPI,0.001250039942087504
NCK2,0.001234887367989768
SLC7A13,0.0012075111751489124
TFF3,0.0011934780366055016
CHODL,0.0011917022580669274
CLCN4,0.001167049847167139
LIMA1,0.00115428574386119
WWP1,0.0011542288391609868
SFRP1,0.0011293604429545986
ATP8B1,0.0011108734871846425
SLC43A3,0.0010965939340148417
TMBIM6,0.0010949947819179694
RGMA,0.0010938221253852212
BBS4,0.0010852477507120875
RARA,0.0010530856570556773
SLC16A6,0.001046156815617621
MAP2,0.0010333858678830165
COL11A2,0.00102225574951437
MICALL1,0.0009710455460996565
SLC7A8,0.0009707829716316476
B3GNT5,0.0009704827621656153
C4orf34,0.0009620039881416219
CT62,0.0009540454929059756
AR,0.0009474254750207648
MCCC2,0.0009427348731334512
NUDT12,0.0009402064777654355
F7,0.0009323995166690984
TTC36,0.0009266467382928828
C9orf170,0.0009246720344722323
INPP5J,0.0009128058740229469
SLC26A9,0.0009062714597633865
C5orf30,0.0008988573235911355
PAPSS1,0.000872068004280022
KIAA1370,0.0008327069247358878
CENPA,0.0008162403102563204
ELOVL5,0.0008099513363602517
ANKRD30B,0.00079661981861501
BCAS1,0.000788458923982683
ELF5,0.0007835209450215487
SCHIP1,0.0007670281760576072
C5orf36,0.0007665430750344854
CCDC82,0.0007605062371310046
RHBDL2,0.0007403953760561082
ATL2,0.0007351194393157632
PEX11A,0.0007244375386470961
BCL11A,0.0007240996026572607
MAGED2,0.0007198165853025122
DACH1,0.0007165150794843103
C17orf28,0.0007017697673278779
TPSG1,0.000692747292147723
IFRD1,0.0006796879109136413
WFS1,0.0006726492523362128
IVD,0.000668330191289355
SYTL4,0.0006667003775084593
MMP7,0.0006641734620032548
LEMD1,0.0006637111327176341
RNASEH1,0.000660239879755636
TTC8,0.0006568618871765335
PADI2,0.0006527846953856306
YBX1,0.0006519489736184694
ATP6V1C2,0.0006463859932538017
CSTB,0.0006454268342876835
KRT83,0.0006450114053086367
BTG3,0.0006412658012644749
MREG,0.0006398420993648738
CRYAB,0.0006348618002326609
CDCA2,0.0006328510633531006
LRIG1,0.0006326488499430995
CYP4Z2P,0.0006236640444925005
ENPP1,0.0006160264396166172
TCF7L1,0.0006144902297321377
GP2,0.0006139617581465544
CENPW,0.0006121780762859114
CCDC125,0.0006071794724262274
FBN3,0.000605023991761715
ERGIC1,0.000603233230859907
MSN,0.0005979423399934303
PRTFDC1,0.000594069686888814
C9orf40,0.0005922767189321516
EN1,0.0005877818021887655
UBE2E3,0.0005818936762516367
GUSBL2,0.0005752685999566532
FAM174A,0.0005678591983659627
TLE3,0.0005583357733403376
SLC22A5,0.000550972293192285
GFRA1,0.0005499266082142255
CYP2B7P1,0.0005483289149231759
STAC,0.0005436301892261979
GALNT7,0.0005365228832714277
IL34,0.0005347332033173962
CSDAP1,0.0005344867634003265
TSPAN13,0.0005304571651298442
LRRC50,0.0005269749631895016
C11orf75,0.0005196887697461601
KRT37,0.000519361127696328
BBS1,0.0005152712803560755
DSC2,0.0005060104697319512
CLSTN2,0.0005043100248622089
SLC44A4,0.0005038390457155227
AFF3,0.0005023017466231022
PGR,0.0005014445198474589
TTK,0.0004960464024608481
SPRYD3,0.0004934153811218635
S100B,0.0004891087617776014
IFT140,0.0004882835369270533
TBX19,0.00048439638590793864
PPP1CB,0.00048398196231303896
GFRA3,0.0004830146612543073
ODC1,0.0004819059768772063
RND1,0.0004805447027185799
ETV6,0.00047615629466139136
TMCC2,0.00047490136257023595
RPIA,0.0004746933685294988
REEP5,0.00047326297408895854
LEO1,0.00047009825181300806
DZIP1,0.0004695481020093561
LOC100127888,0.0004688504451855717
ZIC4,0.00046554228625079785
C9orf64,0.00046167037134786144
LOC100130148,0.00046113387791997946
KCNQ4,0.0004582963665990252
LDLRAD1,0.0004562872929161417
RHOB,0.00045552828957838966
RAB30,0.00045526220662754093
BYSL,0.0004549886717413949
PEX19,0.00044953590239700785
APBB2,0.00044871952883769855
PM20D2,0.0004429695084502462
RAB27B,0.00044193073424607626
YEATS2,0.00044116444767411595
KLK8,0.0004398397624010857
FMNL2,0.000438020631491184
COMMD2,0.00043083034670864416
CDK17,0.00043047519871037735
KCNK5,0.00042852249679734445
NCAPD2,0.00042707732627556786
RERG,0.00042593474603058447
GPR12,0.00042391348619545466
CDC20,0.00042334557436271727
SLC25A37,0.0004228634580203058
PELI1,0.0004210413043486934
CDC42EP1,0.0004196234914092205
STARD10,0.00041252519813465214
RRP1,0.00041210322078107174
RARRES1,0.0004093703827544737
TMEM135,0.0004068757281203325
C10orf111,0.00040679937332951233
C9orf152,0.00040671370264999934
C6orf15,0.0004057122112179355
C6orf150,0.0004051966837917192
PNMA3,0.00040427929455125156
TRIM3,0.0004032933253012144
CCKBR,0.00040107688649430347
SUOX,0.0003978257369993763
FBP1,0.0003978163546556138
PSAT1,0.00039115054167703986
KRT16,0.0003899244185790069
C6orf218,0.0003875986209937494
UBXN10,0.0003861657538950576
KIF16B,0.0003843585876965536
MEMO1,0.0003816462346962071
CSNK1A1,0.0003804378017010513
TMSB15B,0.00038034479504771274
TRIM2,0.0003771805694066808
FAHD2A,0.00037588365700315737
MAPK4,0.0003750530679372313
PRKX,0.0003724926307988449
CEBPB,0.00037170276266527166
CHEK1,0.0003716224393279781
GAMT,0.0003711184940027949
KIAA1804,0.00037043721709236914
MEX3A,0.00036980217639027117
ZNF286A,0.0003690891570896872
LPIN1,0.00036289602653936915
MPP6,0.00036167744503665605
DALRD3,0.00036139650594212836
SKP1,0.00036116074062802876
EAPP,0.00036013755204353703
ACADSB,0.0003582872873285899
SLC4A8,0.0003581805667566179
RGS11,0.00035809316061356187
SYTL2,0.00035696042338497906
ICAM1,0.0003508597246474041
GPN1,0.00034869110119489793
TNFRSF21,0.00034625591919810415
ANP32E,0.00034448136825481417
EPHB3,0.0003391914144604042
KCNN4,0.0003378623677700053
GJB3,0.0003358676609382502
SLC22A16,0.0003353001646947821
SFT2D2,0.00033344181761815674
C6orf97,0.0003331894977495601
FOXM1,0.0003329506637324086
TMEM144,0.00033065845028401494
UBXN2A,0.00033045511479096396
SCRG1,0.0003291472110560878
MATN4,0.0003275459005881134
ANKRA2,0.0003269570028593495
ANKRD45,0.000326435014613985
RAB21,0.0003228651850497342
TBC1D7,0.00032006373963064665
STK38,0.00031537924455247996
KLHDC2,0.00031177069970133935
C20orf26,0.000308686522190168
SDR16C5,0.0003080764435260851
LRP10,0.0003064053448439552
SORD,0.0003058805521653423
?|90288,0.00030506323459644937
LYPD5,0.00030469085933471063
POMC,0.00030441371772555766
PCDHB9,0.0003029215712611438
PER2,0.00030103842376327247
RNF103,0.0002969127222449118
LOC145837,0.00029568696280194687
A2ML1,0.0002941693962905677
CDKN2A,0.00029106003898441714
GREB1,0.0002909150753504515
MIA,0.0002875329975144925
RGS22,0.00028622415658305866
HORMAD1,0.00028481874052071544
ADAMTS15,0.0002828195422864518
UPF3B,0.00028129032118029255
NOL10,0.00027729004219740217
MTHFD1L,0.0002752561223203127
SPATA20,0.0002752050721787216
WNK3,0.0002728232362636884
KCNK15,0.00027272546661657104
C10orf90,0.0002625338176642541
TCF3,0.00026057327435661544
TMEM63C,0.00025789434552573074
OCA2,0.00025751974110060645
SOX8,0.0002570774378133605
POU5F1,0.00025666518130076986
CENPO,0.0002548246061785255
HNMT,0.00025446547479231337
LOC113230,0.0002534211133558481
SERHL2,0.0002525586936789196
BTRC,0.0002510381547753908
LMO4,0.0002485658750545532
FZD9,0.00024782224518465494
FXYD6,0.0002470562744450229
ZMYND10,0.0002463060796601776
GDF5,0.00024629400100445383
SLC26A3,0.0002452262366280958
ZNF625,0.00024183561696959694
TMEM216,0.00024169311660213527
GPR126,0.0002405454841633527
PRKCD,0.00023889029506344868
ITIH5L,0.0002378129729390298
PTCHD1,0.00023724924845592186
TBC1D1,0.00023716526950153256
RNF208,0.00023614717698404033
LY6D,0.00023591551093951865
SERPINB6,0.00023397500289139265
ART3,0.00023237268905992878
IL22RA2,0.0002310693226238151
ZNF91,0.0002309106977679398
DGKG,0.00023026821637857003
B3GNT7,0.0002299707528204624
PLOD1,0.0002296150031493856
PDSS1,0.0002281475772626133
LCMT2,0.00022705511718398662
STARD3,0.00022274462584596897
FNTB,0.0002226550860632649
PCDH8,0.00022240888013534018
CHN2,0.00022239090852665475
DAZAP2,0.0002222813432922837
SH3BGRL,0.0002221000647887142
APLF,0.00022165417250249206
NDST2,0.00022091713375247955
SLC35F2,0.0002200885086891095
C13orf27,0.00021910538367512185
MVP,0.0002185982746510248
EPHA2,0.00021845608224390915
CTSL2,0.00021805807469921332
TRAK1,0.00021675174994341666
KLHDC9,0.0002165465373139867
NCRNA00092,0.000215865623412725
SLC34A2,0.00021528803412188276
CAMTA1,0.000215160749567488
CHCHD3,0.00021418423759879374
NOSTRIN,0.00021238734594300395
RBM28,0.00021218136045670234
OXER1,0.0002119153074704879
LIMD2,0.0002111515574542241
LPO,0.00020728532512236767
CHIC1,0.00020689627884392493
AIM1L,0.0002065092732264037
KCNH1,0.00020647986625361975
CXorf61,0.00020628494275109834
CD46,0.0002053941752226247
TICAM1,0.00020525955761082102
SIRPA,0.00020432220468502398
GLUL,0.00020423119802819462
OGN,0.000203927215117541
RBM47,0.0002034563282719626
TRAM1L1,0.00020120907131824725
KIAA0020,0.0002006476127081869
CCDC74B,0.00020046331113433635
SLC6A2,0.0002004000530810324
COL4A3BP,0.0002001257159283742
RMND5B,0.00019953872861634732
PLEKHA9,0.00019933999755259273
TF,0.00019898408945136724
NPC2,0.00019896859180311676
MAML2,0.00019891197731595074
PRRT3,0.0001987993769737161
C1QL2,0.0001986832421721032
FERMT1,0.00019854182823351093
CMTM7,0.0001985206188508041
CDC20B,0.00019631755711539928
MED13L,0.0001962788970738903
NXNL2,0.00019566153767417726
KIAA1755,0.00019411707595191915
PHF19,0.00019405467481731743
C6orf167,0.00019367144693874125
SSC5D,0.00019342174368999396
CDH19,0.00019326585516064114
VPS37B,0.0001928714001706975
ZNF488,0.00019241243332358674
RRP1B,0.00019166015288298542
MT1H,0.00019108008974072637
NOX4,0.00018963040610612118
NEK5,0.00018932917121699595
PAX9,0.0001889952364891249
CHST3,0.00018863597793949039
NUP85,0.00018787205093572358
NDN,0.00018780673226372939
ROPN1B,0.0001876191774974501
CELSR1,0.00018710128092717669
NCRNA00087,0.00018691856913140932
PLA2G4A,0.0001865367596489231
C19orf21,0.00018641489384396315
TIGD2,0.00018526564645011482
C6orf123,0.00018508241727630388
SPI1,0.0001840394486212318
COPZ1,0.00018316983026370691
B3GNT4,0.0001825992287520704
KLK14,0.00018249408800518122
SCRIB,0.0001823274244629793
TTC7A,0.00018145981614330802
CASC1,0.00018122831805083244
WDR46,0.0001801731774657851
LONRF2,0.0001799552273487855
JOSD1,0.00017848372655357103
FABP7,0.00017839621822417397
C2orf82,0.00017644455592780148
PPIP5K1,0.00017631331245386488
OTX1,0.00017612885330685611
PTGER3,0.0001758105953540415
ARHGAP22,0.00017504100770932907
LILRA5,0.00017410964566604391
INTS10,0.00017379626066608107
SIDT1,0.00017359712698142204
LASS2,0.00017348331023604385
ZSWIM4,0.00017269505165172952
CDK3,0.00017238335662583929
ZBTB7A,0.00017221339719858769
TSPAN33,0.00017184320745963763
DAXX,0.00017182939905021802
MRAS,0.0001716058611149288
ERBB4,0.00017140164905241436
PRR3,0.00017116795742582458
RNF41,0.00017100469112298075
LOC152217,0.00017062838402828967
ASB8,0.00017043864399034404
ABTB2,0.00017037171688553482
DOM3Z,0.00016893092994386182
C16orf45,0.00016732013845471063
RASSF4,0.0001667514953020276
TMEM217,0.00016593594984423894
IGF2BP3,0.0001659044020202079
ANKRD42,0.00016570276567231423
VSTM2A,0.0001648482141542607
ATG9A,0.00016482663257478506
PRSS16,0.00016459634170574956
MKL2,0.00016237909403567057
PGM2,0.00016224142371400267
ARHGAP21,0.00016212550022997352
WDFY3,0.0001615696327100311
SERTAD3,0.00016151007683727294
PDGFRB,0.000160988896063917
SLU7,0.00016047409607626394
LCT,0.0001601324442564051
DGCR5,0.00016011833843894319
PIP,0.00015984956988657258
TRIP10,0.00015944914717195603
DYNC2LI1,0.00015909694215191005
MRPS27,0.00015893817339948698
ANK1,0.00015883880719115825
PATZ1,0.00015875627230356538
NCOA7,0.0001587507647597077
EPHA3,0.00015867962327568622
NIPBL,0.00015784877423097088
UPF0639,0.00015754675639262822
ATP1B3,0.0001573989411695578
LMLN,0.00015735559193077284
ZNF678,0.00015719112512065173
ZNF385A,0.00015689117255495862
NASP,0.00015682673675069788
ATP5G3,0.00015679245851315808
SLC43A2,0.00015656893911291758
FAM105B,0.00015650779691113028
GRB7,0.0001563610312698779
MSL3L2,0.00015619098406431211
C2CD4D,0.00015608499957864928
ORMDL3,0.00015541488965959557
RAP2B,0.00015541358467329903
EPC2,0.00015521892983555587
CFLAR,0.00015476315365005083
SLC22A23,0.00015462581423858701
RPS6KA3,0.00015445232809665829
HRASLS2,0.00015412940511672448
C14orf45,0.00015402630255072534
CRIP1,0.0001534619362857001
SIN3B,0.00015297173752463886
C11orf90,0.00015291902580813452
UBASH3B,0.0001528715320224183
TMEM206,0.0001524026443264832
KDM1A,0.00015229264002315242
ZNF530,0.00015222124410981273
TPRXL,0.00015174870754209056
GPR125,0.00015125997770837362
ATP11C,0.00015111092689879877
KIF13B,0.00015084568042147915
PHGDH,0.0001504973055747909
TCTN1,0.00015041719353597733
STMN1,0.00015029277838281093
PLEKHO1,0.00015028675223154552
FAM35B2,0.00015002161881839273
MSLN,0.0001494316687473128
CMYA5,0.0001491949345092808
RPN1,0.0001491380915854376
MORN1,0.0001488138734671561
C18orf32,0.00014863774879912285
PPIE,0.00014648678962829255
EXTL3,0.00014618863784670715
TEAD4,0.00014614387337505172
SENP3,0.00014594561990870998
ITGA6,0.00014590474771377038
C1orf144,0.00014520396465794597
ASB12,0.00014414083664027479
IL12RB2,0.0001440830386537822
LRRC8D,0.00014373061402368404
C3orf21,0.00014317981784795186
HRCT1,0.00014294157584297595
RNF11,0.00014284980682371096
LY6E,0.0001420145043877359
OGFRL1,0.00014173687766933822
NRG4,0.0001409466834142747
STAG3,0.0001408707923942204
ERBB3,0.0001408488482663004
AMD1,0.00014083742710799298
ELP2,0.00014016005248186576
NXN,0.00014008654127707623
UGT2B28,0.0001399995304243944
DBP,0.00013954636495678956
FSTL4,0.0001392087388526286
ASS1,0.0001384650519730815
GNS,0.00013816118237053264
ANP32B,0.0001380322366842342
PRSS53,0.0001377410185619212
SPSB1,0.00013751108417097145
LOC388955,0.000137255537329556
LOXL4,0.00013715936181425153
HMGXB3,0.000137090597109738
RAD51AP2,0.0001369205619002932
C1orf130,0.00013663906038461612
TMEM43,0.00013654993380013652
HLA-A,0.00013518661179390138
KLF11,0.0001348002804249281
VAV3,0.00013458175094973495
COL27A1,0.00013431110347820546
ZNF454,0.00013390751806232633
MMD,0.00013363482417835985
MSH2,0.00013352351649631016
DYNLRB2,0.0001332761273792686
MDP1,0.00013273876247228922
NRTN,0.00013266950802537153
MATK,0.00013259539219219493
ASTE1,0.0001317329961171763
EIF4H,0.000131600769443499
GSTCD,0.00013115967371555684
ZNF471,0.00013038665755131304
NCAM2,0.00013020752818579121
CA4,0.00013013153872059783
C5orf22,0.0001298315662798205
KIAA1045,0.00012982240272009962
TBC1D12,0.0001298128259859182
HRASLS,0.00012958986657438568
LASS6,0.00012956519751922227
SCUBE2,0.00012911352408210048
PSRC1,0.0001290351809124776
PSMB2,0.0001284108884325661
FAM19A3,0.00012821023962022651
PAPD7,0.0001281624554587728
FAAH2,0.00012811195434256426
CROT,0.00012795974071057328
INA,0.00012768249173494373
CCDC141,0.00012698302198267715
C14orf93,0.00012638433341807107
NSUN5P1,0.00012626493960491225
MFGE8,0.0001260562526212211
TMX4,0.00012557627493058494
PGAP3,0.00012552974114218282
RSL1D1,0.00012552822991146483
RABL5,0.00012550986596313792
CHCHD5,0.0001251815513542885
OPA1,0.00012513059490757518
CCDC83,0.00012498185897613314
GSTO1,0.0001248858697450174
NAIP,0.0001245256066036575
NXT1,0.00012423262497086954
PLEKHF1,0.00012387351928729446
PPAP2A,0.00012346061661193262
TOMM40,0.0001230720130089677
POM121L10P,0.0001229851861688061
C14orf162,0.00012295484010986925
LRIG2,0.00012286599552298666
TSC22D3,0.00012285996995265973
NTRK1,0.00012252346799637533
ZNF564,0.0001224588757330654
FAM83D,0.00012228982028596882
LRTOMT,0.00012187072645216203
TNFRSF6B,0.00012157777441073734
ZNF763,0.00012137231623305857
C19orf29,0.00012129372264435472
SOCS6,0.0001206142434300522
GPR98,0.00012049621909446919
CCDC130,0.00012030197631700089
KBTBD12,0.00012014380328235233
HPGD,0.00012010022165443498
LEPREL1,0.00011995178136209238
C5orf46,0.00011986743676654091
SET,0.00011960494297114523
CECR7,0.00011947867801625765
HGD,0.00011922093988761552
PDRG1,0.00011917529461070653
LOC84740,0.0001191452615202564
SRF,0.00011897630375405095
ZNF229,0.00011891351767903822
FAM65A,0.00011890488023358068
GATA6,0.00011889832772049596
HCG11,0.00011888523952693072
LIMK1,0.00011863402090838447
SHROOM3,0.00011772600541991981
GZMK,0.00011751819175144439
HSPA1B,0.0001172748085262343
HBB,0.0001172503082673641
TBC1D9B,0.0001170200915165234
IDO1,0.00011614428800349405
GNA15,0.00011607741455271734
SELT,0.00011598629011993315
CACNG6,0.00011597184477998592
DCBLD2,0.00011564488673684494
MYO1H,0.00011560892202572519
PMFBP1,0.00011549837359900155
C20orf165,0.0001153348641406849
LOC646762,0.00011518641000581439
KRT14,0.0001150951020140919
FABP5,0.00011482720963950129
TUBGCP3,0.00011479639438023838
LBX2,0.00011466886614438338
RAF1,0.00011465197789849736
RASGEF1B,0.00011459712212338665
NUDT3,0.00011426278098860721
LPPR3,0.00011404391502147023
RTKN,0.00011385124978627054
SALL2,0.00011379980091404284
TES,0.00011364882795540144
IL1RL2,0.00011325357506433382
ID4,0.00011298763360821225
NUDT11,0.00011289491334402398
FAM120AOS,0.00011270668292914803
SH3KBP1,0.00011270329628102988
GMPR2,0.00011263061971247868
PFN2,0.00011254997111874686
MSL3,0.00011241349128185379
HTR7,0.00011240944273660248
HSF1,0.00011235173748432435
LPXN,0.00011229197526654644
ERP44,0.00011226485469173081
SCLT1,0.00011225661679795175
GMDS,0.00011223447292361003
IQCG,0.0001113598441932722
EIF4EBP1,0.00011104911306269904
FANCC,0.00011096228350888564
DNER,0.00011075806169580806
CTSG,0.00011062575650383663
STEAP3,0.00011041092137380057
NUBPL,0.00011033562163233416
CDKN2C,0.00010985819989147766
ANKRD11,0.00010979490642597948
CDS2,0.00010945162344760259
MYLK4,0.0001093505756175097
RAB6C,0.00010871942587483266
EID1,0.00010871487879485651
WDR5B,0.00010853602663164081
LMNA,0.00010833984140093239
CHI3L2,0.00010833215076547253
CCDC148,0.00010814376174355957
FGF11,0.00010785295942256922
PCSK4,0.00010774063982820547
METRN,0.00010766305983086599
FAM64A,0.00010759845596835274
MALL,0.00010701700239181985
ABAT,0.00010689050578570553
NDUFA9,0.00010616621473392011
GRPEL1,0.00010614027992421037
C12orf45,0.0001061221737211798
MOBKL2B,0.00010601869715649966
USP35,0.00010588801949192163
METTL1,0.00010586494167754954
FGFBP3,0.0001057199470317466
STT3A,0.00010568858090448093
MEIG1,0.00010559199640672724
ANKRD28,0.00010557439545217107
LASS4,0.00010549306696194185
TTC26,0.00010519664527195978
GRHL1,0.00010503803559416743
NDRG4,0.00010487538688453933
GYS1,0.00010480093204775438
CPA5,0.00010472946244176514
C5orf27,0.00010466486118758022
BMPR1A,0.00010442167961403544
LRRFIP1,0.0001039949516052848
IL2RG,0.00010396899462942983
FAM3D,0.00010392042933877651
KIF18B,0.00010390923602409276
MET,0.00010370623491935978
SERPINA11,0.00010357304343872237
FNTA,0.00010355490818401495
PTPN7,0.00010312789245303856
TRPM6,0.00010303654198810021
IFNGR1,0.00010296591244871888
CRYBB1,0.0001027420996859548
NOTCH1,0.00010271772973005579
MKRN3,0.00010256938559877288
SLC38A2,0.00010254320548864517
RTBDN,0.00010250639121729591
SAA1,0.00010242479241506913
KLK6,0.00010200658328054729
ZFP28,0.00010164823995787906
C2orf70,0.00010105660011045638
CDCA7,0.00010101716733306903
MSH6,0.00010099518225126754
KPNA2,0.00010093114129748941
SORL1,0.00010087913521653306
CHIC2,0.0001007590125255904
MLLT1,0.00010068020248119132
SYDE2,0.00010027711754635794
CST3,0.0001001046756154425
GRHPR,9.996776967349458e-05
C1QL4,9.987876393591535e-05
ZNF326,9.982905619393627e-05
KLK7,9.976739809639996e-05
CRLF1,9.933709277625878e-05
STON2,9.930811906347688e-05
TEAD3,9.91646203896679e-05
KIAA1324,9.908337202845538e-05
PI15,9.88333448212476e-05
DYNC1I2,9.845061381304704e-05
NGF,9.84374192626593e-05
PHB2,9.827548579176352e-05
HIST1H3B,9.817059503202421e-05
WASF3,9.783484076252794e-05
CGNL1,9.775933078044408e-05
PSMD12,9.775744193990392e-05
YIPF5,9.766739149432808e-05
TMEM199,9.729962567178247e-05
SNTN,9.718706211876937e-05
PRMT1,9.713954598838259e-05
IMPA2,9.69852903847433e-05
SEC61B,9.685571888655508e-05
C14orf143,9.681490226887463e-05
NUP43,9.669008189271683e-05
HIP1R,9.657352633498915e-05
C17orf37,9.656712923989316e-05
PWP2,9.653468047154336e-05
CEACAM5,9.639547522920054e-05
ZNF554,9.610467436978902e-05
ZNF563,9.578732114071329e-05
FGD3,9.577482278782296e-05
FAM188B,9.577085427254674e-05
FMN1,9.533317690353311e-05
HS3ST2,9.512076250916697e-05
MICAL3,9.491744636886936e-05
DNAJB14,9.48157052287433e-05
RNF39,9.478497207267682e-05
TRMT11,9.470477990339476e-05
IL11,9.461047448651862e-05
DNAJB11,9.455452378278608e-05
WDR52,9.430944013649018e-05
ALPK1,9.417314038339041e-05
ABCA13,9.396259280748869e-05
MAP3K6,9.391566345799142e-05
MAP3K14,9.391364125024075e-05
AGAP4,9.366554114883064e-05
RCOR3,9.355722907351119e-05
SF3B4,9.333697549252228e-05
GPR37,9.322047308775597e-05
BMP2,9.320639591437998e-05
AZI1,9.311347474573308e-05
WFDC6,9.297317929022163e-05
PLEKHA1,9.266931489907096e-05
SLC13A3,9.25942993572164e-05
REPS2,9.244480719030271e-05
VPS45,9.223579607194248e-05
FLJ36031,9.199656152337458e-05
GPR161,9.157699402634825e-05
CYP2D7P1,9.156761535775209e-05
DIRAS2,9.141804535735235e-05
KDSR,9.125567494481403e-05
CACNA1B,9.120981821961393e-05
ATP6V0A4,9.11346758409931e-05
KLHL12,9.103219364196176e-05
CBLN4,9.095131732343546e-05
PIGH,9.089267652376856e-05
ZNF839,9.079635365274218e-05
ENTPD2,9.076713410103067e-05
TANK,9.074027684649172e-05
PRELID1,9.07356271574626e-05
NSUN5,9.066338381911055e-05
RPS21,9.0556244459963e-05
C18orf18,9.032247730792302e-05
UBAP1,9.017943505650762e-05
CLEC4F,9.01121955822874e-05
TRIM23,8.976938554550259e-05
NCAPG,8.962656840819674e-05
UNC13C,8.929857791535444e-05
KIAA1598,8.914720339172644e-05
KLKP1,8.910273237085297e-05
LOC339524,8.907917446646835e-05
STAT4,8.907748154804393e-05
RRAS2,8.903130803717421e-05
CYP39A1,8.864102179855417e-05
CCDC129,8.841983709870059e-05
KCNG1,8.84041472123415e-05
GNL2,8.836998440815072e-05
FAM10A4,8.835684654715303e-05
BTBD3,8.832159634347503e-05
GOT1,8.795937062940846e-05
GSTM3,8.793687686499762e-05
MARCH10,8.76805378595364e-05
HIST1H2BJ,8.760803662121049e-05
CBLN3,8.760453839220068e-05
CLEC7A,8.756714499751471e-05
TAZ,8.744454277815119e-05
CCDC113,8.742986903118658e-05
SNX27,8.73622697032632e-05
COIL,8.735596716745542e-05
NCRNA00094,8.734123726174794e-05
KIF26B,8.722372358562453e-05
LGALS2,8.721151896005734e-05
SNED1,8.71898931987316e-05
FOXC2,8.712668202544294e-05
CNGA1,8.701931863647058e-05
PLA2G4F,8.700316479397596e-05
MYST4,8.691255989474555e-05
STAB1,8.691069641453775e-05
C1orf177,8.682526448705001e-05
NANP,8.664305271734911e-05
ST8SIA1,8.660316604741555e-05
KIAA1279,8.633685441236598e-05
ATP2C2,8.625242017982861e-05
ADRM1,8.623753069496502e-05
CTNNBIP1,8.593419663760254e-05
C3orf31,8.584179386630006e-05
MDGA2,8.58359413550785e-05
DDX42,8.578404687460927e-05
CRHR1,8.562121131283699e-05
FBXO24,8.550952066555076e-05
TNNC2,8.548730529417696e-05
PRR5L,8.539855045046312e-05
NCK1,8.524190260702178e-05
NPFFR2,8.519153755320933e-05
EVL,8.504376754691413e-05
GLUD1,8.468990663635687e-05
PFKFB1,8.456981578434094e-05
ZNF362,8.449681263214334e-05
JKAMP,8.44213997299674e-05
ZNF85,8.43669205957262e-05
DUSP5,8.433476057322718e-05
WDR55,8.408179283424012e-05
NADK,8.406614654959752e-05
PNN,8.403450865804944e-05
ENOX2,8.403029190175135e-05
CHRD,8.371819007720022e-05
TM4SF1,8.357935969601568e-05
GPR63,8.324737933611548e-05
EFCAB6,8.323404264447482e-05
GPM6B,8.319556542038273e-05
EHBP1,8.31801758636768e-05
AURKB,8.298036130645688e-05
ZDHHC9,8.291141881495301e-05
ZC3H18,8.290664303260471e-05
TMSB10,8.28884908010141e-05
CLUAP1,8.281181942073397e-05
IL1R2,8.242422034271494e-05
GRB2,8.199368652804843e-05
FAM189B,8.194061981902171e-05
GRPR,8.188795693222274e-05
FAM155B,8.18156866996683e-05
CR1,8.178447847681481e-05
ZNF718,8.165062378611883e-05
TCAP,8.140786377309172e-05
QRFPR,8.140726102058054e-05
LOC100144603,8.124296987373652e-05
HPN,8.121757009791278e-05
DUSP23,8.121341251290671e-05
APH1B,8.10875047211701e-05
ZNF146,8.106775633101385e-05
BCR,8.098390723926011e-05
C21orf70,8.097204462648375e-05
BAIAP3,8.092997383456698e-05
TBCEL,8.080331593420864e-05
NR2F2,8.074975434763436e-05
F11R,8.06613302988951e-05
BBS2,8.065040790560602e-05
ELTD1,8.061500164756118e-05
VIM,8.057271189268392e-05
TBRG4,8.04454459101579e-05
ARID2,8.043707360494656e-05
RRAGD,8.034377797492225e-05
ZFAND2B,8.02753584442055e-05
METTL7A,8.000802935205002e-05
ZNF24,7.998561182747364e-05
WNT6,7.993350183814238e-05
PDE9A,7.976536825210243e-05
RELL2,7.973968842372149e-05
SSR3,7.968122278689013e-05
YJEFN3,7.965743757677379e-05
LINS1,7.96105687202291e-05
FXYD5,7.95895618811722e-05
STX6,7.952547662077815e-05
HDGFRP2,7.951390756008291e-05
SPIB,7.949145254212715e-05
LCN12,7.945867949221295e-05
RIN3,7.943551357035927e-05
CARD10,7.938611152211059e-05
COMP,7.926487668008202e-05
RNF168,7.911707709560192e-05
CIB2,7.894145788326649e-05
PIK3CB,7.883902168156356e-05
CLDN23,7.874106901679792e-05
PDE1C,7.867288288824229e-05
MRPL42P5,7.864767769552629e-05
FOXL1,7.839558693822372e-05
ITPR1,7.835410067512109e-05
TMEM59,7.829877382238596e-05
FZD2,7.829478949301982e-05
BNIPL,7.822852141219646e-05
SLC16A8,7.816165498439987e-05
EGFL7,7.810763884525681e-05
TAB1,7.803557458072795e-05
C5orf20,7.793832378448138e-05
HAUS8,7.780973282658315e-05
DOCK11,7.780586223634494e-05
SFRS15,7.77504088753085e-05
EMX2OS,7.773999195964635e-05
RIMS3,7.765964891980607e-05
FERMT3,7.763823896277224e-05
FN3KRP,7.760484356906807e-05
CCL3L1,7.753874224893057e-05
ZNHIT6,7.743890721323814e-05
HSPB8,7.727951472578537e-05
NWD1,7.723709813050625e-05
L3MBTL4,7.723169259454006e-05
PSMD3,7.72174513759984e-05
ATP6V1C1,7.721032140777561e-05
PTCH1,7.717111420373762e-05
PPM1J,7.701835046255847e-05
A4GALT,7.701722858579803e-05
TMEFF1,7.691527225017028e-05
GNAL,7.686757103582139e-05
ETNK1,7.660202731700452e-05
FBXO21,7.653284108828624e-05
PKM2,7.644549738908529e-05
MEF2D,7.627450914868963e-05
ALDH3A2,7.620930955897691e-05
BHLHE40,7.61786669157928e-05
NSMCE1,7.614018715766961e-05
AVEN,7.581250487958202e-05
MASTL,7.580848944547688e-05
EMILIN3,7.579426803823695e-05
GPC4,7.57804602374058e-05
LEPR,7.573591401133571e-05
CFDP1,7.572024420666041e-05
CFP,7.569781720062121e-05
PTX3,7.558538987694017e-05
SLK,7.553925336289061e-05
CAPN8,7.549007887403646e-05
ADD2,7.543548595942702e-05
GBX2,7.506105825849843e-05
ADAMTSL5,7.494671626216955e-05
GTF2H2C,7.493666194988683e-05
EIF3K,7.484265988133001e-05
MITF,7.480299553561292e-05
ZIC1,7.478296047251153e-05
CAPN9,7.478101120083314e-05
ZNF117,7.461612199209965e-05
DAND5,7.460097484311783e-05
LGMN,7.450432673064284e-05
LRP1,7.42618112134131e-05
BRAP,7.42600107156957e-05
ARL11,7.422608426174223e-05
PSME4,7.418700569982703e-05
LOC286467,7.417651974532176e-05
ATG4C,7.409327309208676e-05
CREBL2,7.404249265265383e-05
GPR157,7.386129216238301e-05
CARD9,7.379011503636478e-05
CD300E,7.37891096471257e-05
SFI1,7.374858028613337e-05
STIL,7.373726810160598e-05
ZWINT,7.367864578490599e-05
DDC,7.357437133441501e-05
MARCKS,7.355756693849763e-05
ATOH8,7.35299543844895e-05
NPRL3,7.344903530854753e-05
ST3GAL6,7.342266315547119e-05
ITPRIPL2,7.325388874194795e-05
RWDD3,7.314241825840469e-05
KCTD9,7.30074108466571e-05
PAQR8,7.299561065800695e-05
PRAME,7.29455236520405e-05
LOC645431,7.287524568022159e-05
TPP1,7.267946522589527e-05
BUB3,7.254365461926285e-05
RYK,7.253593179938675e-05
PPP1R3G,7.247435410001672e-05
TRMT61B,7.24420325821723e-05
ADSSL1,7.230995963857516e-05
COG2,7.230650243667802e-05
LOC144571,7.224778699929249e-05
GIPC3,7.223325415149825e-05
FAM160B1,7.216723258320468e-05
APBA1,7.199320711335793e-05
SERP1,7.197550741967976e-05
RAPGEFL1,7.197237081846065e-05
ROBO4,7.183462448549217e-05
C3orf37,7.179456308427742e-05
FUCA1,7.156153186959848e-05
CNPY2,7.149200825424885e-05
DAP3,7.147165034224304e-05
UBLCP1,7.1423793378246e-05
GOLGA3,7.130442577912e-05
ZNF396,7.118551668365168e-05
CYYR1,7.107227983345799e-05
DHRS12,7.096268315885818e-05
BMS1P5,7.095107907016351e-05
PTK6,7.093356253120755e-05
EML6,7.086398035933844e-05
SATL1,7.086161406443786e-05
LONRF3,7.085557716192669e-05
CCDC107,7.085033842576858e-05
ALK,7.079736189691868e-05
SEMA3F,7.073696202131959e-05
MARCKSL1,7.070435366035952e-05
COL4A1,7.064723696305789e-05
FH,7.064542795272186e-05
C20orf94,7.059265955636364e-05
PRR5-ARHGAP8,7.051569212212753e-05
DEFB1,7.049778592129606e-05
RAB11A,7.043846979273482e-05
MAGEE1,7.037883983939399e-05
CMTM8,7.037452833876323e-05
FAM107A,7.032280261087865e-05
HLA-DPB1,7.026693751170234e-05
PFKP,7.023290369657465e-05
CPLX1,7.02189845111085e-05
DTX3,7.011517529600502e-05
LOC100132354,7.009850920233876e-05
STX7,6.995516327336304e-05
MICALCL,6.994153366044416e-05
ARG2,6.993122611489992e-05
COCH,6.992619153438089e-05
ABHD12B,6.991554031676282e-05
YIPF1,6.978789799057502e-05
C6orf129,6.968868857859622e-05
TGM5,6.95464145729503e-05
WRAP53,6.945850786696976e-05
ANXA1,6.940229184509274e-05
NR1I3,6.923595940986394e-05
ZNF630,6.922174637185093e-05
BHLHB9,6.910171364096223e-05
RSPH1,6.902801240673305e-05
CDH26,6.898065208163574e-05
PAK7,6.897750718076115e-05
UXS1,6.892958891235774e-05
PRKAB1,6.889023931522344e-05
TRIB2,6.871101302955622e-05
LOC728855,6.86047973010042e-05
AGTPBP1,6.8587907952463e-05
CYP8B1,6.854121955463144e-05
SFMBT1,6.853876654250859e-05
CXADRP3,6.853503084716828e-05
CAV2,6.850077217527032e-05
DCLRE1A,6.849650025030704e-05
CNST,6.839708819463046e-05
DDX39,6.836727450171967e-05
EEF2,6.833861240346265e-05
CEBPE,6.83253420986153e-05
ANKLE1,6.829259193868167e-05
DNAJC6,6.827393598812556e-05
P2RY11,6.826473525276649e-05
FNDC3B,6.823002394944342e-05
LMO3,6.819972364112806e-05
ICMT,6.804645499927668e-05
PIM2,6.799511778568434e-05
S100A10,6.799360147025474e-05
DNASE2,6.798585262779945e-05
DLGAP4,6.792009643895812e-05
RACGAP1,6.785882155385733e-05
MTHFR,6.776484736689869e-05
PNPO,6.76981720456999e-05
RNF139,6.765509931432765e-05
MTCP1NB,6.760404338660132e-05
SYCE1,6.736776471368867e-05
PHC3,6.732300250175009e-05
PPT2,6.714109828195395e-05
LOC90784,6.709383140803393e-05
AIF1,6.704514445436341e-05
HCN1,6.699444262602964e-05
SMG6,6.693226925753981e-05
C14orf128,6.686765932742815e-05
POP5,6.683408638665597e-05
USP19,6.680167016454715e-05
PSTPIP1,6.673047926118709e-05
IQCD,6.669321343656346e-05
MRPL45,6.656957743472421e-05
SPRY3,6.655099853542832e-05
ASCC2,6.653979040152398e-05
PDXDC1,6.65110662990042e-05
KIAA1841,6.647774112258213e-05
R3HDM2,6.646701694219384e-05
MUC6,6.64412793670231e-05
NUP205,6.641586013432304e-05
SEZ6L,6.637109935607776e-05
DPYSL2,6.635434696856057e-05
TCTN2,6.610268081795381e-05
KLHL21,6.602435512721837e-05
RBM7,6.59007855565792e-05
VEGFC,6.585601611801706e-05
FAM66C,6.58520890989152e-05
FRMD3,6.583101337144099e-05
ZEB1,6.580153096661497e-05
FCER1G,6.568617789251016e-05
PSMC3IP,6.565808069348835e-05
APBA2,6.563701917986617e-05
KLHDC8A,6.562300729770162e-05
C13orf34,6.556720117125299e-05
DIRAS3,6.554120662408213e-05
UCHL5,6.548480009646786e-05
ZNF440,6.545608533356756e-05
AGAP11,6.544353641104781e-05
FASTKD3,6.535787738416768e-05
ST6GAL1,6.533383721404254e-05
HK2,6.529784218474269e-05
NOL3,6.528546052063288e-05
KDM4B,6.527686461813768e-05
ZFX,6.527628772981437e-05
NF1,6.524596693920174e-05
EZH2,6.520339202825806e-05
TMBIM4,6.520209232459486e-05
AGAP6,6.511080789911183e-05
NAV1,6.498024613772938e-05
LOC220429,6.495881239149564e-05
UBE2CBP,6.494597474488804e-05
LOC144486,6.486850325492053e-05
PKIB,6.478556670203962e-05
KCNJ2,6.470327131598355e-05
STUB1,6.46029615081337e-05
ZNF506,6.452780261899614e-05
BCL3,6.450201226964731e-05
TSPAN31,6.44670439074777e-05
TMEM189-UBE2V1,6.44666588396202e-05
CPSF7,6.445831500908057e-05
MOBP,6.445249714491773e-05
GRRP1,6.442863850621253e-05
NCRNA00115,6.43986943246351e-05
DCK,6.439792645478031e-05
SH3TC2,6.433506433634147e-05
TUBA4A,6.430580233023663e-05
EFCAB4B,6.428239908117905e-05
PNMT,6.42549044229488e-05
TWIST2,6.422191067018387e-05
HELZ,6.418899046070251e-05
ISPD,6.417529916627593e-05
SLC26A7,6.415163355051461e-05
C19orf63,6.414885499598784e-05
MFN1,6.411510491039689e-05
LANCL3,6.40157786548451e-05
ZGLP1,6.390884406400615e-05
SLITRK2,6.390427666607753e-05
RAB3B,6.390219821335404e-05
UNC119,6.389512502319378e-05
ICAM4,6.369150583431631e-05
FGF9,6.368911203131728e-05
SH3GL3,6.359482136999864e-05
HOXB3,6.34604997525398e-05
SLC23A1,6.342990872741686e-05
RAB28,6.338634768753175e-05
CCDC115,6.337011277328841e-05
ZNF217,6.319868426033379e-05
C1QTNF3,6.314007820724447e-05
ZNF232,6.313740642094298e-05
LILRA6,6.309152025215636e-05
A2M,6.305119615081482e-05
KAT2A,6.303996716771037e-05
NUSAP1,6.296480027492536e-05
CCDC158,6.29301082205485e-05
KRT81,6.291322608491458e-05
PSMA6,6.28664136627462e-05
RCAN3,6.283370485130353e-05
LIPG,6.278815504486116e-05
SUMO2,6.278663103036714e-05
TYMS,6.266824262131974e-05
DDOST,6.263621995901194e-05
PRDM16,6.263044467779722e-05
C16orf54,6.262038672957568e-05
ZNF793,6.261159442142784e-05
ACTN2,6.258439092632821e-05
SMC1B,6.258175375659561e-05
MOBKL2A,6.244835662115803e-05
KILLIN,6.233885972398276e-05
TTC13,6.232871819773664e-05
ATP11A,6.230041876640847e-05
CR2,6.22477500603732e-05
IFI27L2,6.223863233384293e-05
C10orf25,6.217707445973957e-05
GPR174,6.20977583992497e-05
IVNS1ABP,6.201787134957802e-05
STX11,6.197962979421373e-05
PRX,6.195852436369094e-05
TMEM41A,6.160567797677654e-05
C16orf87,6.16027028892019e-05
USP1,6.157631289698121e-05
GOLGA2,6.150662774844085e-05
EFHC1,6.148444588348605e-05
?|155060,6.130397644714526e-05
DNMT3B,6.121433946147721e-05
RCSD1,6.116612260069491e-05
AVPI1,6.106914520408966e-05
PIM3,6.101355431946252e-05
ABCB10,6.1012418319969726e-05
GLS,6.0867048696261655e-05
ZNF689,6.0793887171156185e-05
HOXC6,6.0779266494787957e-05
CISD3,6.0766017772033716e-05
SCN4B,6.0750634969051974e-05
CEP72,6.068509957019045e-05
ARL4C,6.064300343529693e-05
NDUFAF1,6.058378030269064e-05
ZDHHC15,6.0497092227288964e-05
ZNF433,6.0487055393007935e-05
MED1,6.028139566202365e-05
TMEM178,6.027914625931447e-05
CTTN,6.0270487941939814e-05
RAB9B,6.0053151542462257e-05
POGZ,6.0031910719802755e-05
SRPRB,6.000479578533528e-05
ZNF185,5.9997738768590494e-05
AGPAT5,5.996703737517434e-05
SNX1,5.995457359495401e-05
ZNF680,5.9766487939439365e-05
RAB3D,5.9728323143037774e-05
UBE2G1,5.972346565870609e-05
CPNE3,5.959668918064633e-05
GRM6,5.958252420505378e-05
KRT6B,5.956048938302086e-05
TMTC2,5.954978027049457e-05
FAM171B,5.945303469311855e-05
CYTH4,5.94230777828197e-05
GTF3C5,5.9379488110546524e-05
CCDC111,5.936672942654507e-05
SLC30A5,5.936097435483137e-05
ZNF358,5.935136952065343e-05
ICAM5,5.932765474810479e-05
TSPYL3,5.928628237286516e-05
SLC26A4,5.9273620816302235e-05
MUC20,5.926209731780686e-05
GRAMD4,5.925344054015288e-05
VPS11,5.923867265237603e-05
MTUS1,5.917816885096502e-05
PLA1A,5.916309299584089e-05
C19orf47,5.909808072357199e-05
MLXIP,5.9037812726035245e-05
KCNS1,5.903003140286633e-05
SNRPC,5.897486858280007e-05
ENPP4,5.886794069403833e-05
DDX19A,5.8854365469455056e-05
ZNF691,5.8833379256624746e-05
NEK11,5.872070348402815e-05
CNTF,5.8582929027778856e-05
FLRT1,5.8482838032568755e-05
AGFG2,5.8422350785901104e-05
FOXS1,5.838065353901517e-05
MID1,5.8338212691795365e-05
COL23A1,5.8327136875194256e-05
NBEA,5.8323331819084075e-05
LYN,5.831331533075841e-05
PNRC1,5.819853415663519e-05
TUBB6,5.811047078109932e-05
ZNF428,5.805700515469012e-05
NEXN,5.8048939511791855e-05
RGS3,5.7985577434511015e-05
PAX6,5.795076264377749e-05
C7orf46,5.789921492953018e-05
MID2,5.787232218279616e-05
ASAH1,5.7867106604510945e-05
WNT11,5.7744622213830225e-05
TRIM47,5.763067680733414e-05
C20orf12,5.7620852339313157e-05
SFRS1,5.7532549140607116e-05
PSPH,5.725728134379345e-05
HIST1H4J,5.725423427297454e-05
TIAM2,5.719975723805473e-05
RPSAP9,5.7193772564258565e-05
IGF2BP2,5.7166083309033684e-05
CHST6,5.715878080823557e-05
CCDC74A,5.714638090751647e-05
FCGR2A,5.6997396342801125e-05
SCAMP1,5.695368823070959e-05
EXOC3,5.6933426768840616e-05
TM6SF1,5.690220380177273e-05
TGFBR3,5.68668792223319e-05
SRA1,5.679600601340255e-05
MAFF,5.678166323224326e-05
DEPDC6,5.670138864665342e-05
CAMKK2,5.6620574271536225e-05
FKBP3,5.645569699798049e-05
MLF1,5.644208191799501e-05
LOC653786,5.643057257669032e-05
MGC3771,5.640538595179112e-05
EYA4,5.6325721286346494e-05
ACSM5,5.6240287404910563e-05
ZNF727,5.620463629384093e-05
AMOTL1,5.619308284853403e-05
CCDC42B,5.619080648156346e-05
ZCCHC4,5.6185505170227696e-05
C15orf59,5.618164431738349e-05
SLC27A5,5.6167127096118494e-05
MYBPC1,5.616153587237128e-05
C13orf33,5.607710070697809e-05
ZNF287,5.602905466775249e-05
GSTP1,5.6010172567243285e-05
FCN3,5.594699694452779e-05
STC2,5.590054236873871e-05
PLEKHG2,5.58627347519653e-05
S100A7,5.5782378598876e-05
KDM5C,5.576634060099076e-05
SLC25A46,5.566711138289833e-05
SEPT3,5.5588343715389725e-05
SLC6A20,5.558558730320852e-05
MAP2K4,5.557809004037803e-05
NKX3-1,5.553354941842057e-05
TFDP2,5.551425205697806e-05
C17orf95,5.547796071152314e-05
MTAP,5.544166941442367e-05
ETFA,5.542542435867754e-05
ADAMTS9,5.538712348507045e-05
PSMC5,5.537981197143573e-05
IRF2BP2,5.537216764593142e-05
IFNAR2,5.535735727866277e-05
MTMR12,5.535357568750046e-05
NUPL1,5.5239377875057285e-05
ARRDC1,5.523470216859272e-05
MFI2,5.515602145757001e-05
NPRL2,5.5140574215890966e-05
KIAA1539,5.5085917041437455e-05
RAD54L,5.508306500078404e-05
ABLIM2,5.502584143277002e-05
AMOT,5.493690215260291e-05
LOC401588,5.478319026744995e-05
TLE6,5.4758358747312415e-05
FOXP1,5.4664614512127345e-05
ANKS1B,5.46223933127163e-05
TNFRSF11B,5.45955509108555e-05
C9orf21,5.455333288847445e-05
USP3,5.449021829631967e-05
AKAP12,5.445565962632008e-05
NCRNA00160,5.4426842245224665e-05
CCDC104,5.440854726065148e-05
MRPS12,5.437760350480163e-05
BAIAP2L2,5.4365214896323574e-05
RET,5.435072980569209e-05
WDR44,5.429377449943576e-05
ZFHX4,5.419946677080891e-05
C1orf192,5.4188673451886065e-05
IVL,5.411298472450986e-05
DDIT4L,5.4056064653836395e-05
MTMR2,5.4043888299745756e-05
DBNL,5.39824256081224e-05
LOC401397,5.392817900882183e-05
CCDC30,5.387302296406156e-05
CLCN7,5.387074044134187e-05
COPG,5.383596984146027e-05
CYP2A6,5.3720652675822046e-05
ATP2A2,5.3579939022159844e-05
LIG4,5.356723150594054e-05
HAPLN4,5.3555283293072585e-05
CD80,5.34925880071694e-05
DNAH11,5.3447963594227696e-05
FPGT,5.344763423377939e-05
CDC7,5.336966163345383e-05
CEBPG,5.335299535457453e-05
NRIP3,5.3333790617643896e-05
NR2C2,5.327043291499391e-05
NACA,5.3223986397280454e-05
ERAP2,5.317617603744308e-05
ZNF609,5.317240325508117e-05
EPHA8,5.315906748314408e-05
C2orf74,5.315779169746672e-05
DHDDS,5.3095095210183696e-05
BACH2,5.307394599909514e-05
ACRBP,5.301343105257205e-05
MACC1,5.3008171600471935e-05
POLN,5.29934135571345e-05
ZNF195,5.296355195135385e-05
KDM3B,5.294756390364378e-05
COL4A5,5.29392489361305e-05
SEPHS2,5.2928560331293435e-05
CYSLTR1,5.287254302030795e-05
LRRC32,5.287165394248623e-05
CTAGE6,5.286164019739873e-05
SLC4A7,5.285338402124755e-05
FAM83B,5.282706471486606e-05
TCF20,5.272480493096609e-05
LOC440173,5.267458902335668e-05
PNMAL2,5.261044905721878e-05
MARK4,5.257662207694687e-05
LOC285593,5.251660192754955e-05
TMEM80,5.2509558105944436e-05
C12orf52,5.2481423084203306e-05
CLNS1A,5.246551709865597e-05
FLJ35390,5.242660989716765e-05
SLAMF6,5.235150096302446e-05
EFHA1,5.211079142062072e-05
SSH2,5.189951646707364e-05
C1orf198,5.18938937809843e-05
VASP,5.1881663308750937e-05
FGF13,5.1801918176982376e-05
DLX5,5.179099553557221e-05
C10orf79,5.175372324236328e-05
PTCHD2,5.172305690335668e-05
FLJ44606,5.1710780121593e-05
CTNND2,5.170374822804766e-05
ProSAPiP1,5.166358332955662e-05
FCN1,5.162227848869451e-05
ZNF599,5.160979948003104e-05
C3orf38,5.1547171444499466e-05
VAMP8,5.152143461360845e-05
WSB2,5.145239725070408e-05
RDH11,5.1445896907542274e-05
LCTL,5.142105101241789e-05
SLFN12L,5.1380549248654803e-05
TMOD1,5.136385088279866e-05
RGAG4,5.130433960841383e-05
CDH20,5.123446969740055e-05
ZNF384,5.108712466364834e-05
INTS4L1,5.1046642418959336e-05
AGRN,5.093680541421013e-05
NUFIP2,5.089473535911662e-05
LRRC47,5.0891621082096544e-05
METAP1,5.08789374931215e-05
GPR143,5.08266871005987e-05
MGC87042,5.082088271677562e-05
SLC1A3,5.075980638723736e-05
C10orf46,5.071411603976079e-05
HEXB,5.0667273038605656e-05
SLC6A1,5.059647362684637e-05
IL6,5.0514908346627846e-05
LASP1,5.050975781038947e-05
ZNF528,5.0474026926431325e-05
TIPRL,5.047344308918143e-05
CD248,5.042094997927475e-05
GRASP,5.04139036199737e-05
SERPINB2,5.040249449222785e-05
C1orf150,5.039559374020487e-05
USP6NL,5.035865114972157e-05
GPER,5.035611911155579e-05
TRNAU1AP,5.028937381495658e-05
TMEM101,5.028241289156479e-05
PCYOX1L,5.024301791310611e-05
EMID1,5.0214148755485507e-05
APOBEC3F,5.019856161697099e-05
FAHD1,5.019509299617372e-05
LY86,5.019171393407423e-05
ODZ1,5.0172981695637806e-05
CAPSL,5.0153267562933377e-05
DOLPP1,5.009385595401951e-05
DOK1,5.007337173457343e-05
SAMD4A,5.006282912429056e-05
MAPKAPK3,5.002192692656663e-05
KIAA1984,5.001993399238645e-05
ARIH1,5.001260263638464e-05
STK11IP,4.999723838342099e-05
NCRNA00219,4.997053165142407e-05
SLC25A6,4.993559215573281e-05
DCHS2,4.991237453399385e-05
DGCR6,4.989894329078634e-05
ULK4,4.985819835510565e-05
BPNT1,4.98315912992092e-05
S100A16,4.982824958252761e-05
VEZT,4.977471329619457e-05
DAPK1,4.97481931046235e-05
MYOM2,4.971487178846322e-05
ATAD5,4.9660207341265924e-05
ASAP2,4.9660147894288405e-05
ZNF761,4.965559071207939e-05
ATAD3B,4.96475889448055e-05
HCG18,4.9453179190116916e-05
CYB5R1,4.9392185064138666e-05
MEGF10,4.939126446576893e-05
MOCS3,4.922799433581185e-05
CSDA,4.92108346144433e-05
FBXO3,4.9207108378784874e-05
RASL10A,4.91279333335209e-05
SF3A2,4.9100924218923534e-05
TSSC1,4.909271599055044e-05
UCHL3,4.908178493395085e-05
SPNS2,4.904853745134459e-05
CHUK,4.9020183573977046e-05
P2RX7,4.8894259563968073e-05
LOC168474,4.8866243982194876e-05
WISP2,4.879330545772023e-05
MAP4K3,4.879131965620017e-05
ZNF518B,4.874825051380917e-05
MBTPS2,4.87352074141244e-05
CCL13,4.872529691659501e-05
HIST1H2BG,4.865257456894981e-05
ERCC2,4.8638212227158845e-05
C16orf55,4.8589088982602704e-05
TMEM132E,4.858244154281525e-05
BZW1,4.8570763195143724e-05
SLAMF8,4.8556579680588396e-05
FAM63A,4.8538422812921856e-05
SH2D2A,4.852791131478702e-05
SPATA17,4.827954480345709e-05
PCDHGA5,4.825696367143569e-05
P4HA3,4.8141541947473205e-05
NPTN,4.809406800825004e-05
CCDC66,4.8082785326200966e-05
ALOX15B,4.807252802342189e-05
HSD17B13,4.801356217740105e-05
NUP50,4.801060162278137e-05
RASSF9,4.79709809794914e-05
DYNLRB1,4.796190028091925e-05
DDX51,4.7935311307858094e-05
MAP4K5,4.792933012775654e-05
SH3RF2,4.782558145984081e-05
TBCCD1,4.7703309271760796e-05
OPRL1,4.76974630371989e-05
HOXA6,4.7695242042868566e-05
DOK3,4.7637430674597166e-05
ZNF93,4.7634247659701156e-05
TNFRSF4,4.755872345384613e-05
HAUS6,4.7520390850432645e-05
RGS5,4.749351878490308e-05
STAG2,4.739175362747039e-05
RGL1,4.7343009018858154e-05
TEAD2,4.7336446357705336e-05
IDH3G,4.7301545524995985e-05
CHKA,4.7267303383077605e-05
DULLARD,4.723824374000733e-05
MPP2,4.713075714013599e-05
DGCR8,4.712638253121768e-05
L1CAM,4.711006551365476e-05
GRB10,4.701172845665541e-05
SGOL2,4.700471840659275e-05
C20orf24,4.683120136669114e-05
ALOX5AP,4.679804429127886e-05
SUMO1,4.674567999576045e-05
ATXN10,4.6714810107227435e-05
ZNF35,4.659353579972279e-05
PLCG1,4.65691321507975e-05
LSR,4.6477410663494884e-05
SMYD3,4.646214784222338e-05
KLHL32,4.6402224953655205e-05
ANXA8,4.639755055658166e-05
TMEM150C,4.63608292481248e-05
C4orf38,4.622619898179214e-05
BHLHE41,4.6205084763568454e-05
BNIP1,4.6197350282890237e-05
PCSK7,4.619468522358554e-05
LGALS3,4.611938635145381e-05
LRP8,4.610049823674502e-05
LOC200030,4.60738492125753e-05
PTGS2,4.606723214255105e-05
GUCA1A,4.604412004618563e-05
TNFAIP1,4.602520279363723e-05
TLR4,4.60251432887087e-05
AFF1,4.59429868748423e-05
CR1L,4.589099877780962e-05
FA2H,4.581781448553105e-05
LOC390595,4.581342579486966e-05
RFPL2,4.57426307046391e-05
NTF4,4.573542231554499e-05
HFE,4.573335280185308e-05
GZMH,4.568755744303e-05
PLSCR4,4.568730600425795e-05
GEMIN7,4.5643549500713374e-05
HLA-DMB,4.563159881273413e-05
ABCF2,4.553887696396218e-05
RWDD2A,4.553191001395986e-05
CCDC50,4.5496290416400136e-05
ATP6AP2,4.544847852468694e-05
ASNS,4.540021152749942e-05
HDHD1A,4.538142255664273e-05
RGPD4,4.5367485986004526e-05
MRGPRE,4.5342568136611074e-05
PDE4A,4.53194065057197e-05
BDH2,4.5309711586939854e-05
MDH2,4.528691028786858e-05
FCER1A,4.523883908288344e-05
FLJ40330,4.523499009248625e-05
MED27,4.5177781416091994e-05
DAB1,4.516266916581047e-05
PLEKHF2,4.5130932389782254e-05
ACSL3,4.513053357062447e-05
ARSJ,4.5096603075897994e-05
CCDC8,4.509500984854616e-05
PTGR2,4.505601388585581e-05
DGKA,4.500274131948788e-05
LOC100130557,4.499929631047533e-05
TRIM27,4.499928663497633e-05
SON,4.499818406045193e-05
TM7SF4,4.49974307396337e-05
KIAA1522,4.498130007526846e-05
CHST14,4.4977166301813384e-05
APBA3,4.493502494100355e-05
C1orf203,4.4899976229637525e-05
SLC7A9,4.486857896692527e-05
WWTR1,4.4820598520355755e-05
CD151,4.478331129867661e-05
C7orf27,4.47193330848823e-05
THEM4,4.466728078255911e-05
KIAA0494,4.46518865480545e-05
ITGB1BP1,4.455939809974873e-05
MFN2,4.4558161929173984e-05
IL28RA,4.445446671753744e-05
KHDRBS1,4.444524658924099e-05
NAGS,4.4341263465033814e-05
KIAA0100,4.431103010830579e-05
SMAD7,4.430688351651872e-05
F5,4.429656558541653e-05
CAPN6,4.428171018202595e-05
SHISA7,4.425490726319781e-05
FLJ45340,4.417656984495925e-05
GHR,4.408722050938493e-05
MMAA,4.4059961592947866e-05
THTPA,4.4036589218583575e-05
SGK3,4.39395819730244e-05
WDR78,4.393311580336432e-05
NFIL3,4.390224248581229e-05
FAH,4.3865789505695664e-05
ERLEC1,4.382812451102599e-05
FLJ42289,4.382702477007559e-05
LPCAT2,4.3813770755851695e-05
ANKRD20A3,4.3799653335143844e-05
AIFM1,4.379736908323652e-05
CDH8,4.377610396276216e-05
ITGB3,4.375492584048465e-05
PPP4R1,4.374698922307224e-05
RFFL,4.37046495442804e-05
SMARCB1,4.370075344631236e-05
LARP4B,4.360723988853851e-05
CCDC24,4.358962973866773e-05
H2AFV,4.35866378728928e-05
MRPS14,4.3491437269364185e-05
HIF3A,4.3472948808379886e-05
MAN2A1,4.344102501379149e-05
TXLNA,4.343504993688889e-05
ARL3,4.33851290831651e-05
TDP2,4.333625769472596e-05
ZC3HAV1,4.332413426925352e-05
FAM13C,4.327032937568079e-05
POFUT2,4.325214052809785e-05
CARHSP1,4.322006410352444e-05
C14orf1,4.320221826872448e-05
C17orf107,4.310732448768855e-05
PRMT10,4.298059108512217e-05
C6orf62,4.2971553933650386e-05
RGS9,4.296747721207088e-05
MYCBP,4.2950059917419435e-05
RUNDC2C,4.282911195355055e-05
INHA,4.2828320591624744e-05
C6orf115,4.279958283152385e-05
MPP3,4.275400629244179e-05
OSBPL3,4.273916523544404e-05
LY9,4.2737093014691416e-05
BRD2,4.273685182018049e-05
RMND1,4.271472884905573e-05
AGGF1,4.270472058600389e-05
TFRC,4.268784243286076e-05
MAPK3,4.267511459956226e-05
NPR1,4.266699247993575e-05
AKIRIN2,4.266583727007657e-05
BRIX1,4.261303609902099e-05
C8orf46,4.2524004439485944e-05
NTAN1,4.247847904208016e-05
CCDC40,4.243266722461371e-05
FAM95B1,4.238560044331267e-05
LST1,4.23673975004629e-05
SLC28A1,4.2361119381844216e-05
DDX31,4.2359896978925806e-05
PCDHB8,4.231634961488695e-05
RPL23P8,4.231125053439791e-05
CSTF3,4.224151288617783e-05
ARL15,4.222742521729778e-05
EIF4G3,4.221217225584434e-05
FAM120A,4.2190598173073304e-05
SMOC1,4.216783447928043e-05
EPAS1,4.215783916877625e-05
TMEM134,4.212935425636982e-05
ZXDB,4.202216380354456e-05
NDUFB10,4.1986787600926285e-05
SHC3,4.197894826662857e-05
PNCK,4.195294585001455e-05
C17orf58,4.1859255747503247e-05
PMS2L11,4.183097363515842e-05
ZNF71,4.179701988727515e-05
SLC25A4,4.179498708223089e-05
EXOC4,4.174368297696388e-05
EHHADH,4.174249509647258e-05
FAM19A2,4.168333781922218e-05
FCRL4,4.165281305045776e-05
VSIG2,4.1577383958290846e-05
SCGB1D2,4.1472449687918554e-05
STEAP4,4.146775943005999e-05
C14orf174,4.139649559181361e-05
STIM2,4.139527033723558e-05
LOC389705,4.130105171270203e-05
SHISA3,4.127345051090239e-05
LOC100129726,4.1259040496178804e-05
RBL2,4.12526224977171e-05
FLJ37453,4.1219625133255524e-05
C6orf154,4.117556462561994e-05
PPAPDC2,4.1174519431526934e-05
B3GNT1,4.109379926721816e-05
TSPYL4,4.108650006857743e-05
BMS1P4,4.104015223510025e-05
TNFRSF10D,4.103195447436793e-05
VPS25,4.0977299685690236e-05
GGN,4.097562288717742e-05
HAUS5,4.092277394842277e-05
SLC6A17,4.089176765930572e-05
DDX47,4.088095966894073e-05
RBM24,4.087416983504097e-05
SPTAN1,4.08431503456844e-05
ETV1,4.081958656600355e-05
ATAD1,4.080355418209078e-05
GRK6,4.080350411167671e-05
PIF1,4.0798071411585614e-05
DACT2,4.07557967275144e-05
CDKL1,4.0710890371560045e-05
CA9,4.0590122983032865e-05
LY6G5B,4.058696806008284e-05
ALDH1B1,4.057074412117744e-05
DBNDD1,4.0543400692346986e-05
RASD2,4.054164559838364e-05
NDUFA13,4.0452512520244925e-05
MAPK10,4.0451429179980145e-05
FAS,4.043734707116666e-05
IL33,4.042013947347617e-05
JAKMIP1,4.0409634463116524e-05
LDB2,4.0388731182256594e-05
C14orf149,4.038011164170315e-05
TRIM29,4.0352190510097006e-05
FAM189A1,4.034667167506235e-05
PGAM4,4.034576502650256e-05
DEPDC1B,4.027621856965887e-05
GLS2,4.026339697027765e-05
KCNMB2,4.023480763524239e-05
ARL10,4.0216649434672925e-05
CLSPN,4.0121494773311525e-05
LOC100128822,4.0105676763442903e-05
FHAD1,4.010142334902481e-05
SLC45A3,4.006592971525687e-05
AGR3,4.00614873513331e-05
SIGLEC1,4.005834844459914e-05
HMGB1,3.998061133160294e-05
IGJ,3.997073900805228e-05
FAM83E,3.993386177099854e-05
TAF9,3.992467459354038e-05
CMAS,3.980574506504957e-05
BRAF,3.979984423328292e-05
SUPT5H,3.979965426536431e-05
B3GNTL1,3.973963630045687e-05
CARD14,3.970731594636595e-05
DBI,3.970128504180932e-05
SFRS12IP1,3.969969622482379e-05
PTS,3.969288737636077e-05
SEC31A,3.968120152609892e-05
CPEB2,3.966684156853793e-05
GDPD1,3.9655878632838136e-05
FHL3,3.9601203694725816e-05
CFL2,3.9591401020183987e-05
CSNK1G3,3.958228368347457e-05
CCDC67,3.949709918447343e-05
DMBX1,3.947344986228358e-05
LYRM7,3.94690983922474e-05
FCHSD1,3.946807396969362e-05
RNASEH2A,3.944196865319382e-05
ACER3,3.941583177581056e-05
XPNPEP2,3.94147489563458e-05
TGFB2,3.941045958735183e-05
CLDN7,3.9394516585447016e-05
FAM65C,3.9272082993199816e-05
SCN5A,3.92457131995229e-05
MARCH1,3.918452982699079e-05
E2F2,3.918081927215717e-05
C10orf108,3.9175300926859044e-05
TMEM163,3.913130216467248e-05
C9orf130,3.9123711035633093e-05
UBAC2,3.9065847121919134e-05
SH2D3A,3.894112053027651e-05
TSNAX,3.8928491448386764e-05
GORASP2,3.891500468399678e-05
PCGF5,3.8867319439877686e-05
HSPA4,3.8864770338117906e-05
TAS1R1,3.8823037939183815e-05
PQLC1,3.880427176328392e-05
NOMO3,3.8804056408875404e-05
PHF10,3.876390051334228e-05
PAAF1,3.871841138697818e-05
SRXN1,3.8701316456830115e-05
TMEM68,3.869629648842043e-05
GCC1,3.866071041090351e-05
BCL11B,3.865619669355015e-05
GZMA,3.864063442555068e-05
IMMT,3.861702878691694e-05
NFE2L1,3.8590438067978365e-05
CMA1,3.848065280386865e-05
MANSC1,3.8462083030233654e-05
TMEM150A,3.8443963640948515e-05
VSIG1,3.833884601980655e-05
STAT3,3.8270357957773284e-05
SERP2,3.82690886128385e-05
ERP27,3.82658537815069e-05
BIK,3.824093650320529e-05
PCDHB7,3.823401816117485e-05
HLCS,3.821017510090201e-05
MTM1,3.817215347194518e-05
TSTD1,3.815795260174464e-05
ALG8,3.8082664688881896e-05
TOX4,3.8044884796756855e-05
TSPAN12,3.803736616298754e-05
TSNAXIP1,3.799191144907399e-05
KIFC1,3.795599149428597e-05
LPHN2,3.7948250130242124e-05
ZNF732,3.790376625121519e-05
LTB,3.787596129931845e-05
KLHDC7B,3.785921158363599e-05
APP,3.783167775426492e-05
MFAP3,3.7817651554523564e-05
PGAP1,3.776039296047809e-05
TCEB3,3.768594271535991e-05
SDC4,3.764808446058497e-05
TNNI3K,3.760743671070211e-05
RAB33A,3.760503876128107e-05
TLE1,3.7602349249334426e-05
KDM3A,3.758620864759968e-05
ACADL,3.758589158863756e-05
INCA1,3.754221195455611e-05
CD38,3.752511439838423e-05
MKRN1,3.745806329451479e-05
KIAA1949,3.744453436994429e-05
RNF138,3.7438614521125436e-05
CAPN12,3.739884902673108e-05
IFIH1,3.7363961300001055e-05
CDC14B,3.7270062358800693e-05
LOC285954,3.7199765979897756e-05
NCBP1,3.718600636144581e-05
ZNF653,3.714666308908479e-05
RCBTB2,3.712506781016272e-05
EPDR1,3.711096095772025e-05
SHBG,3.708973796689512e-05
HCST,3.70536212192336e-05
BRP44L,3.70414383182181e-05
VPS41,3.702886928131425e-05
IL1B,3.7019669911215706e-05
FBXL16,3.70158185086152e-05
VPS18,3.700073536669405e-05
ZNF493,3.6961047876902015e-05
SPIRE1,3.686877235794017e-05
SAMD13,3.686338977671931e-05
CYP26B1,3.670629130564979e-05
ALDH16A1,3.670072959390821e-05
LOC100133991,3.6658940157970206e-05
FAM20B,3.658137378739713e-05
DPY19L4,3.6579732564166565e-05
PLXNC1,3.655966934477128e-05
RHOBTB1,3.64691050519655e-05
WIZ,3.643224735967119e-05
CLIP2,3.640214583887085e-05
RPS6,3.639531278924166e-05
C22orf32,3.639325599216157e-05
SLC2A12,3.6378844185457855e-05
KLC3,3.637232789841665e-05
LOC401127,3.636346384308231e-05
C3orf64,3.6281552500778716e-05
SLC25A3,3.626334293674841e-05
FEN1,3.6168890532885664e-05
SNTB2,3.614769755768719e-05
LOC400759,3.6125583848714754e-05
NR2E3,3.608079272659026e-05
ETS2,3.604521913030744e-05
DNAH7,3.5973209820513356e-05
ZNF389,3.5955645819296794e-05
PIGQ,3.595521959966258e-05
TCTN3,3.589563316791551e-05
MYO1D,3.5853945201378406e-05
NCOA1,3.584401991238202e-05
HOXC9,3.583713805109814e-05
RFX1,3.5814407890209415e-05
CD2AP,3.581032835704506e-05
DCUN1D3,3.57997602283626e-05
ZNF551,3.5794207547069825e-05
NKAPL,3.575844259837898e-05
EPN1,3.574974379690675e-05
RAB8B,3.573074871284417e-05
METTL12,3.571518071753423e-05
FBXL20,3.556138519671578e-05
MAL2,3.555181353724104e-05
HSD17B8,3.551358140030162e-05
SCML4,3.5490616209262836e-05
ABCE1,3.54632238997431e-05
C19orf71,3.5322682561323066e-05
PRKACA,3.5309067184177835e-05
KRCC1,3.53024448748954e-05
CLDN11,3.530099712760671e-05
RAB1A,3.527764690107587e-05
WASH5P,3.524784353219032e-05
C6orf35,3.521619901344544e-05
RBM4B,3.519608191275519e-05
SLC26A6,3.511470447405092e-05
FAR1,3.509072563078353e-05
PURA,3.502961499478142e-05
C8orf83,3.49816489316423e-05
DUS1L,3.497318095412638e-05
SMPDL3B,3.4939717530526124e-05
HTATSF1,3.48894158353463e-05
AKR1A1,3.488794902238278e-05
ZDHHC20,3.4872187771943794e-05
IRF9,3.48087906384052e-05
C6orf147,3.478462816839717e-05
MMACHC,3.477458096359227e-05
MSRB2,3.4765724388320246e-05
PCDHGB3,3.474261441859188e-05
TAB2,3.46735185610261e-05
C1orf173,3.466647737462121e-05
SH3BGRL3,3.465013625250205e-05
USP24,3.46326298264572e-05
FXR2,3.45884578511908e-05
CD82,3.454488230688064e-05
WDFY2,3.448647583066872e-05
ACTB,3.444919714083115e-05
TMEM139,3.44448696348399e-05
FAM48A,3.4411877982832155e-05
TMEM200A,3.439735280468613e-05
RAB3A,3.438827025846421e-05
CLDN5,3.43860788914221e-05
PAH,3.437348707253701e-05
FLJ42627,3.436118711889304e-05
EPX,3.4280704576138234e-05
CADPS2,3.426625328176291e-05
XPO7,3.423555059873303e-05
RNF214,3.421433066826899e-05
LOC643387,3.415238796270117e-05
ETV2,3.415070453399754e-05
TRANK1,3.413702213727487e-05
RPS3,3.4115334951252025e-05
S100A2,3.411082163504332e-05
BAK1,3.406778585287031e-05
C1orf52,3.406678098687149e-05
ERO1L,3.404564710308556e-05
POLB,3.40255301830135e-05
TMEM140,3.39952797837638e-05
TGDS,3.399223167169987e-05
BEX4,3.396028794717721e-05
SYT1,3.3947338046137116e-05
FAM106A,3.392506731218343e-05
ADAMTS4,3.39210046313699e-05
ANKRD52,3.389775123025059e-05
RILP,3.383863675214836e-05
C12orf53,3.38328476891988e-05
AMDHD2,3.3804162887483345e-05
MSL1,3.3773008981608314e-05
DDHD2,3.373350594023784e-05
SEC13,3.3712278010573694e-05
SC4MOL,3.367570520531065e-05
DDX3X,3.365418050791889e-05
WNT10A,3.362926199630843e-05
CDCA3,3.361745163789578e-05
PCIF1,3.360652509188208e-05
METTL3,3.358090091639351e-05
PREX2,3.357057686533195e-05
LOC349196,3.355889146423201e-05
TSEN54,3.354236943865428e-05
PRKAG2,3.353673091691902e-05
SPTB,3.351084959496206e-05
C14orf142,3.3490272134308685e-05
DOK5,3.3487802880057156e-05
ATP2C1,3.3351689866089594e-05
IGF1R,3.3349021033719405e-05
C3orf1,3.3347068872826846e-05
ZNF714,3.3341753713709316e-05
ALS2CR4,3.331332516639608e-05
MORC4,3.330929017159384e-05
VAMP7,3.3243280042893585e-05
ZNF568,3.3220563718951364e-05
FAM92A1,3.3146775686456755e-05
MCOLN2,3.3138506461891604e-05
CADM1,3.3117882881985946e-05
ZDHHC8P1,3.306781538076226e-05
PPP1R1A,3.306533381203867e-05
RNF25,3.304052869239341e-05
NRP2,3.288922172554351e-05
RFXAP,3.287705610143403e-05
CNOT6,3.285532427905641e-05
FKBP10,3.2853951757714414e-05
GLE1,3.284619228088527e-05
PPIF,3.28428608243225e-05
C9orf128,3.2789761762883086e-05
APOL1,3.277342048923241e-05
PTPN6,3.277255143768063e-05
PARP8,3.2721892842946075e-05
DIMT1L,3.270016305760052e-05
STAG3L2,3.267204193315822e-05
PIK3C2G,3.2671740543621196e-05
DDX6,3.2623019320126156e-05
METTL11A,3.258219439590865e-05
ANAPC13,3.2562214364161985e-05
MPP1,3.2532008125601306e-05
ZNF880,3.251848755649167e-05
AP1G1,3.2420327591374246e-05
C10orf57,3.236156540166151e-05
PLEKHA6,3.235735061701722e-05
ZDHHC21,3.231698824233942e-05
FDX1,3.230444963754399e-05
FBXO41,3.225734893758647e-05
PRKCI,3.224844105139346e-05
CACNA1F,3.221995220860201e-05
BID,3.2189565439760945e-05
KCP,3.218706812577425e-05
MBNL3,3.21747134526928e-05
GGTA1,3.2165454066591416e-05
PMPCA,3.215985660171859e-05
C1orf220,3.2097410312479286e-05
CXorf56,3.20943085740329e-05
LOC399959,3.205561100956331e-05
DSC3,3.204991278636952e-05
CCL23,3.201991297961188e-05
CHRNE,3.201859923568156e-05
ZNF808,3.1969072799037765e-05
ZNF204P,3.188887022085312e-05
ANAPC7,3.184352643268479e-05
ZNF673,3.183796146321714e-05
ZNF41,3.183690473561715e-05
KHSRP,3.1823170758397775e-05
ELOF1,3.1716671175992245e-05
FOXF1,3.169442024883534e-05
SOSTDC1,3.168106286890219e-05
TMEM20,3.164940230029313e-05
UBFD1,3.1571055188975406e-05
TAF4B,3.156305333098106e-05
KLRB1,3.1538719542032004e-05
RABGGTA,3.147309467359821e-05
POLD1,3.1443377729950044e-05
ZNF34,3.143519560765532e-05
AFF2,3.138316831585523e-05
PRSS23,3.138062808198927e-05
PIK3CD,3.1313605104308324e-05
ACOT9,3.1249360989563307e-05
HHAT,3.118316939254795e-05
WDR61,3.116011998752649e-05
CD209,3.1137589935134946e-05
ZDHHC16,3.113299452407405e-05
SLC10A3,3.111674295220253e-05
OAT,3.1043746111162166e-05
TAS1R3,3.1033632561511376e-05
KIAA0040,3.102365191520682e-05
ICAM2,3.0989806679963744e-05
GRINA,3.098658780340697e-05
PGRMC2,3.098040717919842e-05
ST5,3.0972350904925466e-05
GALC,3.088681131065343e-05
C6orf81,3.086517504908462e-05
DIRC2,3.084407011857357e-05
NDC80,3.08080339410346e-05
ADCY3,3.0789513178848435e-05
ZNF862,3.078516656501601e-05
PGC,3.075571295881392e-05
MYNN,3.0752648579844114e-05
MKNK2,3.072411921804665e-05
VHL,3.072194288143758e-05
PSMD14,3.071768309407637e-05
ZRANB3,3.070299682210368e-05
PIP4K2A,3.0686320598199386e-05
C11orf46,3.068345760995369e-05
HELB,3.0630902839414385e-05
BTC,3.062910969542779e-05
RALGPS1,3.0615728049102834e-05
RHOA,3.060186521123515e-05
SERTAD1,3.055311046700826e-05
ZMAT3,3.055276023581505e-05
OLFM4,3.053067739669713e-05
SAR1A,3.050970654011504e-05
SIGLEC7,3.0466592811020747e-05
CREM,3.0463719305182755e-05
FLJ39653,3.046309215538646e-05
TACC3,3.0460259243343477e-05
FLJ23867,3.0428856964701005e-05
TRMT6,3.032847351876136e-05
TMLHE,3.027176199755205e-05
CELF4,3.0266623033847832e-05
EGR1,3.026286679891126e-05
FAM73A,3.0192605527795303e-05
TDO2,3.017178657029135e-05
RER1,3.016745555021583e-05
MARCH4,3.0101993161805402e-05
SELE,3.0099302173481737e-05
NOVA1,3.007912945556455e-05
IL27RA,3.006777344149433e-05
C22orf29,3.0067164674153805e-05
MYO7A,3.0052557006581256e-05
PRSS36,3.0025886407278827e-05
FGL2,3.001581406240351e-05
ZNF618,2.9998635621783556e-05
FMO2,2.997420569412183e-05
AFMID,2.996995362948704e-05
PPP1R13B,2.9925637532738677e-05
AFAP1L2,2.992079475900897e-05
FRMD1,2.9910551453580686e-05
NPAS3,2.9848070277310805e-05
ERBB2,2.979776517980841e-05
SASH1,2.978477359397222e-05
C1orf226,2.9783282172215016e-05
NOD1,2.9766816803034303e-05
TEDDM1,2.9764504016618932e-05
PIP4K2C,2.9755532603716662e-05
TACSTD2,2.9749108773605258e-05
MBD4,2.9747019092413958e-05
C9orf119,2.974229669833912e-05
LAMA3,2.9701589808182785e-05
TUBA3E,2.963678555543361e-05
ZFP2,2.962959970795119e-05
ARF5,2.961684979055686e-05
PECAM1,2.9595540297200863e-05
AARSD1,2.9569894003762026e-05
MPV17L,2.9527604682675666e-05
DNAJC2,2.9482790081500945e-05
MLX,2.9451099639712137e-05
STX1A,2.94182964394205e-05
CRELD1,2.9407198299412703e-05
L3MBTL,2.9357687700415582e-05
ARL17A,2.934926760248087e-05
NOTCH2,2.934317541605027e-05
C9orf150,2.9231585628531683e-05
TOM1L1,2.919016850301966e-05
SUPV3L1,2.916010454167908e-05
GPR116,2.9146546797216682e-05
CEP120,2.9110648351000455e-05
TMEM171,2.9058568167267986e-05
BRP44,2.9045099327635347e-05
SHMT2,2.9040178297584457e-05
MRPL52,2.900066054136039e-05
KLHDC7A,2.8948241723880273e-05
PADI3,2.8944551161532876e-05
GMNN,2.8932873043247664e-05
DYRK1B,2.8929614752392838e-05
TMEM71,2.8914246418448683e-05
FRAT1,2.890982445134841e-05
DUOX2,2.890156863186479e-05
N6AMT1,2.8888607054607176e-05
KIAA0317,2.8887393883727947e-05
USP32,2.8883524322795445e-05
KCTD3,2.8863984458011717e-05
ADORA2B,2.8817091897425974e-05
PPP2CB,2.8803146872829083e-05
GCSH,2.878629512014879e-05
BTBD12,2.871115506813909e-05
ZNF845,2.8683089123352557e-05
SH3PXD2B,2.865740767200578e-05
ZC3H12D,2.8613907666519685e-05
CNOT6L,2.8590675277242085e-05
ETV3,2.8562802873563296e-05
IFI44,2.8492498165711462e-05
RAB40B,2.848481048764489e-05
TDRD7,2.841560058877675e-05
SIGMAR1,2.8395466507901097e-05
MESTIT1,2.8377164934323587e-05
ZSWIM5,2.8369128641198024e-05
FBXL5,2.8359381260238865e-05
FBXO28,2.8317622431718532e-05
DYNLT1,2.8257133806436967e-05
LTBR,2.8239130178775158e-05
PGAP2,2.816852960901681e-05
MKRN2,2.814916906855636e-05
APOL3,2.8142563942684518e-05
TMSB15A,2.8141907651135838e-05
PDE2A,2.8134503037801147e-05
PTPRE,2.810380826083196e-05
RNF222,2.802800173184279e-05
GRAMD1A,2.8025006269187267e-05
MRPL27,2.8006136833920174e-05
USP44,2.7938587933962493e-05
TULP4,2.7867618216522875e-05
FNBP1L,2.7835356158075532e-05
MRPL35,2.7834984880030877e-05
TRAPPC2,2.781911048280207e-05
SACM1L,2.7805384890058883e-05
ISG20L2,2.7783158765157164e-05
TAF1B,2.7780642170911595e-05
TRIM59,2.7763013518442715e-05
TMEM150B,2.7734522758599116e-05
RHBDF1,2.771227767402422e-05
KLF3,2.77064526472343e-05
ZNF429,2.7683790476990612e-05
RP2,2.7650785701657023e-05
PTPN12,2.76330262222077e-05
ZMAT4,2.7597957640032503e-05
SEL1L,2.7586576148280238e-05
HNRNPA2B1,2.7581964848217932e-05
GPR113,2.7530035694156116e-05
CENPF,2.7502734889075305e-05
GPR15,2.743131012828154e-05
HEATR5B,2.7413246382032865e-05
PIGX,2.7390524201817323e-05
F10,2.7349745584648527e-05
CDK6,2.73464641914919e-05
PDP1,2.731135137801919e-05
PSD2,2.729437837601574e-05
LAG3,2.7278657209980538e-05
THUMPD3,2.7272911030719948e-05
TLR8,2.726815423606523e-05
PAPPA,2.7260141716998654e-05
COL4A6,2.7228504759245293e-05
NKAP,2.7183572645584015e-05
ATP10B,2.7167378552525297e-05
ZNF787,2.715154124025616e-05
ESRRG,2.711547045322138e-05
PAQR4,2.707973786577534e-05
CHRNA9,2.705458540065923e-05
C4A,2.7033252887900826e-05
ASTL,2.699271017470779e-05
ZFC3H1,2.6992251553894233e-05
LOC730101,2.698998880758536e-05
CH25H,2.6935548282295594e-05
TFPI2,2.6916467198800607e-05
ADAMTS3,2.69142349454166e-05
MEI1,2.6893061184818383e-05
SESTD1,2.688658235150939e-05
ERC2,2.6849532725491145e-05
VAMP4,2.6819462215622156e-05
LIMS3-LOC440895,2.6803134039235156e-05
NISCH,2.6797234850555633e-05
TRAPPC1,2.6794502773692584e-05
SCN3A,2.6793200218227173e-05
DCLK2,2.6772107532064298e-05
NEK3,2.6746418179501417e-05
USP6,2.673581575067039e-05
RRH,2.6691262261284222e-05
COX6B1,2.668786801133881e-05
CSMD3,2.6676323513265845e-05
SEC63,2.664306898498893e-05
ZNF480,2.6635460315129426e-05
XYLT1,2.656941804625087e-05
CALML3,2.6551659017161162e-05
RMRP,2.6523809061041473e-05
LOC729991,2.650179012693814e-05
PYY2,2.6453193544126112e-05
RPL13P5,2.635973334896273e-05
USP18,2.6354111617304157e-05
SPOCK2,2.6334485029326682e-05
BCLAF1,2.6274011438726105e-05
SH3YL1,2.6220182330948743e-05
TLR2,2.6216614487200514e-05
LENG8,2.618385182944982e-05
SDS,2.6161913900997128e-05
C6orf165,2.61531441057503e-05
NUP98,2.613353948210256e-05
RFNG,2.6075873668694885e-05
IP6K2,2.6065991077834707e-05
C11orf45,2.6061669356924773e-05
APOBEC2,2.6059683038778477e-05
KCNS3,2.6059116060324812e-05
STARD13,2.6038888906946657e-05
VIT,2.5979071718172738e-05
HBA1,2.5977646445367304e-05
LOC100128842,2.5976371795026962e-05
TIMM50,2.594853516434389e-05
ACCN3,2.594601827162774e-05
MAP3K1,2.5936520192679504e-05
L2HGDH,2.593168308801125e-05
LPGAT1,2.592579671697958e-05
ZNF592,2.591960408868366e-05
PPARA,2.5894557257318272e-05
TFCP2L1,2.5848374424514157e-05
ZNF208,2.5792210668918897e-05
ATP8B4,2.5784194835203946e-05
FBXL17,2.575483499481973e-05
RNF169,2.5738691711754467e-05
PRSS22,2.5718651426808566e-05
GUCY1A3,2.570737467246399e-05
SLC35B2,2.5695561637832538e-05
CABC1,2.5652166512689577e-05
ATG16L1,2.5650043467350874e-05
MAP3K2,2.563777081954538e-05
CCND3,2.563756846293308e-05
SEC14L5,2.5623533032402625e-05
C9orf114,2.5605209573218398e-05
BTN2A1,2.5589129044312682e-05
POLRMT,2.556204972377617e-05
ZCCHC10,2.5550400533724176e-05
MANEAL,2.5548822475451274e-05
YES1,2.554275190066084e-05
FAM157A,2.553932457392173e-05
ZNF157,2.5507493764883108e-05
SRMS,2.547766411913122e-05
GPA33,2.547282268980548e-05
IFFO2,2.547210663697556e-05
SYT14,2.5461265797605516e-05
SPAG4,2.5455587490509602e-05
RUNX3,2.5450541958454834e-05
TTC12,2.5440563394831768e-05
LMNB2,2.543707485279625e-05
TMEM220,2.5436671512159302e-05
SNX2,2.5423596957668024e-05
ZFYVE26,2.5418822508807983e-05
ABHD5,2.541580605341278e-05
C9orf142,2.5408792459604574e-05
RRAD,2.5407074339379846e-05
CDC42EP4,2.537220408898674e-05
KDELR1,2.536994932481935e-05
C2orf18,2.5368608322083294e-05
CCDC45,2.5366333802180623e-05
IGFL2,2.5356164641624718e-05
HYAL1,2.535246628827027e-05
MPST,2.534337591116374e-05
ZNF559,2.534200976827033e-05
C6orf134,2.533532814509299e-05
CD74,2.5330058849554038e-05
ZBTB5,2.5305321094694926e-05
ITGAV,2.530173724623228e-05
PARS2,2.527495842029511e-05
SGK1,2.5274295515914103e-05
PML,2.527418946581511e-05
AG2,2.5248254749731238e-05
DLK2,2.5240109974672312e-05
NR4A3,2.522597122937104e-05
KLB,2.5219421141473047e-05
PFKL,2.5216897442340647e-05
STXBP5L,2.5215295890442595e-05
RHOV,2.521291234084023e-05
ADCY4,2.5199349427233686e-05
MELK,2.5194026156323868e-05
C1orf54,2.519318184828623e-05
PARP6,2.5182866119299498e-05
LIMS2,2.517933525015664e-05
IL7,2.516948374278796e-05
FGF1,2.5161102747510602e-05
TATDN2,2.5157225600892093e-05
MAEA,2.5109554130044072e-05
MSTO2P,2.506052841713123e-05
PRKAR1B,2.505813894580217e-05
FBXO25,2.5056058401896145e-05
UBE2D3,2.5044024183939545e-05
CALML5,2.502606880441689e-05
SYNPO,2.5024266241424533e-05
CCR10,2.5004902388283515e-05
FAM20A,2.5003492038296464e-05
NCAPH2,2.4990728693270946e-05
ARL6,2.4978776256630708e-05
RNF181,2.4958211692410343e-05
MDFIC,2.4934190196221235e-05
DAD1,2.493268016828145e-05
MYST2,2.4930192379113457e-05
FBXW5,2.4878883794423087e-05
MTRR,2.4861665562825604e-05
DFNB31,2.4857337521399938e-05
MYCBP2,2.484499050821272e-05
H3F3B,2.482895336923494e-05
G3BP2,2.4820662914767096e-05
ZNF816A,2.4814073697557727e-05
IQCC,2.481281153157974e-05
HES1,2.4808872762148613e-05
BTNL9,2.4802636024415068e-05
ZWILCH,2.4798373592613638e-05
WDR62,2.478049495472555e-05
WDR33,2.4749298487810298e-05
SCARB1,2.4741526267303853e-05
CALHM1,2.4737657680578265e-05
ARHGAP17,2.472695985849425e-05
ACAD9,2.4695605005393033e-05
GNPTAB,2.4690588031541465e-05
CYP19A1,2.4567248879292497e-05
PDZK1P1,2.455859868977664e-05
WDSUB1,2.4488540034324893e-05
DNAL1,2.445530838001385e-05
XKR8,2.4424725544329432e-05
TUBB2B,2.4410583002313257e-05
FAM195A,2.4405371369884234e-05
GPR4,2.438683423470076e-05
PPP3CB,2.4372909633246673e-05
PSME3,2.437183184095998e-05
SMC6,2.43581698351101e-05
AZU1,2.4353941969981663e-05
TMEM218,2.428541949056672e-05
KLHL35,2.428055386564959e-05
OSBPL6,2.427342787947887e-05
ISOC2,2.4242455828685916e-05
ATP6V1D,2.4237080362092108e-05
GPR137C,2.4143497574612527e-05
NFATC1,2.4138550988072918e-05
C6orf201,2.4137723695411892e-05
PCBP2,2.412581678668742e-05
ARL5A,2.4121899647530157e-05
ZFP161,2.406622268594238e-05
AGPHD1,2.4044369452333387e-05
CNTLN,2.3954335635863203e-05
SEMA3B,2.39321684523679e-05
ANKRD13B,2.3898863281940823e-05
KBTBD7,2.388412449614486e-05
ITSN1,2.3828088929935786e-05
NHS,2.3783317517928165e-05
C5orf56,2.378311864580075e-05
SNHG1,2.3781623167473158e-05
CXCR2,2.3778284535046666e-05
LRP3,2.3766685652925345e-05
TTC21A,2.3726313181817336e-05
TSEN34,2.370420751680057e-05
XYLT2,2.3683167619461053e-05
FSCN2,2.366086271724778e-05
ASNSD1,2.3653128026383696e-05
TPSAB1,2.364469999647896e-05
USP7,2.3637958054213275e-05
SYT8,2.3617939657504046e-05
ISM1,2.3611336385937437e-05
PRG4,2.359814253296235e-05
PDCD11,2.3558326434321357e-05
HSDL1,2.355273086221636e-05
GOLGB1,2.3548365773916058e-05
SEPX1,2.3511289928989276e-05
ZNF815,2.3468038377898654e-05
MFF,2.346224759644282e-05
RNF31,2.345441691578303e-05
KPNA6,2.344981809741563e-05
RAB1B,2.341579782965046e-05
COQ10B,2.340861737279782e-05
RFPL1,2.335885868155917e-05
GAPT,2.3317029214259925e-05
ZNF562,2.3280092424113387e-05
TMEM45B,2.32521020900029e-05
ITGA7,2.323312321285023e-05
PPP1CA,2.3179701094829716e-05
C1orf201,2.3175333901862266e-05
LSM11,2.317289548206002e-05
PAX8,2.3140138803314883e-05
BCKDHB,2.302668683749111e-05
CROCCL1,2.3026366437096727e-05
PPP2R3C,2.2980669605385947e-05
PAN3,2.291433422844167e-05
PSENEN,2.2864367027920487e-05
ALG12,2.282492376862269e-05
IFI16,2.2817630966694673e-05
PHYHIPL,2.2751039533451758e-05
MTSS1,2.274543855814195e-05
ATP5G2,2.273638263701963e-05
PRDM5,2.2688514130062735e-05
UBE2MP1,2.2681856155423604e-05
PMS2,2.263263217877988e-05
CAPZA1,2.2630875993196758e-05
ZFYVE27,2.263010149802226e-05
PARP11,2.261761390454374e-05
CGRRF1,2.2601211070062364e-05
RECQL5,2.2546572270525842e-05
BAZ2B,2.252191973403354e-05
KRTAP5-1,2.2470754078646148e-05
CD109,2.244181517770148e-05
TMEM30A,2.242257332891761e-05
GBAP1,2.238911243363613e-05
GRAMD2,2.2319696521326795e-05
CYP3A5,2.2313470594217103e-05
VPS26A,2.228893433629298e-05
IGSF22,2.2280661162776403e-05
LOC253039,2.2274151737297546e-05
NUP155,2.2264983844454983e-05
LIN9,2.2251033860231717e-05
MAP2K6,2.2191260767232827e-05
ADRB2,2.2191041860082862e-05
?|100133144,2.2169976366001307e-05
HMHA1,2.2152146907166364e-05
COX6A1,2.2124121332764152e-05
B4GALT6,2.209821620611678e-05
LGALS8,2.208582704421132e-05
OLFML3,2.20708818441417e-05
RAB26,2.204298323853531e-05
STARD8,2.2012268584121942e-05
S100A3,2.1972676628185514e-05
CBLL1,2.1953926357285203e-05
MTMR11,2.1953338719740097e-05
MOXD1,2.1940165063735426e-05
PPP2R3B,2.1935955243845354e-05
LILRA1,2.1923825051677802e-05
PAIP1,2.1911521419665756e-05
C15orf37,2.1864049764091996e-05
BHLHA15,2.1861714664937875e-05
CNOT10,2.182976187615871e-05
SURF4,2.181630649594456e-05
TTLL7,2.1797768877488412e-05
SFRS3,2.1771004530312834e-05
C10orf68,2.174995530174839e-05
NAP1L6,2.1727680946223132e-05
F2RL1,2.1721810895242627e-05
LOC100133331,2.166758774112591e-05
EDN3,2.1667560507372518e-05
RASSF2,2.1654892785258014e-05
SENP7,2.1643030617796807e-05
PCGF2,2.163225796356196e-05
SYCE1L,2.1625522050597735e-05
SNX18,2.1623478065342e-05
KLF4,2.1620847363821844e-05
LRP4,2.1618013551298727e-05
ATP8A2,2.1578527823829673e-05
KYNU,2.1571743017175216e-05
MRPS18B,2.154206833610488e-05
ZNF19,2.153918415070937e-05
C2orf69,2.1518148363513694e-05
AZIN1,2.1495201723915668e-05
SPINT2,2.14739154578446e-05
PLK3,2.1473758668479835e-05
SYCP2,2.144464760895932e-05
ZNF781,2.1431398837795074e-05
ZNF7,2.1413595518248412e-05
PTCD3,2.1377719196774606e-05
ST7OT1,2.134236079053379e-05
VPS35,2.125970038438879e-05
DDIT3,2.125667812599197e-05
ZNF141,2.1220745224608534e-05
MYL6B,2.120793924817299e-05
ASPHD2,2.1202307542162646e-05
AQP6,2.119622626253563e-05
ZNF354B,2.1167600460517306e-05
SRP68,2.1135005444037467e-05
CAMK2A,2.1122444335910576e-05
C7orf11,2.1078356314057426e-05
ZNF682,2.0998677675317288e-05
SLMO2,2.0986176195534832e-05
CD27,2.0948974050492286e-05
CAB39L,2.0878988276499013e-05
LYL1,2.0861201726604075e-05
NIPSNAP1,2.0839681882015738e-05
USP2,2.0835634597063818e-05
MICB,2.0833297086751445e-05
SCARA3,2.0828533096302865e-05
CNTN3,2.082501118911326e-05
C5orf53,2.081762242919449e-05
ZNF205,2.0814847937586076e-05
AKT1S1,2.0791866211374497e-05
TDH,2.0791591456543367e-05
C6orf114,2.0789496810934477e-05
DECR1,2.0785369440498794e-05
SLC24A5,2.0779230745618422e-05
NDUFB3,2.0754796063150923e-05
TMED5,2.0730000103692635e-05
SF3B14,2.072790548265415e-05
PTGS1,2.071563894555954e-05
OIP5,2.0710488550416698e-05
C16orf7,2.0704983294511746e-05
CPXM1,2.0700399427943342e-05
EDEM3,2.0658091263559838e-05
DPP8,2.062269683888634e-05
NPHS1,2.0558024438045502e-05
GPRIN2,2.0555083140331786e-05
NGDN,2.0535603765762693e-05
MEST,2.0526444962951894e-05
SLC47A1,2.0516592008931594e-05
PFN4,2.0503904731607906e-05
FAM158A,2.0496100830045212e-05
C9orf7,2.0476979120732807e-05
FAM5B,2.0463672603278433e-05
PGBD1,2.0417358278286367e-05
RAB7A,2.0410404305838587e-05
SFRS6,2.0369461307996374e-05
BRI3,2.032047500901288e-05
ATP5C1,2.027839248192179e-05
PER3,2.0270676524613298e-05
DIP2B,2.0269240045756376e-05
ANXA11,2.0243183037431497e-05
TPM3,2.0240979238631063e-05
RFPL3S,2.0227722096250247e-05
PROCR,2.0211778581332757e-05
BRD8,2.019494811521457e-05
TNFRSF10C,2.0194758835998856e-05
STOML1,2.014065535581528e-05
ADAM17,2.013216992155232e-05
ZNF233,2.0078885096682273e-05
NCEH1,2.000093330551314e-05
LRRC20,1.9967289082169468e-05
ZNF226,1.9959451180003483e-05
VPS52,1.9956388288227048e-05
HOMER1,1.9938348689669662e-05
ASB16,1.992948405936559e-05
MLKL,1.99184452365018e-05
GPR146,1.9918048095191612e-05
C6orf26,1.988652310011515e-05
MRPL50,1.985523016238695e-05
SLC4A2,1.9854684519763832e-05
LOC400696,1.984565686465582e-05
GADD45GIP1,1.9837680702778503e-05
MTF1,1.9808624824965727e-05
IRX1,1.978177288923982e-05
DHX33,1.9767953474662162e-05
AGPAT2,1.9745512076070903e-05
DISP2,1.971059365829354e-05
ZNF414,1.9707779636356565e-05
LOC100190939,1.9702942790206946e-05
PAK1IP1,1.9676589386832643e-05
DAGLB,1.9649194818936392e-05
CEP135,1.9647103291631843e-05
SLC25A30,1.963369564554107e-05
KLF5,1.9611668215692935e-05
LINGO2,1.9607476804594346e-05
KRT1,1.9557064777987447e-05
C2CD3,1.9553682770647363e-05
NR5A2,1.9441639842968287e-05
ATAD3A,1.938765660346379e-05
CDC42BPG,1.9379594725199526e-05
ZCCHC8,1.9363426087250756e-05
SNORA7B,1.9356967032151732e-05
LNP1,1.9347381265713936e-05
PHKB,1.930300221111143e-05
RBM11,1.9298899853996134e-05
MAST3,1.9261209937511552e-05
RBBP4,1.92287814179265e-05
HMGCLL1,1.9218964057985295e-05
TNFRSF11A,1.9184089987254415e-05
APOBEC3D,1.917865257661425e-05
LOC641367,1.9099021215890743e-05
ZBTB4,1.909836885473183e-05
ZRSR2,1.907155684626406e-05
PAK2,1.905982297396708e-05
PCMTD2,1.9040633617044866e-05
PPFIBP1,1.8987775190317183e-05
GJC2,1.8982167162946604e-05
SLC19A1,1.897438729482833e-05
KATNAL2,1.8964330544477735e-05
RHOG,1.896255180485039e-05
NUBP2,1.8933914064280236e-05
CDIPT,1.8915495226621993e-05
ZNF474,1.8901736938438737e-05
ZNF596,1.8891467188929527e-05
TMEM59L,1.886892885848633e-05
TCF19,1.886083588198976e-05
POMT1,1.885377465619945e-05
UBE2T,1.8853551139377917e-05
UBR2,1.8763489014745357e-05
SUMF1,1.8751979410077746e-05
ZNRF1,1.865089299340488e-05
KRT6C,1.864843666182135e-05
LRRFIP2,1.8590305707844798e-05
CD19,1.8588569761158293e-05
HP1BP3,1.8576420949520887e-05
LOC100303728,1.8572278957468695e-05
TIPARP,1.8529116008691458e-05
CLU,1.851665582244521e-05
SIGLEC14,1.850148486875914e-05
GOLGA6L10,1.8473234870672662e-05
GTF2IRD2P1,1.8471838883379204e-05
PARG,1.846268838367438e-05
LEF1,1.8458258086984484e-05
C12orf70,1.84497091965312e-05
TRIP11,1.8413227245549694e-05
ABCC1,1.8359178088901246e-05
LOC100133545,1.8331465475619313e-05
MIAT,1.8287138869016807e-05
LOC441666,1.8259276660713174e-05
XKR9,1.8257935340152364e-05
STX3,1.8244602152259197e-05
ZNF517,1.8214437589314446e-05
MRPL47,1.817945865340365e-05
UCP3,1.8156226101508762e-05
RXRB,1.8142577021923546e-05
PAPL,1.8092611703980403e-05
PALLD,1.8080303383775726e-05
TXNDC6,1.808018553173064e-05
FAM25A,1.8044884714655606e-05
ADAMTS1,1.7951013893511922e-05
TMED7,1.7936835451361116e-05
FCRL6,1.7934492337389673e-05
RPL15,1.7930879569807318e-05
CCDC88C,1.7897803168445253e-05
ZEB2,1.785024174951606e-05
LOC100130015,1.7817137353211598e-05
PHPT1,1.7816852214314885e-05
SVEP1,1.7813198525270987e-05
FAM116B,1.7803446603122257e-05
NMU,1.7757903146048436e-05
DGKH,1.775402153864393e-05
CD1E,1.7732620441977e-05
KDM4C,1.7720259474883023e-05
RHOBTB3,1.7720174325297158e-05
UVRAG,1.768710580972294e-05
SLC2A4,1.7654233482299833e-05
STAC2,1.7647511229951986e-05
SHROOM4,1.764188677811004e-05
ZNF224,1.7628478804985794e-05
GLOD4,1.7625013920904155e-05
ZNF573,1.76202897151664e-05
ARHGEF33,1.7575936629028853e-05
SLC39A3,1.7560230183670316e-05
CCIN,1.753031822365973e-05
MACF1,1.7502171356682485e-05
NR3C2,1.7497472202834514e-05
BFSP2,1.7497206684487422e-05
RALGDS,1.7427143106745222e-05
ZNF841,1.73827786398599e-05
HIST1H2BO,1.7358305898936697e-05
ABI1,1.7319684797808582e-05
ACSS3,1.7316810277364205e-05
RUVBL1,1.731269807272976e-05
MYO10,1.7272904316977286e-05
ZCCHC7,1.7228351981002624e-05
NUP107,1.722496677782786e-05
ITGB4,1.7218918390125098e-05
FCHSD2,1.7180971757907955e-05
AAAS,1.7179107833715945e-05
TUBB4,1.71506089925161e-05
TMEM49,1.7128973639166818e-05
C9orf140,1.7051685429103476e-05
KIAA1239,1.6974460594270203e-05
ZNF460,1.6953504808650578e-05
PTTG1,1.694801634982579e-05
CDK4,1.6947188790527806e-05
UBQLN1,1.6914256364547986e-05
CHRNA7,1.6892263312585742e-05
SH3BP2,1.6854950192153307e-05
LEKR1,1.6840082082022556e-05
B3GALNT2,1.6823649411421816e-05
GNRH1,1.6803798379192762e-05
MSC,1.679266123774328e-05
ADAMTS5,1.6787470840421065e-05
GTF3C1,1.6787128488450006e-05
CCDC122,1.6765095381490567e-05
SH3BP5L,1.6760734058664702e-05
TTL,1.6756144448822146e-05
CCNI2,1.674442179548897e-05
PIK3CG,1.6713445513074976e-05
ACAP2,1.6679701406154848e-05
ELK1,1.6678295079523223e-05
S100A4,1.6661259047690334e-05
TLE4,1.665429301908906e-05
SDHAP1,1.6652875720098334e-05
AGAP1,1.6650488681677008e-05
RAB32,1.66364770307203e-05
BRD3,1.6630454368759036e-05
TTC27,1.662980300676431e-05
DHRS1,1.6627443180353352e-05
LRRC42,1.6624625256398413e-05
ZNF878,1.658976080126546e-05
CORIN,1.656872078293567e-05
PQLC2,1.6542598122074457e-05
CASP14,1.654240973517402e-05
C3orf55,1.6531976483453627e-05
ITPKC,1.6528988432393587e-05
LINGO4,1.650511673824495e-05
CXXC1,1.650295881738076e-05
FGF18,1.648402288709513e-05
BCDIN3D,1.6473935187266307e-05
ATP13A3,1.6470134570590653e-05
LYST,1.645352149831822e-05
ABCA7,1.6449777662160746e-05
RNF186,1.643766989321985e-05
PPP1R2P3,1.6404405032771446e-05
UBB,1.6394631457894392e-05
CARS,1.638397831233051e-05
NFS1,1.6378885597224776e-05
RAE1,1.637514772775941e-05
SAA4,1.6371070697559423e-05
KLHL24,1.6331492165089126e-05
FAIM3,1.6321363697898226e-05
ARHGAP19,1.6309581953830312e-05
SLC35A1,1.6261647905237794e-05
SOD3,1.624875665465642e-05
TAF12,1.6238198301506684e-05
TUBB8,1.6233430553709617e-05
PI3,1.6233425044437457e-05
CC2D1B,1.6199945988125136e-05
ABCG1,1.6198004644385503e-05
EGFR,1.617651074024939e-05
LCN2,1.6171205405924564e-05
IFT81,1.6150098744291836e-05
MYC,1.6136971254307238e-05
RCL1,1.6124054991885032e-05
RBM3,1.6118259175430785e-05
VKORC1L1,1.608087118474031e-05
DMRTC2,1.6064732020592133e-05
GPCPD1,1.605872483169539e-05
SLC35E3,1.602685197448785e-05
UHRF1,1.6019053014979295e-05
APOB,1.600373536518932e-05
C12orf5,1.5990420326431234e-05
AMFR,1.5971145294301493e-05
MAB21L1,1.5965752928326437e-05
C8orf39,1.590348885615686e-05
PHF20L1,1.5849459543654933e-05
FXYD1,1.5810835387665445e-05
C15orf38,1.5759365222778913e-05
ACAP3,1.574793607018211e-05
UNC13B,1.5722184836699863e-05
PBX4,1.570700344505362e-05
NKIRAS2,1.5654444871730636e-05
PDE11A,1.5645600654207047e-05
LIME1,1.563523958734003e-05
TRAPPC5,1.5632271817801508e-05
PSMD8,1.561872687208149e-05
GCNT3,1.5602269007880134e-05
CDR2,1.5592383610167926e-05
VAV2,1.5548174678755206e-05
CHRNA5,1.5536778571233558e-05
CHMP7,1.5501726417636376e-05
C6orf192,1.5489462311322234e-05
VPS13D,1.5476684486376015e-05
PQBP1,1.5446910506053905e-05
MGC70857,1.544577259662695e-05
UBA5,1.539229657685975e-05
RARRES2,1.5383200544932763e-05
IFRD2,1.535414521441451e-05
RCHY1,1.5353309852730232e-05
SLC27A6,1.534185524749637e-05
CCDC6,1.533198500585317e-05
TCEAL5,1.5331287877367143e-05
ZNF292,1.531559345204964e-05
MCF2L,1.5278912878079005e-05
ZDHHC14,1.5243145333434362e-05
SLC37A2,1.520615400283862e-05
AP1B1,1.5202781791132587e-05
C14orf33,1.518288402347759e-05
C20orf160,1.5177742454891367e-05
PCP4L1,1.5165671145661468e-05
GPR18,1.5150143076205935e-05
ROR2,1.5112937901041765e-05
MED10,1.5099959460069698e-05
EXOC1,1.5088916847476048e-05
ANKRD35,1.508194714052685e-05
RPL39L,1.5073290816615872e-05
PARM1,1.5064963101804191e-05
WNT2,1.5050950886226136e-05
RPL29,1.5040291701559116e-05
DCTD,1.5038009011595546e-05
SMTNL2,1.5030525783696255e-05
SCYL3,1.5027765348216239e-05
NDUFA1,1.501035066012262e-05
CENPI,1.5006414502088853e-05
TLR3,1.5005441791748061e-05
PCDH11X,1.4994650117799796e-05
VPRBP,1.4964510453179853e-05
TMEM19,1.4918809687461603e-05
SSTR1,1.491128931601939e-05
MORN3,1.4896496346059432e-05
ALOX12,1.4868357849282222e-05
KCNE3,1.4854091227713842e-05
SLC6A7,1.482409320506605e-05
MSH3,1.4802424615069835e-05
CCDC144B,1.4794812810177433e-05
SNRNP40,1.4767413053640717e-05
C11orf67,1.4760441380529185e-05
AKIRIN1,1.4751762450473849e-05
CAPN10,1.470971090811027e-05
KIAA0753,1.4706346928038638e-05
EPB41L1,1.468463657284419e-05
MDN1,1.4658693699367976e-05
PALM2-AKAP2,1.4650500734687545e-05
SRRM2,1.463653081932101e-05
NAT8B,1.4632133609479791e-05
TSPAN5,1.462904259324841e-05
NME1-NME2,1.4607026911277466e-05
LUC7L,1.4598604814597313e-05
SUSD2,1.4592284626202998e-05
PALM3,1.4583985518254637e-05
KIAA0913,1.4577307956335184e-05
ACD,1.4575854368280411e-05
ZNF444,1.4561286833462218e-05
HERC5,1.452169299215506e-05
AMACR,1.4483266279779713e-05
DIO2,1.4481525005392715e-05
TRAF7,1.4475238448074121e-05
FAM86B1,1.4463055915878666e-05
ZFP90,1.4450167143842992e-05
SOAT2,1.4449416252712234e-05
SEZ6L2,1.4444782902679947e-05
SNRNP27,1.4416820773309084e-05
C2orf89,1.4413490414765234e-05
PTDSS2,1.4409846193151494e-05
TREML2,1.439118485103494e-05
TPK1,1.436647265639969e-05
ZMYM1,1.4358797250728087e-05
HSPC159,1.4346570883415883e-05
EGLN3,1.4336694933211297e-05
HSD17B10,1.4336368402692912e-05
ZNF169,1.4314887078242636e-05
NPY5R,1.4308502632969652e-05
MDH1B,1.4291082181945666e-05
M6PR,1.428425126505446e-05
GPR153,1.4270613556550317e-05
C9orf91,1.4269462771179533e-05
NODAL,1.4257893564785013e-05
SEPT1,1.4256858042327354e-05
EPN2,1.4240621656730104e-05
EEF2K,1.4213109507412196e-05
GMPR,1.419434539910916e-05
ADAMTS17,1.4184353817945928e-05
PKN1,1.4138436492245081e-05
TRA2A,1.4129387734835873e-05
LOC644936,1.4112211818140483e-05
HOXA4,1.4094911656685384e-05
BLM,1.4088169031801954e-05
SMCR8,1.4083111939390446e-05
CPNE8,1.406401115722559e-05
KIRREL2,1.4058653592413708e-05
BRMS1L,1.4043275283824111e-05
DLST,1.3957169558642587e-05
EFNB2,1.3943907703591588e-05
C6orf1,1.3919017950121158e-05
SAMD3,1.3906621436617433e-05
CETP,1.3891983078204174e-05
FDFT1,1.3862978845055985e-05
REC8,1.3853429301179998e-05
GDF6,1.3833790763133838e-05
BLNK,1.3813329148532333e-05
NCRNA00086,1.380202143314839e-05
EEF1E1,1.3769658079370958e-05
GALNT1,1.3755389167817697e-05
FAM200B,1.3755172651182752e-05
NACAP1,1.3749874325372097e-05
ANGPT2,1.3748301736563186e-05
SLC12A8,1.3741330582240082e-05
CIZ1,1.3734489570125819e-05
TIGD6,1.3733465003818707e-05
NCKIPSD,1.3727372807910459e-05
SLC46A3,1.3724420726651383e-05
ADCY5,1.3714164830922924e-05
RABL3,1.3706899612939932e-05
NUP210,1.3686371115672773e-05
CLYBL,1.3684396426704965e-05
TBC1D3,1.3655368743033028e-05
CDH22,1.364763699307354e-05
WAS,1.3626059394210348e-05
FAM45A,1.3623045991640746e-05
MBOAT2,1.3615846248156991e-05
TNFRSF1A,1.3608622669694227e-05
PPA1,1.3600972759861598e-05
ZNF136,1.3462887371002283e-05
ELOVL6,1.342049481985189e-05
COX18,1.3384047631975013e-05
GBP5,1.3383727858844845e-05
UTS2,1.3380870124794784e-05
C5,1.3376792801606686e-05
SRPK3,1.3362331265771355e-05
C6orf162,1.335031034006084e-05
HSPBAP1,1.332772188629907e-05
DPEP1,1.3324698938237673e-05
RIMS2,1.3316394816394993e-05
UBE4B,1.3305177503852429e-05
CYP20A1,1.3274629266910376e-05
KCTD19,1.3271521892168749e-05
FAM5C,1.3215634797252749e-05
HPGDS,1.3209204819596766e-05
FAM182B,1.3205391748676396e-05
CSK,1.3195070105685762e-05
ZCCHC14,1.316721938053432e-05
LYPLA2,1.3165906798127196e-05
XKRX,1.315494886277939e-05
CRK,1.313410812162206e-05
PRPF31,1.3103309495182859e-05
BBS10,1.307669622541225e-05
TNFRSF8,1.3015435337216367e-05
SLC33A1,1.301315704361948e-05
PIGR,1.2989957077488358e-05
VPS4A,1.2946350897551087e-05
PCDP1,1.289006933869746e-05
CAMK2B,1.2887018729650503e-05
TTC35,1.2886411646969409e-05
ACAN,1.2840346119587448e-05
ZNF187,1.283310073060563e-05
NLRX1,1.2832844586478564e-05
NKX2-2,1.2822758678250003e-05
INO80E,1.2804159652071751e-05
CCDC159,1.279877675446174e-05
CATSPER2,1.277627942254866e-05
TXNDC12,1.2763051125597258e-05
YAP1,1.2756812796205552e-05
MS4A1,1.2692150062063932e-05
MRPL46,1.2664007546257662e-05
CRB3,1.2656642126563861e-05
C9orf6,1.2653447690859149e-05
GUCY2D,1.2635425667960019e-05
KDELC2,1.262995397605311e-05
NOX5,1.2618756514418716e-05
IK,1.258250782533625e-05
RPAIN,1.2561576448731834e-05
TSPAN11,1.255279705321381e-05
MKNK1,1.2532321722960169e-05
MYADML2,1.2510441282237822e-05
DHRS13,1.2427449601482996e-05
RRN3P1,1.2381047546180352e-05
C20orf43,1.2377358055932553e-05
GCAT,1.237551898838862e-05
TCTEX1D2,1.2370321146647543e-05
KIF22,1.235677528369971e-05
RARS2,1.232381686040451e-05
LOC400043,1.2292573720201738e-05
PAIP2B,1.2286755041535917e-05
PTRH2,1.2263338247491639e-05
SHCBP1,1.2261182165558254e-05
EID2,1.2248783465247861e-05
SMURF2,1.2242237912195941e-05
NHSL2,1.2222013375197313e-05
ZNF496,1.221098655785662e-05
C8orf45,1.2207118056886241e-05
ZXDC,1.2187875742337131e-05
KLHDC1,1.212776111218969e-05
C18orf55,1.2055992901608548e-05
CD160,1.2051840599994709e-05
LCA5L,1.2038806759482863e-05
RP1L1,1.2033092531995443e-05
ZNF595,1.203291677186391e-05
MLL3,1.1960305373045987e-05
AQR,1.1814333879759148e-05
SYNGR3,1.175913339857789e-05
CENPBD1,1.1749213710360596e-05
ZFHX3,1.1743505653827679e-05
HELQ,1.1727768206165433e-05
ALG1,1.1715127720360523e-05
EED,1.1665719278662963e-05
FAM131A,1.1635545431523189e-05
LONRF1,1.1619374949307574e-05
TMEM52,1.1604302171179155e-05
APOF,1.1596670783931046e-05
ASAP3,1.1583869260537253e-05
FAM8A1,1.1581967498437988e-05
ACYP1,1.1580171775934813e-05
NPM3,1.1549848158394765e-05
C4orf43,1.1529947543527603e-05
PSMD10,1.1493548853526055e-05
LRRC55,1.1468728516029486e-05
GALNT2,1.1453622975266665e-05
MRAP,1.1419628950731865e-05
C1orf25,1.140172351344133e-05
H1F0,1.1391779104748483e-05
ACO2,1.1381556587467055e-05
SNRPD2,1.1374487143236682e-05
RPL27A,1.137323381139228e-05
TSC22D1,1.1370480572975396e-05
KIRREL,1.1359789158735532e-05
GSTA2,1.1348099794128211e-05
NR4A1,1.1311160570931508e-05
EDA2R,1.1307063430794895e-05
C3orf18,1.129778846549826e-05
LOC90110,1.1294469994328504e-05
CNOT2,1.128268927148082e-05
PDLIM2,1.128174742821561e-05
KLF6,1.1240475616573936e-05
PSPC1,1.1214537946874381e-05
SREBF2,1.1198240558483337e-05
MBOAT7,1.1184286433910067e-05
HS3ST3B1,1.1175406389826051e-05
MSX2,1.1174302036824157e-05
PLIN4,1.1165342473133681e-05
CASP8AP2,1.1158993636860495e-05
SHB,1.1155690310102936e-05
SLC2A13,1.115377765587338e-05
ZNF546,1.1120638616500234e-05
VSNL1,1.111772179431976e-05
TMEM147,1.1104048387173955e-05
CELSR2,1.1093893144222541e-05
DPCD,1.1083059892689514e-05
NSA2,1.1081286968370695e-05
LOC283392,1.1079469301438268e-05
CASP10,1.1074886450668445e-05
ZNF225,1.106010823178793e-05
TUSC3,1.1057092198502994e-05
CAPN11,1.1038243248419401e-05
CYP51A1,1.101324695421996e-05
FAT3,1.1004905699388173e-05
NOSIP,1.1001787771053878e-05
NUDT16L1,1.0989387009261366e-05
DLGAP3,1.0982856374545016e-05
GLOD5,1.098285104999316e-05
MFSD3,1.0981546241466734e-05
ZFP14,1.0976270713589464e-05
LOC100134259,1.0975274315739798e-05
MPZL1,1.0975225553206979e-05
KISS1,1.0968459902975404e-05
SRP19,1.0968138640455464e-05
UQCRQ,1.0966152042531217e-05
C1orf112,1.0962729525183274e-05
ATP5G1,1.0962088507447683e-05
DCAKD,1.0946050571399404e-05
FHIT,1.0930106590359918e-05
EIF3D,1.0925345973578853e-05
LOC645166,1.0917332963183078e-05
AP3S2,1.091612145110347e-05
HMGN4,1.0913449769890489e-05
TOP2A,1.0912947241329938e-05
MBNL2,1.0908317836681453e-05
FAM72D,1.0893190485242072e-05
TM9SF4,1.0889055439722073e-05
FASTK,1.0889034499896335e-05
PRKCSH,1.088759907194593e-05
TELO2,1.0886694808844364e-05
DYNLT3,1.0886546584322317e-05
SYNGR1,1.0872610187244508e-05
C9orf156,1.0860367902185551e-05
C7,1.0843185951498358e-05
NUMB,1.0841994333293894e-05
C5orf15,1.0839304732051617e-05
PRRG1,1.0827740317468036e-05
CCDC85B,1.0824912516112076e-05
HLA-DQB2,1.0823907116651422e-05
MMP14,1.0815808192599975e-05
BCAN,1.0799868896717143e-05
ZSCAN12P1,1.0798746995239013e-05
PPP2R1A,1.0797699641626493e-05
SIT1,1.0796825632360371e-05
ENDOU,1.0796577962077905e-05
LOC202781,1.0795656873210011e-05
SEC61G,1.0792216024203464e-05
RPL6,1.0791478535701412e-05
ZNF174,1.0778078976681893e-05
LOC728392,1.0770440975750461e-05
ASB14,1.0761454991025935e-05
TMEM8A,1.0756589213671582e-05
CDC14C,1.0755567099627696e-05
MCTS1,1.0755464780771429e-05
GSDMC,1.0745292943029014e-05
TBL1XR1,1.0744642854924847e-05
GPR62,1.0733700780760163e-05
PAK4,1.0721668446373114e-05
C9orf125,1.0711756959607974e-05
TUBB4Q,1.0708244175544125e-05
ATP5E,1.0702887671718711e-05
SCN2B,1.0679160048059064e-05
ANKRD34A,1.0675055703323656e-05
PKN3,1.0674415353108798e-05
PPFIA4,1.0670158505959959e-05
RAB38,1.0665772647612359e-05
ACHE,1.0642627957394279e-05
SPOPL,1.062002449969533e-05
EGOT,1.0618193809962471e-05
GPR180,1.0609659706211726e-05
BLOC1S2,1.0601833739718024e-05
GAB1,1.0590466645023682e-05
SLC35F3,1.0578869662333777e-05
CATSPERB,1.0558278675902339e-05
ITCH,1.0513647900198746e-05
NCBP2,1.0506971982423434e-05
NOD2,1.0490369313281006e-05
INSIG1,1.0486386995475453e-05
UGT1A6,1.047754543692613e-05
EHD4,1.0474592521572404e-05
CXCL1,1.0469921988824801e-05
SNX11,1.045892244976044e-05
NEIL2,1.0452284485272727e-05
ZBTB10,1.0448100700345874e-05
ETF1,1.0445146982986132e-05
HNF4G,1.0438399056353148e-05
SLC25A40,1.0436175753620052e-05
ARHGAP32,1.0434686661434747e-05
C5orf51,1.0423078993091121e-05
LOC145783,1.0418164849372049e-05
TEKT3,1.0408326173585397e-05
C6orf170,1.0405292218181803e-05
DSCR6,1.0405086432655811e-05
POLR3H,1.0395112377310407e-05
ADCY7,1.0391970750868783e-05
PRMT6,1.0381279541374413e-05
PEX14,1.0368846905335372e-05
CXCR7,1.0351662122241007e-05
BET1,1.0344310668123915e-05
ESPL1,1.0339041999515989e-05
ASAH2B,1.0319431277358084e-05
RBM18,1.028440764342071e-05
ATPAF2,1.0269976995772042e-05
VAPA,1.0261410654715604e-05
FANCF,1.0259071347276941e-05
SNAPC5,1.022501621692136e-05
EIF3G,1.0219897033307201e-05
CS,1.0210525104460052e-05
DGKD,1.0191391580162667e-05
AP2B1,1.0177186374877336e-05
NUDT10,1.0161492487353536e-05
TG,1.0145612438527769e-05
RRN3P2,1.0129554690300992e-05
C6orf223,1.0116805117075738e-05
GPR84,1.0116332140611651e-05
ZNF860,1.0109051983499032e-05
ZBTB39,1.0100647482817594e-05
KCNC3,1.0071560553335973e-05
ZNF432,1.0064272283978226e-05
RAB7L1,1.0039312795152708e-05
LOC644165,1.0033227717027589e-05
SERBP1,1.0012917143243617e-05
DUOX1,9.971802717839852e-06
MMP15,9.934719497801866e-06
SUV420H2,9.92914918730479e-06
ARHGEF15,9.891110345808348e-06
FBXL18,9.878992277943695e-06
NR2C2AP,9.870398040556934e-06
DHX35,9.851397794883226e-06
ADSL,9.841495349009113e-06
TMEM38B,9.817661370969783e-06
NRP1,9.809970870392378e-06
NCRNA00202,9.800307468664411e-06
VILL,9.78735296103183e-06
APBB1IP,9.776563570368449e-06
POFUT1,9.767264653079443e-06
TM2D2,9.757533849940352e-06
NBR1,9.754546843070626e-06
CCDC121,9.726861646286308e-06
BTBD6,9.722920405323267e-06
ANKRD40,9.69528180154333e-06
NRIP1,9.685372103468585e-06
TGFBRAP1,9.674455574999252e-06
CHRDL2,9.651869755867484e-06
CYP4F11,9.5310529658324e-06
C3orf36,9.525350268755779e-06
ALOX12P2,9.521266748401183e-06
MYO3B,9.486038697654529e-06
PDE7B,9.47820150636425e-06
SYNRG,9.46311228691508e-06
ZNF708,9.42883378571977e-06
C1orf159,9.408598178176692e-06
LOC728190,9.403547595984604e-06
C6orf204,9.380117026784102e-06
TTLL2,9.373769174427394e-06
PIK3R6,9.360778244777338e-06
TPTE2P1,9.298942534843811e-06
SPRED1,9.229542406566333e-06
LOC151009,9.228352239140013e-06
HES4,9.198982106396405e-06
USP43,9.179318736762572e-06
RABAC1,9.168694444489197e-06
AIG1,9.093223232108008e-06
RBM41,9.06194909225867e-06
ARL6IP5,9.060537722672216e-06
PTPRF,9.017221778237471e-06
CDR2L,8.951857185202799e-06
C17orf101,8.927369729600424e-06
PPAT,8.92557164855506e-06
TRIP6,8.915362072556616e-06
JAG2,8.90001113674322e-06
TMED8,8.897298267968136e-06
CDKN2AIPNL,8.896091436243194e-06
SNX9,8.873739573536342e-06
C16orf58,8.871672720592086e-06
LOC100130932,8.847412081068948e-06
RNASEL,8.825586267633665e-06
AP1AR,8.790826636331169e-06
C1S,8.787547639528966e-06
LANCL2,8.774399856817832e-06
INF2,8.767939964152741e-06
PARL,8.737472528508673e-06
DNAJC5B,8.704601703820178e-06
TGOLN2,8.689587878402674e-06
EIF4ENIF1,8.676208011646888e-06
PNPLA3,8.669923335217329e-06
DHX9,8.663928604988475e-06
ARMCX3,8.655528041333316e-06
HIF1AN,8.638629224160693e-06
ZNF30,8.62423019464132e-06
GGT1,8.584064947509628e-06
TMEM219,8.549231275905839e-06
RPS27,8.539231727236442e-06
LOC100128640,8.531652981599132e-06
PLA2G2A,8.5156121752519e-06
SUV39H1,8.50503168738106e-06
LYRM2,8.48407923867262e-06
HEY2,8.469300786055263e-06
INTU,8.432384470898282e-06
CBX7,8.422615928273836e-06
S100A9,8.406086065582479e-06
NCRNA00105,8.388507667274098e-06
CHCHD10,8.364684515591275e-06
FANK1,8.348941260820246e-06
HSBP1L1,8.347392760221193e-06
ANXA5,8.340007125529297e-06
ZNF766,8.308649117164217e-06
C3orf67,8.225055972696677e-06
BAZ1B,8.219933803464616e-06
KCTD5,8.215460095869227e-06
LRRC66,8.21089911276552e-06
DGKE,8.166610136615033e-06
SUGT1P1,8.143283286807837e-06
CHST10,8.133032903299182e-06
XRN1,8.120260184610243e-06
HECW2,8.101018234529781e-06
GABPA,8.076527806097488e-06
FAM179A,8.027377128732746e-06
LOC158572,7.996183974875598e-06
OAS3,7.965756349332073e-06
CD1C,7.920091326693965e-06
PRCC,7.910778374688584e-06
SSPN,7.887036570790337e-06
KCNS2,7.861218501510057e-06
NOXO1,7.855225119882884e-06
CCNK,7.85115477396183e-06
SNHG10,7.847415140222894e-06
AQP9,7.84373620784968e-06
CSTF2T,7.840901409295926e-06
PPPDE1,7.821634517412237e-06
ZFYVE1,7.803713227720073e-06
LOC100272228,7.75382816886112e-06
LOC642852,7.752057246946873e-06
BBS7,7.744001794128892e-06
LPP,7.685899559379468e-06
NAA30,7.659754328339705e-06
CCDC150,7.611054870135432e-06
LPCAT4,7.603813509912657e-06
PIK3R3,7.535726336437171e-06
POTEE,7.528719453262321e-06
UNC5CL,7.491831728561283e-06
PSME1,7.478993055332838e-06
FUNDC2,7.454410607604248e-06
NARG2,7.451485413389559e-06
ZNF333,7.434739762098323e-06
KIAA0802,7.413783588971115e-06
SDR39U1,7.409742891585963e-06
HPSE2,7.389861474668308e-06
MAP2K2,7.384962937143108e-06
TMEM5,7.368922713952363e-06
MYO19,7.367714200300311e-06
FOXI2,7.3586770164895546e-06
HCG26,7.3358052694657e-06
SPATA24,7.333426513295732e-06
CLK4,7.3177267998578925e-06
CBFB,7.28697875062199e-06
EPS15L1,7.280413791671052e-06
NOL12,7.2674656558543106e-06
INE2,7.267190617621833e-06
B3GNT9,7.254803487390479e-06
MAP7D1,7.213600548684769e-06
STOM,7.206070347602131e-06
KIF26A,7.171595825425425e-06
BAT2L2,7.168657810862936e-06
COPS4,7.099638774051699e-06
ZMYM4,7.099264952367265e-06
PWWP2A,7.09877375714414e-06
C10orf118,7.085049163620026e-06
ABLIM1,7.065866682921557e-06
FDXACB1,7.050724026749728e-06
MCM2,7.044445419231577e-06
IGLON5,6.898347817999123e-06
EIF2S3,6.891291719894355e-06
EPRS,6.878733187861045e-06
PNO1,6.873404345581145e-06
PDIA3P,6.859658331407628e-06
NUCB1,6.859541853298784e-06
UBE2D4,6.858833812767219e-06
HSD17B11,6.815770747219541e-06
FTSJD2,6.791356800263615e-06
LOC402377,6.770854004042582e-06
ISG20,6.768159245048482e-06
POC1A,6.748033128930543e-06
ZNF697,6.7104730344666065e-06
YPEL3,6.694558693240601e-06
ANXA7,6.655410565464513e-06
MYH10,6.651962123304217e-06
FCAMR,6.58976956723402e-06
RAPGEF1,6.570218900622369e-06
CDC42BPB,6.564709994838273e-06
SAMD8,6.538582427869036e-06
FIBCD1,6.534975460713146e-06
IPO8,6.530592357803535e-06
TIMD4,6.489585329285322e-06
ITGA8,6.420481748438849e-06
LOC100129550,6.405579816081053e-06
NCF1C,6.377417697975419e-06
NSDHL,6.353804906949692e-06
PLK1S1,6.349718420710586e-06
UBC,6.346235230823407e-06
PLLP,6.32587270250967e-06
TMEM187,6.324425917297444e-06
NAPSB,6.31811815201172e-06
ATP5B,6.303472620598049e-06
ELOVL3,6.297541989541259e-06
N4BP1,6.278791959882311e-06
LRRC15,6.251037145674608e-06
PRKAR2B,6.2415276615338744e-06
PATL1,6.222140131903843e-06
PAXIP1,6.204679446295997e-06
FOXO1,6.193219540929634e-06
GRM2,6.186195959018265e-06
VKORC1,6.184008920226304e-06
COL6A3,6.1766632219950214e-06
RFESD,6.176570004164442e-06
TMEM116,6.172588841291467e-06
PFKFB4,6.1397829032889284e-06
RAPGEF6,6.097517670649696e-06
ZNHIT1,6.078874420315279e-06
USP51,6.0617451773855345e-06
GPR65,5.999985518302105e-06
HSD17B2,5.986253820779583e-06
FEM1C,5.982306147294296e-06
SHC4,5.975563600403653e-06
TSR1,5.961374103300658e-06
UQCRHL,5.946919512388726e-06
EVI2A,5.945050307583927e-06
PTH2R,5.928025169972279e-06
NHLRC4,5.925512798939251e-06
ACOXL,5.923010801666472e-06
C14orf169,5.912074475517768e-06
SP110,5.888776149412119e-06
TMEM50A,5.873981676947555e-06
ADIPOQ,5.865433421690827e-06
TAOK1,5.85553418592089e-06
STAT5B,5.840969555569498e-06
PCDHAC1,5.839677759021674e-06
KIAA1467,5.83236260010482e-06
ALDH1L1,5.8282211410034354e-06
ELL,5.801170115360968e-06
METTL9,5.79059917648644e-06
ANKRD24,5.789728478557863e-06
HNRNPH1,5.7654205518489926e-06
MDM2,5.7615555785915285e-06
GPR35,5.744085289051691e-06
ARMC4,5.741931373593444e-06
RPL23AP7,5.698651089155051e-06
MEPCE,5.6945797962683295e-06
MLL5,5.667583097521497e-06
ERI3,5.65709315357635e-06
FKBP15,5.634006386637885e-06
CEL,5.63012154422502e-06
BNC1,5.625218021585971e-06
OLIG1,5.624695632097232e-06
ZAN,5.61093533380825e-06
C3orf62,5.595083999341896e-06
GPN3,5.595016532100482e-06
CNBP,5.591540861239205e-06
STX17,5.588679525841547e-06
MMAB,5.583583287928729e-06
POF1B,5.581158671809608e-06
TMPPE,5.5764905435984466e-06
WDR88,5.574529484175143e-06
CALM2,5.564900113933685e-06
TMEM198,5.563455290277888e-06
S1PR4,5.543531268726985e-06
PLD1,5.5425712624534144e-06
IL1RN,5.540226868171086e-06
WDR41,5.536396216418428e-06
KLF10,5.535025599457432e-06
C5orf45,5.527790905238112e-06
HKDC1,5.524733222302091e-06
SSR4,5.523435066196098e-06
WHAMML2,5.523087796049886e-06
OSCP1,5.520630140660199e-06
C1D,5.514145172967868e-06
BTG1,5.510760829985954e-06
ULBP3,5.508589537675587e-06
MTMR10,5.499048249826881e-06
SOX18,5.494761615523126e-06
CCBP2,5.492870340727308e-06
RETSAT,5.49033884686652e-06
OR7D2,5.484708878470562e-06
CLEC1A,5.484623087309004e-06
DOCK1,5.477752778747462e-06
WDR53,5.47360589469855e-06
CBLC,5.469759279267583e-06
HPS1,5.465215998840086e-06
MLL2,5.464239726437078e-06
LOC338651,5.462778309122471e-06
SLC41A3,5.461819587395859e-06
PLA2R1,5.4596256985241745e-06
FAM117B,5.449080029051902e-06
COPB2,5.443082594101297e-06
DRP2,5.442610084421874e-06
TRHDE,5.440146522044412e-06
DDR2,5.439478614271329e-06
FYTTD1,5.437169426335693e-06
IER5,5.430282488178873e-06
PTTG1IP,5.4253681679231406e-06
SLCO1A2,5.4193740732261405e-06
VNN1,5.416496377023015e-06
NUDT9,5.414194095321959e-06
C4orf31,5.4091551323017895e-06
PELI3,5.401271699827223e-06
GRIP2,5.394254135988014e-06
SLC25A14,5.391629849803109e-06
NELL2,5.390513382064957e-06
ANKRD36B,5.387287340037028e-06
CCNE2,5.381739772737034e-06
UBA6,5.379103323204726e-06
SDCCAG8,5.3736337257846675e-06
CHRNB1,5.3719558506009725e-06
DNAJC9,5.3669772993742365e-06
SMPDL3A,5.360759225605904e-06
LOC145820,5.355639142339887e-06
LRCH3,5.3552515895011045e-06
SENP5,5.3523529347660095e-06
EMX2,5.352258079947733e-06
SH3GL1,5.351004385400951e-06
RNF4,5.348327509873918e-06
ANAPC5,5.3450411970544565e-06
KIF20A,5.344169844253323e-06
CHMP2B,5.343983649683097e-06
DHX30,5.3439334907455685e-06
GRAMD3,5.335370132856323e-06
TP53AIP1,5.334840064105537e-06
C4BPA,5.324102057033496e-06
LMO2,5.321215587506383e-06
NEK8,5.313893868332462e-06
MAMSTR,5.310395685856439e-06
C17orf65,5.30256015689837e-06
PPAP2B,5.300141133923616e-06
ANKAR,5.293360297721248e-06
LYNX1,5.2931711428382875e-06
CLDN3,5.291305162898013e-06
RPS4X,5.285684838931534e-06
EXOSC5,5.2800826738103045e-06
SLC16A9,5.268868874162224e-06
RING1,5.265012974681628e-06
ABCA10,5.255999232749219e-06
SLC7A3,5.239840532026738e-06
CGGBP1,5.237320770185544e-06
APEX2,5.232839053530702e-06
PHC2,5.228235024037239e-06
FBXO45,5.219228282300956e-06
SEC11A,5.209815447105273e-06
TRIM31,5.206883277046771e-06
NRXN2,5.2049367979682166e-06
NEK2,5.201257808453689e-06
NRIP2,5.198171084646461e-06
ALS2CL,5.192646122937798e-06
FBRSL1,5.179826481270388e-06
UTP3,5.1758884493120476e-06
LOC284440,5.148980692440677e-06
GRSF1,5.1348204255026355e-06
ZNF644,5.091761581512725e-06
LOC729082,5.081686188462432e-06
CC2D2A,5.073980286668102e-06
C1orf210,5.057218322833634e-06
KLHL26,5.046739394329135e-06
CFHR3,5.045967942727315e-06
RUFY3,4.9976983389638245e-06
STX19,4.9883588542806826e-06
HPCAL1,4.9752250200024496e-06
OSBPL11,4.92659080322724e-06
DCAF5,4.890173725144112e-06
SEC24B,4.887563711093127e-06
RYR1,4.8827081444055015e-06
NKAIN4,4.872194962996395e-06
LPHN1,4.860085681664584e-06
TNNI1,4.813429954366856e-06
ZNF710,4.776147285132944e-06
SLC25A26,4.753933386854206e-06
OSBP,4.747924676707672e-06
KIAA0895,4.737880429446521e-06
RGS17,4.682756690550506e-06
ZCWPW1,4.6642375716041185e-06
INSRR,4.629397908335823e-06
DDX41,4.627713912770219e-06
PUS3,4.604594455035484e-06
ILF3,4.591615912266526e-06
TMOD2,4.47303914061109e-06
RTP4,4.432874974158581e-06
CCDC77,4.42299324286824e-06
COL25A1,4.406455263220491e-06
FAM84A,4.339230310618509e-06
PCDHGA4,4.314412293537256e-06
SPHK2,4.291462607027649e-06
EYA1,4.271537305713985e-06
PPIAL4C,4.180797435248515e-06
ZNF833,4.1609497846253284e-06
MCOLN1,4.145527483118055e-06
AP2M1,4.1112648243408615e-06
MCCD1,4.077942465771313e-06
KLHL10,4.040105966637838e-06
SPTBN5,3.949290300048529e-06
SCYL1,3.895943218577806e-06
TGIF1,3.8798529603240735e-06
MIP,3.876140043000683e-06
CDHR3,3.841963727166057e-06
PLCXD2,3.81944827832466e-06
CXCL17,3.813255095841737e-06
LCAT,3.8112140236414366e-06
METT11D1,3.7448230598934766e-06
JDP2,3.7001354235905355e-06
DHFR,3.6592618648958123e-06
FANCL,3.572828227162323e-06
USP46,3.500498565638712e-06
CCNJ,3.4686357217415816e-06
OVOL1,3.4679693513837516e-06
IFT88,3.4100046912094028e-06
SLC25A1,3.376623306156285e-06
HIC1,3.370698437453636e-06
PNPLA4,3.3680284563415547e-06
SNAPC1,3.2436197158857815e-06
MRPL13,3.189711777892323e-06
ITGA2B,3.1281531338743084e-06
SUSD4,3.110944130340198e-06
CD81,3.039604986071559e-06
ALS2CR12,2.951872207318959e-06
CHST8,2.9255343434879583e-06
RILPL2,2.834442587230037e-06
PDGFB,2.779126083683424e-06
TCF7,2.7419087360448393e-06
STK10,2.720818431656456e-06
C18orf21,2.7195731269193267e-06
SLC48A1,2.677444658148991e-06
TOMM22,2.674543674115668e-06
PIP4K2B,2.674318429513694e-06
PNMA1,0.0
SPTY2D1,0.0
TDGF1,0.0
PPAPDC1A,0.0
MAGI3,0.0
MAGI2,0.0
SLC25A22,0.0
WBP11P1,0.0
GPBP1L1,0.0
MAGI1,0.0
KLRC1,0.0
PPP3R1,0.0
LAS1L,0.0
VWA3A,0.0
SELM,0.0
KCNK9,0.0
METTL8,0.0
CORO7,0.0
KLHDC10,0.0
NFE2,0.0
CORO6,0.0
UGT2B4,0.0
ZFPM1,0.0
NGEF,0.0
ULK3,0.0
RMI1,0.0
SELL,0.0
LOH3CR2A,0.0
KLK1,0.0
C20orf72,0.0
KLHDC5,0.0
NEAT1,0.0
GPR37L1,0.0
TYW3,0.0
TMEM87A,0.0
EBNA1BP2,0.0
OCLM,0.0
ZNF615,0.0
OCLN,0.0
SMTN,0.0
PITPNM3,0.0
ZNF613,0.0
RABGEF1,0.0
APOA1BP,0.0
ZNF610,0.0
C10orf93,0.0
C10orf91,0.0
CREG2,0.0
CREG1,0.0
CDH15,0.0
LY6H,0.0
PSMB6,0.0
PSMB7,0.0
PRKACB,0.0
NUAK2,0.0
ERICH1,0.0
FBXL14,0.0
CTDSPL,0.0
DPM1,0.0
DPM2,0.0
SGK2,0.0
ICAM3,0.0
SNX19,0.0
SPCS1,0.0
SNX10,0.0
LPAL2,0.0
SNX13,0.0
SNX14,0.0
SNX15,0.0
SLC12A5,0.0
ARPC5L,0.0
DPM3,0.0
FHOD3,0.0
FHOD1,0.0
SLC12A6,0.0
C15orf41,0.0
C15orf40,0.0
NRG3,0.0
C2orf79,0.0
C2orf77,0.0
C2orf76,0.0
CDH12,0.0
C2orf72,0.0
FAM36A,0.0
NEFL,0.0
NEFM,0.0
PLK1,0.0
IMP4,0.0
PDCD2L,0.0
PLBD2,0.0
LOC100170939,0.0
C2orf73,0.0
CDH13,0.0
CDH11,0.0
TXNL4B,0.0
STK32B,0.0
C1orf168,0.0
TMTC3,0.0
C1orf161,0.0
C1orf163,0.0
C1orf162,0.0
ADH5,0.0
GPD2,0.0
DFNB59,0.0
GPD1,0.0
CYCS,0.0
ZNF138,0.0
GJC1,0.0
C4orf3,0.0
NRL,0.0
PKD1,0.0
C4orf7,0.0
CHURC1,0.0
BST1,0.0
FOXA3,0.0
VPS36,0.0
BECN1,0.0
FAM86C,0.0
PGK1,0.0
PITPNM1,0.0
USP15,0.0
MKS1,0.0
PSMB5,0.0
PCDHB5,0.0
PCDHB6,0.0
LOC100240734,0.0
LOC100240735,0.0
PCDHB2,0.0
PCDHB3,0.0
SFRS18,0.0
FLVCR1,0.0
B9D1,0.0
PCDHB4,0.0
SMUG1,0.0
MAGIX,0.0
SLC25A29,0.0
SLC25A28,0.0
SLC10A4,0.0
SLC25A25,0.0
SLC25A24,0.0
SLC25A27,0.0
SLC25A21,0.0
BST2,0.0
SLC25A23,0.0
B9D2,0.0
SOX13,0.0
?|10431,0.0
RASAL1,0.0
CARM1,0.0
KDELC1,0.0
ZFP37,0.0
ZNF823,0.0
COPB1,0.0
SLC25A20,0.0
KCTD2,0.0
LOC100134368,0.0
ATP6AP1L,0.0
LOC253724,0.0
RPUSD1,0.0
KLRC4,0.0
GLB1L,0.0
TOMM20,0.0
FAM22A,0.0
RPAP3,0.0
C6orf59,0.0
DOCK10,0.0
KIAA0101,0.0
KCTD7,0.0
PFKFB2,0.0
TNFSF10,0.0
PSMB1,0.0
PSMB3,0.0
C14orf119,0.0
SNX17,0.0
WARS2,0.0
FAM22D,0.0
FAM22G,0.0
FAM22F,0.0
IMPG1,0.0
RPUSD4,0.0
SMAGP,0.0
SMTNL1,0.0
MGC23270,0.0
OXA1L,0.0
DKFZp434J0226,0.0
PITPNM2,0.0
HSPA4L,0.0
XIRP1,0.0
PCDHGA3,0.0
C6orf52,0.0
MAGEC2,0.0
C6orf57,0.0
MAGEC1,0.0
RPUSD3,0.0
SDHAP2,0.0
CYB561D2,0.0
CYB561D1,0.0
ZNF462,0.0
SCARA5,0.0
FAM173A,0.0
FAM173B,0.0
POPDC3,0.0
POPDC2,0.0
SLCO5A1,0.0
LOC646999,0.0
TOPORS,0.0
SDF2,0.0
TRIM32,0.0
ROS1,0.0
SERTAD4,0.0
NUDT21,0.0
NUDT22,0.0
PKP1,0.0
PKP2,0.0
ARAF,0.0
GDAP1L1,0.0
APOL6,0.0
TNFRSF25,0.0
PEBP1,0.0
C7orf64,0.0
C7orf63,0.0
C7orf61,0.0
C7orf60,0.0
IPO13,0.0
LIN54,0.0
BACE2,0.0
BACE1,0.0
C7orf68,0.0
GIYD2,0.0
LOC220729,0.0
PDZD8,0.0
LOC387646,0.0
LOC387647,0.0
SFT2D3,0.0
LOC100188949,0.0
HUWE1,0.0
IL1RL1,0.0
TMEM41B,0.0
LOC100188947,0.0
ZNF154,0.0
ZNF397,0.0
PSKH1,0.0
HGF,0.0
AARS2,0.0
EVI2B,0.0
SERPINA5,0.0
ME2,0.0
SLC29A2,0.0
SLC29A3,0.0
ITGB2,0.0
EIF4A3,0.0
NOS2,0.0
VSIG4,0.0
CRELD2,0.0
LPL,0.0
MBLAC1,0.0
MBLAC2,0.0
LYPD6B,0.0
ZNF44,0.0
ARL4A,0.0
NMRAL1,0.0
ARL4D,0.0
TOP1MT,0.0
SLC29A1,0.0
GNA14,0.0
GRIN2C,0.0
MGAT4B,0.0
EYS,0.0
ILVBL,0.0
CEP192,0.0
IFT57,0.0
TEP1,0.0
IFT52,0.0
METTL7B,0.0
SPIN1,0.0
SPIN4,0.0
STARD3NL,0.0
UST,0.0
SAMD9L,0.0
ELMO3,0.0
DDAH2,0.0
DDAH1,0.0
RNMT,0.0
PKHD1,0.0
TAGAP,0.0
MAMLD1,0.0
C1QA,0.0
C1QB,0.0
C1QC,0.0
CLECL1,0.0
APOL4,0.0
HUS1B,0.0
CDC73,0.0
ADD1,0.0
SIN3A,0.0
OGDH,0.0
TPPP,0.0
SAR1B,0.0
DBN1,0.0
RBPMS,0.0
COBRA1,0.0
SMARCA5,0.0
C2CD2L,0.0
IER3,0.0
TMEM151B,0.0
FAM89B,0.0
ZNF18,0.0
FAM89A,0.0
HTR3A,0.0
CUL2,0.0
CDC27,0.0
KRTCAP2,0.0
ATP6V1E2,0.0
ATP6V1E1,0.0
GPR158,0.0
TMEM151A,0.0
POLI,0.0
ZNF843,0.0
MYOT,0.0
CASS4,0.0
RAD23A,0.0
SNHG3-RCC1,0.0
LOC399815,0.0
SLC25A42,0.0
CHRDL1,0.0
PSD4,0.0
PLAC8,0.0
C11orf35,0.0
IL17B,0.0
LAMA4,0.0
LAMA1,0.0
SSBP4,0.0
C13orf29,0.0
C13orf23,0.0
LOC284276,0.0
UPP1,0.0
R3HDM1,0.0
C11orf30,0.0
C11orf31,0.0
LOC375190,0.0
GRIN2D,0.0
GNA13,0.0
GNA12,0.0
TRDMT1,0.0
HMGCL,0.0
BAIAP2,0.0
ABR,0.0
ABO,0.0
RTN2,0.0
HGS,0.0
KPNB1,0.0
MYOF,0.0
RTN4,0.0
CYR61,0.0
ALDH3B1,0.0
ALDH3B2,0.0
HSD17B7,0.0
HSD17B6,0.0
HSD17B4,0.0
HSD17B1,0.0
PNKD,0.0
ZNF468,0.0
CILP,0.0
CDH24,0.0
RTDR1,0.0
PPFIA1,0.0
PPHLN1,0.0
PPFIA3,0.0
PPFIA2,0.0
SETMAR,0.0
EPS15,0.0
RPTOR,0.0
UBE2B,0.0
HOXD11,0.0
PRC1,0.0
GNA11,0.0
SGMS2,0.0
EI24,0.0
PRMT3,0.0
ZNF648,0.0
SBF2,0.0
SBF1,0.0
IL6ST,0.0
SH2B1,0.0
ZFP64,0.0
IFFO1,0.0
PRKAR1A,0.0
NOL9,0.0
BAALC,0.0
GLTP,0.0
FAM155A,0.0
CRY2,0.0
CRY1,0.0
KCNK7,0.0
BDNFOS,0.0
LOC285456,0.0
SFRS9,0.0
ERCC3,0.0
FOXD3,0.0
GPR1,0.0
ZNF799,0.0
PFKM,0.0
GEMIN8P4,0.0
UBE2I,0.0
KIAA0922,0.0
LOXL2,0.0
LOXL1,0.0
SPIRE2,0.0
MRPS10,0.0
MRPS11,0.0
CD247,0.0
MRPS15,0.0
TNNI2,0.0
RAB17,0.0
ERCC1,0.0
USP40,0.0
TPI1,0.0
ERCC8,0.0
AATK,0.0
SNHG4,0.0
ATHL1,0.0
AATF,0.0
TRAIP,0.0
SHOC2,0.0
NACC2,0.0
STX16,0.0
KIF1C,0.0
KIF1B,0.0
KIF1A,0.0
CD101,0.0
ERCC6,0.0
ERCC5,0.0
ERCC4,0.0
VPS13A,0.0
ACOT13,0.0
ACOT11,0.0
SPATC1,0.0
DCBLD1,0.0
SMG7,0.0
USP48,0.0
SEH1L,0.0
ZNF774,0.0
ABHD14B,0.0
PYCARD,0.0
IDUA,0.0
USP10,0.0
RANBP17,0.0
XDH,0.0
CD244,0.0
TCAM1P,0.0
ABI3BP,0.0
APOC2,0.0
TPBG,0.0
ZIM2,0.0
LOC100130093,0.0
LSMD1,0.0
LRRC23,0.0
HDHD2,0.0
HDHD3,0.0
LMBR1L,0.0
RANBP10,0.0
LSM2,0.0
LSM1,0.0
ABHD14A,0.0
DIRC3,0.0
LSM5,0.0
DIRC1,0.0
SNURF,0.0
CCHCR1,0.0
KCND2,0.0
KCND3,0.0
MFSD8,0.0
DDX26B,0.0
LMAN2L,0.0
FAM125B,0.0
PRDXDD1P,0.0
FAM125A,0.0
TMEM117,0.0
LOC441869,0.0
SSR2,0.0
SSR1,0.0
FZD8,0.0
CLEC4A,0.0
CLEC4D,0.0
CLEC4E,0.0
KCND1,0.0
CD72,0.0
CD70,0.0
SFRS16,0.0
ZDHHC6,0.0
DMWD,0.0
ST8SIA4,0.0
FAM103A1,0.0
SUV420H1,0.0
GALNT3,0.0
GALNT6,0.0
GALNT5,0.0
PPP1R12A,0.0
NLRP5,0.0
CBX1,0.0
CBX2,0.0
CBX3,0.0
CBX4,0.0
CBX5,0.0
CBX6,0.0
CBX8,0.0
KIF12,0.0
KIF11,0.0
KIF17,0.0
NLRP7,0.0
COL14A1,0.0
WDR1,0.0
NICN1,0.0
FAM27A,0.0
FOXN3,0.0
FOXN2,0.0
FOXN1,0.0
GALNT4,0.0
PDZD2,0.0
C6orf208,0.0
C6orf203,0.0
CLOCK,0.0
PLXDC2,0.0
LAT,0.0
SPHAR,0.0
MAVS,0.0
TOMM5,0.0
EIF4A2,0.0
SPATA5L1,0.0
TIRAP,0.0
ADORA2A,0.0
RFC3,0.0
RFC1,0.0
PLXDC1,0.0
CRYM,0.0
N4BP3,0.0
NUP160,0.0
TXLNG,0.0
UBAP2,0.0
BEX1,0.0
BEX2,0.0
BEX5,0.0
VPS13B,0.0
LOC606724,0.0
C15orf61,0.0
KIF15,0.0
SERPINH1,0.0
LOC221710,0.0
GAPDH,0.0
ASCL4,0.0
XRCC6,0.0
ASCL1,0.0
NAGLU,0.0
CKS2,0.0
ASCL2,0.0
RQCD1,0.0
GNAQ,0.0
IGF2BP1,0.0
CCDC64B,0.0
RFC2,0.0
VPS13C,0.0
LOC100128788,0.0
WDR20,0.0
ST6GALNAC1,0.0
CCPG1,0.0
WDR24,0.0
RAB18,0.0
CYB5D1,0.0
NLRP9,0.0
TMEM165,0.0
PSEN1,0.0
PSEN2,0.0
FASTKD1,0.0
NLRP3,0.0
FASTKD2,0.0
FASTKD5,0.0
RAB14,0.0
RAB12,0.0
RAB13,0.0
LRAT,0.0
MMGT1,0.0
SULT1A3,0.0
BTLA,0.0
POM121L9P,0.0
TC2N,0.0
UPK3B,0.0
MANBA,0.0
SPINK4,0.0
DBH,0.0
PDE8B,0.0
PDE8A,0.0
DBT,0.0
POLQ,0.0
TMEM47,0.0
BMP3,0.0
PCNT,0.0
BMP5,0.0
C1orf38,0.0
BMP7,0.0
PPPDE2,0.0
ATG2B,0.0
LOC162632,0.0
ATG2A,0.0
MYSM1,0.0
SMAD2,0.0
TMEM84,0.0
ZDHHC18,0.0
SCAP,0.0
BMP4,0.0
PI4KB,0.0
ODZ4,0.0
ARL2BP,0.0
THEMIS,0.0
MUC16,0.0
TMEM161B,0.0
KHNYN,0.0
TBL3,0.0
TBL2,0.0
RINT1,0.0
CHP,0.0
CHM,0.0
FLJ33360,0.0
DPY30,0.0
SLC16A13,0.0
C2orf55,0.0
C2orf54,0.0
C2orf56,0.0
C2orf50,0.0
C2orf52,0.0
NKRF,0.0
TMC7,0.0
SPINK1,0.0
PGAM5,0.0
WNK1,0.0
SPINK2,0.0
SLC16A12,0.0
MXD4,0.0
ZNF600,0.0
AZGP1,0.0
PROZ,0.0
GPR114,0.0
ABTB1,0.0
AFP,0.0
EPS8L2,0.0
EPS8L1,0.0
PLIN1,0.0
ZBTB49,0.0
LRRC37B2,0.0
MNX1,0.0
GCK,0.0
BVES,0.0
GCA,0.0
CCDC90B,0.0
AMPD1,0.0
AMPD2,0.0
AMPD3,0.0
RASGRP3,0.0
RPRD2,0.0
LGR5,0.0
BTK,0.0
ISLR2,0.0
POP4,0.0
MED8,0.0
PINK1,0.0
MESP1,0.0
MED4,0.0
MED6,0.0
SERINC1,0.0
LOC284837,0.0
ZNF423,0.0
SERINC4,0.0
SERINC5,0.0
ZBTB33,0.0
FANCD2,0.0
ZNF606,0.0
SDF2L1,0.0
POP7,0.0
CCDC90A,0.0
GABRA3,0.0
CAMTA2,0.0
LOC158376,0.0
POP1,0.0
TREX1,0.0
PKDREJ,0.0
MXD3,0.0
TREX2,0.0
MLH1,0.0
ZBTB32,0.0
TMEM42,0.0
CARKD,0.0
CTHRC1,0.0
KIAA0430,0.0
SMEK1,0.0
CXXC4,0.0
BMP1,0.0
UCN2,0.0
SEL1L3,0.0
HOMER2,0.0
HOMER3,0.0
FIP1L1,0.0
ZNF683,0.0
ASB2,0.0
GCDH,0.0
SLIT3,0.0
OPHN1,0.0
RDH5,0.0
SLC5A3,0.0
EEA1,0.0
ZBTB47,0.0
NFX1,0.0
NOLC1,0.0
WDHD1,0.0
ZNF681,0.0
GOLGA8B,0.0
RRAS,0.0
YAF2,0.0
WNT2B,0.0
HAT1,0.0
ADARB1,0.0
ADARB2,0.0
FAM20C,0.0
BDKRB2,0.0
TIAM1,0.0
BDKRB1,0.0
SRPK2,0.0
NFRKB,0.0
AKNAD1,0.0
SPG11,0.0
ENOPH1,0.0
RIC8B,0.0
MYEOV,0.0
MAGEA4,0.0
MAGEA6,0.0
MAGEA1,0.0
MAGEA2,0.0
MAGEA3,0.0
KIAA0125,0.0
MAGEA8,0.0
NXF1,0.0
TUBB,0.0
FLJ35776,0.0
CALB2,0.0
FAM160A1,0.0
HDAC2,0.0
CYP4F8,0.0
CCRL2,0.0
FAM58A,0.0
CCRL1,0.0
AHCTF1,0.0
LOC442421,0.0
TRIM14,0.0
NAP1L3,0.0
QTRTD1,0.0
IL1F5,0.0
GOLGA8A,0.0
CHID1,0.0
MLF1IP,0.0
HDAC8,0.0
RGS7,0.0
C2orf58,0.0
FKBP1AP1,0.0
ATP5SL,0.0
ASB9,0.0
ASB7,0.0
ASB6,0.0
ASB1,0.0
ASB3,0.0
EWSR1,0.0
FEM1A,0.0
LOC344595,0.0
ASF1B,0.0
TERF1,0.0
TERF2,0.0
SSFA2,0.0
C1orf35,0.0
PCGF6,0.0
RLIM,0.0
C1orf31,0.0
NAP1L1,0.0
PCYOX1,0.0
CHI3L1,0.0
THAP9,0.0
THAP8,0.0
THAP7,0.0
THAP6,0.0
NIPAL4,0.0
NIPAL3,0.0
NIPAL2,0.0
NIPAL1,0.0
NBN,0.0
SARDH,0.0
SLC40A1,0.0
FXN,0.0
MSL2,0.0
YRDC,0.0
NAT14,0.0
MTBP,0.0
LHFPL4,0.0
POLR3K,0.0
TXNDC5,0.0
TXNDC2,0.0
TXNDC3,0.0
APCDD1,0.0
POLR3A,0.0
POLR3C,0.0
TPST1,0.0
PSD3,0.0
PROC,0.0
FAM46B,0.0
ARHGAP20,0.0
ARHGAP23,0.0
NTRK3,0.0
NTRK2,0.0
EIF1AX,0.0
SLC39A14,0.0
LOC96610,0.0
SLC39A11,0.0
SLC39A10,0.0
SLC39A13,0.0
TECPR2,0.0
FAM46C,0.0
HCG4P6,0.0
RPS6KA5,0.0
LYPLAL1,0.0
PAPOLA,0.0
GMPPB,0.0
SR140,0.0
POLR3B,0.0
POLR3E,0.0
POLR3D,0.0
POLR3F,0.0
CD37,0.0
CD36,0.0
PDZD7,0.0
CD33,0.0
IFI27,0.0
ZFR,0.0
C9orf37,0.0
TSSK1B,0.0
C9orf30,0.0
LAMP2,0.0
DCAF8,0.0
LAMP3,0.0
PLVAP,0.0
FAM46A,0.0
DNMT1,0.0
PKP4,0.0
CD34,0.0
LARGE,0.0
FOXJ2,0.0
HSPG2,0.0
NCRNA00167,0.0
FOXJ1,0.0
NCRNA00169,0.0
ACADS,0.0
PMS2CL,0.0
CD3G,0.0
CD3E,0.0
CD3D,0.0
SIRT1,0.0
HOXD3,0.0
TRIM52,0.0
MASP2,0.0
USP47,0.0
PLIN2,0.0
USP45,0.0
ECSCR,0.0
USP49,0.0
IARS2,0.0
CD207,0.0
GVIN1,0.0
ACADM,0.0
SEC16B,0.0
GLT1D1,0.0
HOXD1,0.0
C1orf228,0.0
C1orf229,0.0
HOXD9,0.0
HOXD8,0.0
WDR65,0.0
WDR67,0.0
WDR66,0.0
ASRGL1,0.0
CDNF,0.0
TUT1,0.0
MASP1,0.0
FOXJ3,0.0
KIF5C,0.0
KIF5B,0.0
KIF5A,0.0
ORMDL1,0.0
ORMDL2,0.0
WNK4,0.0
ZNF702P,0.0
MTPAP,0.0
WDR60,0.0
LOC728758,0.0
TMEM176B,0.0
HMGCR,0.0
TMEM176A,0.0
MED26,0.0
SLCO4C1,0.0
NFKBIL1,0.0
DDIT4,0.0
SYDE1,0.0
PCGF1,0.0
LOC150197,0.0
NFKBIL2,0.0
ARHGAP28,0.0
ARHGAP29,0.0
NARFL,0.0
ARHGAP24,0.0
ARHGAP25,0.0
SUMO1P3,0.0
BUD13,0.0
ATXN2L,0.0
FSD1L,0.0
MOBKL3,0.0
UBE2D1,0.0
TET2,0.0
SEPHS1,0.0
SALL1,0.0
DPAGT1,0.0
LOC653653,0.0
LSM14A,0.0
KIAA1147,0.0
ZNF627,0.0
NXPH1,0.0
NXPH2,0.0
NXPH3,0.0
RBMXL1,0.0
BTD,0.0
MBIP,0.0
PPP5C,0.0
ARHGAP26,0.0
ARHGAP27,0.0
MCART2,0.0
CST9,0.0
MCART6,0.0
COL19A1,0.0
RPS6KB2,0.0
PRPF40A,0.0
PRPF40B,0.0
RPS6KB1,0.0
RASGRP4,0.0
KIAA1143,0.0
AREG,0.0
ELAVL1,0.0
MMP17,0.0
ZUFSP,0.0
TBPL1,0.0
LSM14B,0.0
MCART1,0.0
ENKUR,0.0
MED21,0.0
PITX2,0.0
AP3S1,0.0
NBPF10,0.0
MED23,0.0
APOE,0.0
NBPF15,0.0
NBPF16,0.0
TRAPPC6A,0.0
CROCC,0.0
SRRD,0.0
XPNPEP3,0.0
PRELP,0.0
VASN,0.0
LCORL,0.0
RDH10,0.0
SAP130,0.0
ERO1LB,0.0
DCAF4,0.0
DCAF6,0.0
DCAF7,0.0
FAM178B,0.0
SCGB3A1,0.0
KATNB1,0.0
C12orf11,0.0
LOC648740,0.0
PRDX1,0.0
PRDX2,0.0
PRDX3,0.0
PRDX6,0.0
PCBD2,0.0
SAPS3,0.0
SAPS2,0.0
ST6GAL2,0.0
SETBP1,0.0
XAB2,0.0
F2RL2,0.0
F2RL3,0.0
PITX1,0.0
YOD1,0.0
TMED10P1,0.0
CCL5,0.0
LOC146880,0.0
LOC100126784,0.0
CAMP,0.0
MMRN2,0.0
AXIN1,0.0
AXIN2,0.0
TMCO1,0.0
OTUB2,0.0
TRIM55,0.0
OTUB1,0.0
ISY1,0.0
SIGLECP3,0.0
KIAA0467,0.0
KRT6A,0.0
ASMTL,0.0
C14orf166,0.0
DSTN,0.0
IFT74,0.0
LNX1,0.0
FAM113B,0.0
TARS2,0.0
VLDLR,0.0
LOC100271836,0.0
NAPB,0.0
LOC100271831,0.0
ABL1,0.0
GON4L,0.0
OBFC1,0.0
NDEL1,0.0
GMFB,0.0
EHD1,0.0
EHD2,0.0
EHD3,0.0
ZNF461,0.0
DCAF4L1,0.0
TMED3,0.0
ABL2,0.0
VOPP1,0.0
QRSL1,0.0
AFAP1L1,0.0
PRSS45,0.0
LNX2,0.0
PKDCC,0.0
OS9,0.0
ATG9B,0.0
PVRL4,0.0
OSM,0.0
PVRL1,0.0
CPA4,0.0
VCP,0.0
CPA6,0.0
FAM175B,0.0
CPA3,0.0
FAM177A1,0.0
CDKN2BAS,0.0
C9orf9,0.0
C9orf3,0.0
ZNF385B,0.0
LOC284900,0.0
NDUFAF2,0.0
RPS19,0.0
TMEM50B,0.0
AP1G2,0.0
PRR15L,0.0
TMED1,0.0
REEP4,0.0
TADA1,0.0
HSP90AA1,0.0
SLC6A15,0.0
GLUD2,0.0
XKR6,0.0
XKR5,0.0
RNF166,0.0
SLC6A11,0.0
MPHOSPH9,0.0
USPL1,0.0
TMED4,0.0
GOLM1,0.0
FAM63B,0.0
EEF1B2,0.0
SBNO1,0.0
RAB34,0.0
RAB35,0.0
C8orf76,0.0
LOC150381,0.0
NNAT,0.0
TMEM184B,0.0
HAX1,0.0
CD59,0.0
TMEM209,0.0
IL9R,0.0
TMED6,0.0
HLX,0.0
KRTAP5-10,0.0
ASPHD1,0.0
LRRC27,0.0
KRIT1,0.0
SGSM1,0.0
PLRG1,0.0
GRPEL2,0.0
MCPH1,0.0
SGSM2,0.0
TMEM201,0.0
MPZ,0.0
HMGA2,0.0
HNRNPF,0.0
DIS3L,0.0
HNRNPC,0.0
HNRNPM,0.0
FASN,0.0
HNRNPK,0.0
ZNF100,0.0
SHANK2,0.0
HNRNPU,0.0
BAIAP2L1,0.0
GRAP,0.0
SRBD1,0.0
PON3,0.0
CYC1,0.0
EXOC6B,0.0
MS4A14,0.0
SERPINA6,0.0
SRD5A1,0.0
SRD5A2,0.0
ZNF668,0.0
PRAF2,0.0
WNT8B,0.0
MMADHC,0.0
ITSN2,0.0
AKR1B10,0.0
NAPG,0.0
SPINT1,0.0
SLC38A11,0.0
UGP2,0.0
RBM15B,0.0
SCO2,0.0
SYNGAP1,0.0
BCL2L2,0.0
SCAND2,0.0
ZNF660,0.0
KHK,0.0
SH2D1B,0.0
NDST1,0.0
STK32A,0.0
SCAND1,0.0
LOC283731,0.0
TPMT,0.0
PARP1,0.0
MCHR1,0.0
TRAK2,0.0
MEPE,0.0
RORC,0.0
NGFR,0.0
EIF4EBP2,0.0
LOC100128191,0.0
PON2,0.0
GAA,0.0
MBP,0.0
NRG2,0.0
BCL2L1,0.0
CKAP5,0.0
CKAP4,0.0
HTR1F,0.0
CKAP2,0.0
SPATA2L,0.0
RPH3A,0.0
TFCP2,0.0
HAGH,0.0
COMMD10,0.0
LOC148696,0.0
RPS2,0.0
CINP,0.0
TSEN15,0.0
GFRA2,0.0
C8ORFK29,0.0
L3MBTL2,0.0
L3MBTL3,0.0
EPSTI1,0.0
RPS5,0.0
ZNF442,0.0
ZNF441,0.0
RHOT2,0.0
ZNF510,0.0
WIT1,0.0
FAM193B,0.0
FAM193A,0.0
C9orf5,0.0
PCMT1,0.0
SRD5A3,0.0
C4orf33,0.0
C4orf32,0.0
C4orf36,0.0
SLA2,0.0
AKR1B15,0.0
BTG2,0.0
ZNF446,0.0
C15orf48,0.0
GGA2,0.0
GGA3,0.0
GGA1,0.0
ZFP36L2,0.0
FAM49B,0.0
FAM49A,0.0
ZCCHC3,0.0
HELLS,0.0
C4orf39,0.0
ZFP1,0.0
C7orf49,0.0
ZNF662,0.0
C7orf44,0.0
C7orf47,0.0
C7orf41,0.0
C7orf40,0.0
C7orf43,0.0
LOC441455,0.0
PDCD2,0.0
SCAMP3,0.0
SCAMP2,0.0
SCAMP5,0.0
SCAMP4,0.0
NME1,0.0
PLK4,0.0
TSPAN8,0.0
GPRASP2,0.0
CD99L2,0.0
IQSEC3,0.0
GTF3C4,0.0
CHD7,0.0
CHD4,0.0
CHD5,0.0
CHD2,0.0
GARS,0.0
HPDL,0.0
MLLT11,0.0
GART,0.0
CD58,0.0
TFB2M,0.0
RAD51L3,0.0
DNASE1L3,0.0
DNASE1L2,0.0
DNASE1L1,0.0
SOLH,0.0
TOP1,0.0
IBTK,0.0
SFT2D1,0.0
LOC157381,0.0
NOC4L,0.0
TNFSF12-TNFSF13,0.0
LOC80154,0.0
GTF3C2,0.0
GTF3C3,0.0
HACL1,0.0
VENTX,0.0
LOC338758,0.0
ORAI2,0.0
TSG101,0.0
C10orf26,0.0
RAD54L2,0.0
CTBP2,0.0
CTBP1,0.0
PDE5A,0.0
APOA1,0.0
C10orf28,0.0
PRR22,0.0
MRPS18C,0.0
FAM123B,0.0
GAR1,0.0
SCARNA10,0.0
WDR26,0.0
LPIN3,0.0
SCARNA12,0.0
XPO4,0.0
XPO5,0.0
XPO1,0.0
GPRASP1,0.0
P4HA1,0.0
SPARC,0.0
TUBB2A,0.0
GPT2,0.0
VARS,0.0
MRPL54,0.0
RASGEF1C,0.0
MIOS,0.0
MTIF2,0.0
MTIF3,0.0
SHROOM1,0.0
GET4,0.0
SCN11A,0.0
SKIV2L,0.0
CHD3,0.0
RSAD1,0.0
RSAD2,0.0
SPRY2,0.0
PMS2L4,0.0
LPPR2,0.0
LPPR4,0.0
LPPR5,0.0
RASSF7,0.0
PTOV1,0.0
LOC100125556,0.0
MARCH11,0.0
DBNDD2,0.0
NPC1,0.0
LOC283050,0.0
CAP2,0.0
CAP1,0.0
LOC121838,0.0
SGCA,0.0
CHD8,0.0
CHD9,0.0
CHD6,0.0
SHROOM2,0.0
ZFYVE16,0.0
GHRL,0.0
VPS29,0.0
SESN1,0.0
CD40LG,0.0
C22orf27,0.0
C22orf26,0.0
DCST2,0.0
C22orf23,0.0
GIT2,0.0
GIT1,0.0
FRAT2,0.0
C22orf28,0.0
ATAD2,0.0
HTR7P1,0.0
ATE1,0.0
SESN2,0.0
PRDM10,0.0
ABCG5,0.0
ABCG4,0.0
ABCG2,0.0
ETHE1,0.0
TPRKB,0.0
UCK2,0.0
ARMC1,0.0
ARMC3,0.0
ARMC2,0.0
DACH2,0.0
ARMC7,0.0
GTF3C6,0.0
ARMC8,0.0
ELF1,0.0
ZBTB48,0.0
C1orf204,0.0
TRIM26,0.0
PDIA2,0.0
PDIA3,0.0
HIST1H4H,0.0
HIST1H4I,0.0
HIST1H4D,0.0
HIST1H4E,0.0
SPATA4,0.0
ARMC9,0.0
CD55,0.0
NDUFS8,0.0
CD53,0.0
CD52,0.0
TADA3,0.0
CAPG,0.0
CAMSAP1L1,0.0
PLS1,0.0
C8orf73,0.0
C6orf226,0.0
MCEE,0.0
DOK4,0.0
PLSCR1,0.0
DOK6,0.0
DOK2,0.0
RAB39,0.0
RAB31,0.0
HJURP,0.0
C1orf200,0.0
PDIA6,0.0
CLASP1,0.0
CLASP2,0.0
PLS3,0.0
SPC25,0.0
PRKCZ,0.0
MPO,0.0
CD163L1,0.0
EFHC2,0.0
TRPC1,0.0
DYNC1LI2,0.0
DYNC1LI1,0.0
CAPS,0.0
C3orf57,0.0
C3orf54,0.0
C3orf52,0.0
PIKFYVE,0.0
IL4R,0.0
RAB3GAP2,0.0
CLEC2D,0.0
C5orf54,0.0
CLEC2L,0.0
PTRH1,0.0
HIPK3,0.0
GK,0.0
TEK,0.0
CRB2,0.0
CRB1,0.0
MUC1,0.0
MUC2,0.0
JRKL,0.0
TMEM185B,0.0
TBC1D25,0.0
IRX2,0.0
CLEC2B,0.0
C5orf55,0.0
EIF5,0.0
C5orf58,0.0
ACTL6A,0.0
SPATA9,0.0
CD164,0.0
AARS,0.0
CD163,0.0
PRKCB,0.0
C3orf58,0.0
C3orf59,0.0
CRBN,0.0
NET1,0.0
C11orf59,0.0
RAP1GAP2,0.0
SETD3,0.0
KIAA0907,0.0
FTSJ1,0.0
LIFR,0.0
CD226,0.0
LOC728024,0.0
ZDHHC17,0.0
IRX3,0.0
IRX6,0.0
IRX4,0.0
IRX5,0.0
PRKAG1,0.0
ZNF252,0.0
PSMD9,0.0
C8orf79,0.0
ZNF608,0.0
TMEM143,0.0
ZBTB46,0.0
ZBTB44,0.0
C8orf75,0.0
C8orf77,0.0
ZNF253,0.0
SEC23A,0.0
RNF165,0.0
CMIP,0.0
PCSK1N,0.0
MALT1,0.0
MRPL51,0.0
MRPL55,0.0
ATRNL1,0.0
ALMS1,0.0
RPF2,0.0
RPF1,0.0
NTNG2,0.0
NTNG1,0.0
GMEB1,0.0
SP3,0.0
RNF167,0.0
FOXD4L1,0.0
FOXD4L6,0.0
COMT,0.0
LIX1L,0.0
SNORA39,0.0
ESF1,0.0
MTUS2,0.0
CABLES2,0.0
CABLES1,0.0
LOC147727,0.0
SBNO2,0.0
ZNF607,0.0
P4HA2,0.0
PACS1,0.0
NCL,0.0
RND3,0.0
RND2,0.0
PIH1D1,0.0
TOMM34,0.0
FBXO17,0.0
HVCN1,0.0
TFG,0.0
ZC3H13,0.0
HOXB13,0.0
MTERFD1,0.0
ANP32C,0.0
LOC651250,0.0
P2RY8,0.0
BFSP1,0.0
ZNF302,0.0
ZNF304,0.0
KCNAB1,0.0
STL,0.0
VIPAR,0.0
MTA3,0.0
ANGPTL6,0.0
ANGPTL7,0.0
SYAP1,0.0
SPIN3,0.0
TAT,0.0
LOC441294,0.0
GMCL1L,0.0
LOC100133957,0.0
WDTC1,0.0
PPIAL4D,0.0
MUC12,0.0
MUC13,0.0
IQCH,0.0
MUC15,0.0
IQCK,0.0
IQCE,0.0
LRRN3,0.0
MBTD1,0.0
UQCC,0.0
FDXR,0.0
ANP32A,0.0
LOC723972,0.0
PIP5KL1,0.0
AASDH,0.0
ATP6V1B2,0.0
PRKG2,0.0
ZNF677,0.0
ALOXE3,0.0
OPN1SW,0.0
STK11,0.0
KCNAB3,0.0
PRKRIP1,0.0
LCN10,0.0
ZNF738,0.0
TARDBP,0.0
THY1,0.0
PRKG1,0.0
PCDHGC5,0.0
PCDHGC3,0.0
PPP1R9A,0.0
ZNF684,0.0
ZNF687,0.0
MMP25,0.0
STS,0.0
ZNF688,0.0
LRRC45,0.0
LRRC43,0.0
LRRC40,0.0
LRRC41,0.0
KIAA1543,0.0
NCF1,0.0
KIAA1012,0.0
KIAA1549,0.0
LIF,0.0
ZNF821,0.0
PPP3CC,0.0
PPP3CA,0.0
FOXD4L2,0.0
DAZAP1,0.0
WTAP,0.0
URM1,0.0
CUZD1,0.0
SGPP2,0.0
MAPK9,0.0
MAPK8,0.0
PPP1R12C,0.0
BCO2,0.0
MAPK7,0.0
MAPK6,0.0
MAPK1,0.0
ATP8A1,0.0
CDC23,0.0
TAF11,0.0
CDC26,0.0
SLC25A45,0.0
SLC25A44,0.0
SLC25A43,0.0
PMP22,0.0
SLC25A41,0.0
GPKOW,0.0
TPSB2,0.0
YPEL1,0.0
CARS2,0.0
KIAA1614,0.0
SORCS3,0.0
SORCS2,0.0
SORCS1,0.0
TXNDC11,0.0
TNC,0.0
ZNF296,0.0
BEST4,0.0
KIAA0564,0.0
KIAA0562,0.0
BEST1,0.0
TNPO3,0.0
TNPO2,0.0
SPDYE8P,0.0
RPL35A,0.0
MED7,0.0
GPR87,0.0
FDX1L,0.0
LOC619207,0.0
METTL6,0.0
METTL5,0.0
LOC374443,0.0
PXN,0.0
KCNT2,0.0
FOXRED1,0.0
FOXRED2,0.0
PXK,0.0
SPA17,0.0
NRAS,0.0
ZC3HC1,0.0
SERPINA9,0.0
HCFC1,0.0
HCFC2,0.0
SERPINA4,0.0
MED9,0.0
IBSP,0.0
KCNT1,0.0
KCNAB2,0.0
MMP24,0.0
STON1-GTF2A1L,0.0
MOV10L1,0.0
PDZD11,0.0
GCN1L1,0.0
TNPO1,0.0
METTL4,0.0
CCL19,0.0
CCL18,0.0
CCL17,0.0
CCL14,0.0
CCL11,0.0
BCAP31,0.0
THNSL1,0.0
THNSL2,0.0
VWA3B,0.0
C1orf101,0.0
NMNAT3,0.0
BCOR,0.0
SERINC3,0.0
STAG3L1,0.0
STAG3L3,0.0
PLEKHN1,0.0
TMEM39A,0.0
C1orf109,0.0
C1orf107,0.0
C1orf106,0.0
C1orf104,0.0
C1orf103,0.0
KCTD1,0.0
SERINC2,0.0
BANF1,0.0
INSR,0.0
PRDX4,0.0
MICALL2,0.0
LTV1,0.0
C1orf63,0.0
SCN2A,0.0
CDK19,0.0
CDK18,0.0
COBLL1,0.0
PRKCDBP,0.0
BHMT2,0.0
DSTYK,0.0
BAD,0.0
BAX,0.0
CCDC144A,0.0
CHMP4B,0.0
CCDC144C,0.0
ZNF207,0.0
KIAA0319L,0.0
CDC25B,0.0
SFRS7,0.0
SLFN11,0.0
CRISP3,0.0
HNF1A,0.0
IARS,0.0
RIOK3,0.0
RIOK2,0.0
OFD1,0.0
ALG14,0.0
ALG13,0.0
ALG11,0.0
ALG10,0.0
LTF,0.0
GRIPAP1,0.0
LTA,0.0
CPOX,0.0
PRDX5,0.0
RBMS1,0.0
SCD,0.0
STYX,0.0
WWC2,0.0
C1orf69,0.0
LTA4H,0.0
DHX40,0.0
ARL8A,0.0
ARL8B,0.0
PLA2G12A,0.0
HIST2H2BE,0.0
TAF5L,0.0
LMOD3,0.0
LMOD1,0.0
SLC7A2,0.0
WDR91,0.0
KIAA1468,0.0
HYOU1,0.0
SYNJ2,0.0
SAMHD1,0.0
SLC5A12,0.0
DAB2,0.0
PTK2B,0.0
PDGFRA,0.0
ZNF391,0.0
NUTF2,0.0
GAS6,0.0
WIPI2,0.0
CAMK2N2,0.0
LOC100129066,0.0
UBE2V1,0.0
EEFSEC,0.0
BREA2,0.0
MKLN1,0.0
C16orf57,0.0
CDK5RAP1,0.0
CDK5RAP3,0.0
C16orf52,0.0
RARRES3,0.0
SETDB2,0.0
C16orf59,0.0
CAMK2N1,0.0
SPTBN2,0.0
SHISA6,0.0
PEAR1,0.0
TWIST1,0.0
GAS8,0.0
WRNIP1,0.0
C1orf65,0.0
PYGM,0.0
C1orf66,0.0
C1orf61,0.0
EVPLL,0.0
GAS7,0.0
STK38L,0.0
GAS5,0.0
HMBOX1,0.0
NKPD1,0.0
RICH2,0.0
TDP1,0.0
GNB1,0.0
RNF170,0.0
IL32,0.0
GANC,0.0
GAS1,0.0
KRT40,0.0
TMEM214,0.0
PRSS30P,0.0
SHISA9,0.0
MMP19,0.0
TOB2,0.0
LOC100129716,0.0
PPP1R10,0.0
NCAPD3,0.0
KCNK10,0.0
KCNK13,0.0
KCNK12,0.0
FAM133A,0.0
ZNF583,0.0
KCNK17,0.0
FAM133B,0.0
PARD6B,0.0
NDUFAB1,0.0
CDAN1,0.0
GPAA1,0.0
TMEM27,0.0
C14orf180,0.0
C14orf181,0.0
C14orf184,0.0
BLK,0.0
PLXNB1,0.0
ATP6V1B1,0.0
GPR120,0.0
GZF1,0.0
IL5RA,0.0
MMP13,0.0
MMP12,0.0
MMP11,0.0
MMP10,0.0
MMP16,0.0
GPR110,0.0
CTCF,0.0
GPR115,0.0
ACE2,0.0
ANGPTL1,0.0
ANGPTL2,0.0
ANGPTL4,0.0
HLA-DRA,0.0
NF2,0.0
ZSCAN16,0.0
PPP1R1B,0.0
MGC12916,0.0
SP140L,0.0
HSCB,0.0
WNT4,0.0
PLXNB3,0.0
FAM119A,0.0
PRG2,0.0
FAM119B,0.0
MYO18B,0.0
MYO18A,0.0
SFRS2B,0.0
GPRC5C,0.0
GPRC5D,0.0
DLK1,0.0
NPY1R,0.0
SRGAP2,0.0
SRGAP3,0.0
SRGAP1,0.0
SCMH1,0.0
SOAT1,0.0
WDR93,0.0
ATXN1,0.0
LOC100130691,0.0
GPR124,0.0
PIK3IP1,0.0
SHISA4,0.0
THOP1,0.0
GARNL3,0.0
SPDYE5,0.0
IFI44L,0.0
P2RY13,0.0
P2RY12,0.0
NEDD4,0.0
SMC2,0.0
SMC3,0.0
NEDD1,0.0
P2RY14,0.0
PCDHB14,0.0
CDK15,0.0
CDK14,0.0
CDK16,0.0
SRRT,0.0
CDK10,0.0
CDK13,0.0
CDK12,0.0
ATXN3,0.0
ATXN2,0.0
ATXN7,0.0
SIRPB1,0.0
ZNF420,0.0
GPRC5B,0.0
SIRPB2,0.0
ZNF425,0.0
ZNF426,0.0
TCN2,0.0
C7orf29,0.0
ZNF594,0.0
C7orf23,0.0
C7orf26,0.0
C7orf25,0.0
C14orf182,0.0
ALG1L,0.0
NEDD9,0.0
NEDD8,0.0
ZNF398,0.0
SLC9A3R2,0.0
COLQ,0.0
ATP5L,0.0
PNPLA6,0.0
PNPLA7,0.0
PNPLA2,0.0
VPS37A,0.0
TEKT4,0.0
TEKT5,0.0
TEKT2,0.0
TEKT1,0.0
CYP4F3,0.0
HOXD13,0.0
PON1,0.0
NUDT8,0.0
MAP1D,0.0
TSFM,0.0
STEAP2,0.0
PLEKHM1P,0.0
KIAA0754,0.0
ATG12,0.0
LOC400657,0.0
ATG10,0.0
KATNAL1,0.0
HOMEZ,0.0
TRAF3IP3,0.0
SHC1,0.0
FBXL6,0.0
PID1,0.0
NKAIN1,0.0
FREM1,0.0
FREM2,0.0
RAI14,0.0
INPP5K,0.0
LOC729234,0.0
NME3,0.0
INPP5F,0.0
HEPN1,0.0
FLJ16779,0.0
GRINL1A,0.0
RBAK,0.0
MATR3,0.0
EPB41,0.0
UFC1,0.0
RCBTB1,0.0
NES,0.0
TCP11L2,0.0
TRIM5,0.0
SAP30,0.0
MARCO,0.0
ZFYVE19,0.0
FAM189A2,0.0
INPP5D,0.0
LILRB4,0.0
MKL1,0.0
THSD7A,0.0
PHTF1,0.0
THSD7B,0.0
UPF2,0.0
PES1,0.0
C1orf43,0.0
SDCBP2,0.0
LOC100286793,0.0
ATP5J,0.0
FN1,0.0
FOS,0.0
RNPEPL1,0.0
MGC42105,0.0
ZNF295,0.0
SLC38A10,0.0
PUS1,0.0
GPR85,0.0
GPR83,0.0
GPR82,0.0
GPR81,0.0
TRAF3IP2,0.0
ZBTB41,0.0
ADAM21,0.0
ZC3HAV1L,0.0
MTCH2,0.0
GFOD1,0.0
GFOD2,0.0
UNC5A,0.0
WEE1,0.0
NCKAP1,0.0
PNPLA8,0.0
SEC14L1,0.0
SEC14L2,0.0
SGK223,0.0
VSTM2L,0.0
KRT5,0.0
ZNF259,0.0
LOC148709,0.0
LCK,0.0
COL12A1,0.0
PL-5283,0.0
SMPD3,0.0
SAFB2,0.0
SFPQ,0.0
SCT,0.0
TGFBI,0.0
CAST,0.0
GPR88,0.0
PKNOX1,0.0
CASK,0.0
RUNDC3B,0.0
RASAL2,0.0
XCR1,0.0
TIMM8A,0.0
CD320,0.0
ACCS,0.0
TMEM56,0.0
FBXL3,0.0
TTBK2,0.0
WDR72,0.0
TOE1,0.0
PDCD6IP,0.0
ZFP57,0.0
HIST2H2AC,0.0
FUBP3,0.0
NT5M,0.0
CDK20,0.0
LOC100128675,0.0
ZNF555,0.0
SYBU,0.0
COPE,0.0
MFRP,0.0
FBXL2,0.0
TRIM11,0.0
PRTG,0.0
TOP1P2,0.0
NT5C,0.0
TRPM2,0.0
PROSC,0.0
MYOCD,0.0
TMEM169,0.0
RDH16,0.0
CALU,0.0
MSH5,0.0
MGLL,0.0
RNF146,0.0
RNF145,0.0
RNF141,0.0
SGSH,0.0
RNF149,0.0
RASGRF1,0.0
GRIK4,0.0
GRIK3,0.0
GRIK2,0.0
COPA,0.0
GREM2,0.0
C16orf42,0.0
PACSIN3,0.0
NFXL1,0.0
C16orf46,0.0
RNF19A,0.0
UBR4,0.0
C16orf48,0.0
STOX1,0.0
GRIK5,0.0
TNFRSF13C,0.0
TMEM191A,0.0
RDH13,0.0
PPP1R3B,0.0
PPP1R3C,0.0
OCIAD1,0.0
PPP1R3E,0.0
OCIAD2,0.0
LOC399744,0.0
GPATCH1,0.0
ATF7IP,0.0
INPP5B,0.0
GPR139,0.0
NME4,0.0
ZNF526,0.0
ZNF619,0.0
CHERP,0.0
FAM13AOS,0.0
RIBC2,0.0
SH3GLB2,0.0
SEMA3C,0.0
YTHDC1,0.0
TBXAS1,0.0
HAL,0.0
FAM131C,0.0
FAM131B,0.0
INPP5A,0.0
GPR132,0.0
GPR133,0.0
VTI1A,0.0
GPR137,0.0
GPR135,0.0
RPL23A,0.0
GPIHBP1,0.0
C19orf6,0.0
CDKN2AIP,0.0
C19orf2,0.0
C1orf56,0.0
C1orf57,0.0
TP53I3,0.0
C1orf51,0.0
C1orf53,0.0
SEPT10,0.0
ZFPM2,0.0
PALM2,0.0
TRIM4,0.0
ANGPT1,0.0
PALMD,0.0
CNTROB,0.0
LUC7L2,0.0
LUC7L3,0.0
TGS1,0.0
ZNF434,0.0
C1orf50,0.0
PKIG,0.0
ISLR,0.0
SNRPA1,0.0
SLC45A1,0.0
ATXN7L3B,0.0
PMS1,0.0
ANKHD1-EIF4EBP3,0.0
KCNN1,0.0
KCNN2,0.0
FASLG,0.0
BAMBI,0.0
FCGBP,0.0
ZBTB9,0.0
TANC1,0.0
ANKRD36BP1,0.0
CCDC68,0.0
CCDC69,0.0
TYSND1,0.0
CCDC62,0.0
CCDC61,0.0
CCDC64,0.0
CCDC65,0.0
SLC19A3,0.0
SLC19A2,0.0
KRT7,0.0
RANGAP1,0.0
PFAS,0.0
MAGOH,0.0
PYGL,0.0
LOC153684,0.0
DSC1,0.0
CPT2,0.0
ZNF148,0.0
CCDC102A,0.0
ZNF142,0.0
ABCA11P,0.0
ZNF140,0.0
C20orf29,0.0
C9orf171,0.0
RAB27A,0.0
C20orf27,0.0
XAF1,0.0
HLA-DRB6,0.0
HLA-DRB1,0.0
DAAM2,0.0
DAAM1,0.0
PBRM1,0.0
PCYT1A,0.0
FGFR1,0.0
PWWP2B,0.0
ADRA2C,0.0
C9orf173,0.0
TMF1,0.0
GPATCH4,0.0
LRRC48,0.0
LRRC49,0.0
HDAC10,0.0
MMP23B,0.0
RBM8A,0.0
SBK1,0.0
CYHR1,0.0
COL6A4P2,0.0
TMEM44,0.0
APLN,0.0
IL18R1,0.0
GRIP1,0.0
FAF2,0.0
PGM5,0.0
FAF1,0.0
LSAMP,0.0
PARD3,0.0
TMEM48,0.0
BEST3,0.0
FAM150B,0.0
FAM105A,0.0
PDZD4,0.0
ZNF737,0.0
NUP153,0.0
HOXD10,0.0
PGM1,0.0
BRMS1,0.0
THAP5,0.0
C9orf172,0.0
SLC35A5,0.0
SLC35A4,0.0
MED12L,0.0
TAF13,0.0
LRDD,0.0
PIM1,0.0
TANC2,0.0
CLEC18B,0.0
YPEL5,0.0
FNDC8,0.0
IL1A,0.0
RPAP2,0.0
EP400,0.0
TMEM119,0.0
MPDZ,0.0
OSR1,0.0
SLC35A3,0.0
SLC35A2,0.0
B3GNT8,0.0
FNDC5,0.0
FNDC4,0.0
B3GNT3,0.0
B3GNT2,0.0
MIS12,0.0
ADAM20,0.0
AEBP2,0.0
RBMS3,0.0
GNAZ,0.0
AEBP1,0.0
LEPRE1,0.0
PINX1,0.0
LPAR3,0.0
TTF2,0.0
RUNDC3A,0.0
EFHD1,0.0
EFHD2,0.0
C20orf20,0.0
ZNF155,0.0
LPAR2,0.0
C2orf3,0.0
IL16,0.0
HLA-DRB5,0.0
ANXA4,0.0
CPT1B,0.0
ANXA3,0.0
LOC728606,0.0
CBR3,0.0
CBR1,0.0
GDF1,0.0
ZNF251,0.0
TPR,0.0
THRAP3,0.0
KISS1R,0.0
TASP1,0.0
OBFC2A,0.0
KAZ,0.0
OBFC2B,0.0
SYK,0.0
SYT7,0.0
SYT6,0.0
SYT5,0.0
SYT2,0.0
ADAM23,0.0
GSTM4,0.0
C2orf7,0.0
GSTM2,0.0
GSTM1,0.0
IL10,0.0
AIF1L,0.0
IL19,0.0
IL18,0.0
ADAM28,0.0
ADAM29,0.0
ZNF256,0.0
GLCE,0.0
ADAM22,0.0
GSTM5,0.0
DUSP11,0.0
DUSP16,0.0
ZDHHC22,0.0
DUSP14,0.0
DUSP15,0.0
DUSP18,0.0
DUSP19,0.0
MCM4,0.0
MCM5,0.0
MS4A2,0.0
MS4A7,0.0
KIFAP3,0.0
CBR4,0.0
PKMYT1,0.0
ZNF540,0.0
ISL1,0.0
TBCC,0.0
USH2A,0.0
SBDSP1,0.0
LOC341056,0.0
HEPACAM,0.0
POLM,0.0
C3orf26,0.0
OPRD1,0.0
ADRA2B,0.0
LOC283922,0.0
UBQLN4,0.0
GDF3,0.0
ZNF322B,0.0
DKFZp686O24166,0.0
GDF9,0.0
ZNF322A,0.0
KRT8,0.0
MCM6,0.0
MCM7,0.0
TRAF3IP1,0.0
ANXA6,0.0
LRRC4B,0.0
LRRC4C,0.0
DUSP10,0.0
SNX21,0.0
CCDC154,0.0
CCDC157,0.0
GUK1,0.0
CCDC151,0.0
CCDC153,0.0
CCDC152,0.0
C3orf23,0.0
EPC1,0.0
ZNF541,0.0
SQSTM1,0.0
DUSP12,0.0
DUSP13,0.0
SYT9,0.0
ASPM,0.0
BPIL1,0.0
LOC100131434,0.0
MRPS35,0.0
RBM12,0.0
FOXK1,0.0
PGM2L1,0.0
PAPOLG,0.0
SNRNP48,0.0
TBC1D8,0.0
FOXK2,0.0
NCRNA00107,0.0
SLC17A7,0.0
HNRNPH2,0.0
HNRNPH3,0.0
VDR,0.0
CGB7,0.0
ZNF271,0.0
MCM3APAS,0.0
TBXA2R,0.0
FAM127A,0.0
FAM127B,0.0
FAM127C,0.0
SAP30BP,0.0
HSPA12A,0.0
GATS,0.0
HIC2,0.0
HADH,0.0
HSP90B1,0.0
LOC255167,0.0
NOVA2,0.0
TMEM170B,0.0
NFU1,0.0
RLF,0.0
SMC1A,0.0
TUBE1,0.0
WSCD1,0.0
PSTK,0.0
WNT5B,0.0
UBXN1,0.0
MUTYH,0.0
NIT1,0.0
UFD1L,0.0
STAMBP,0.0
KNTC1,0.0
USP38,0.0
NCF4,0.0
SERGEF,0.0
APLP2,0.0
NCF2,0.0
TUBBP5,0.0
WNT5A,0.0
CCDC117,0.0
CCDC22,0.0
CCDC23,0.0
CCDC21,0.0
TEAD1,0.0
GABRA2,0.0
ZMAT5,0.0
MLYCD,0.0
EMP1,0.0
NRSN2,0.0
EMP3,0.0
LSM10,0.0
BHLHE22,0.0
LOC84989,0.0
NGLY1,0.0
CDKN3,0.0
TXK,0.0
PAPSS2,0.0
TXN,0.0
ZNF276,0.0
FIBIN,0.0
APOB48R,0.0
ZNF556,0.0
TMEM111,0.0
DCAF15,0.0
DCAF16,0.0
DCAF17,0.0
BLZF1,0.0
HSPA12B,0.0
MRPS33,0.0
MRPS30,0.0
MRPS31,0.0
HCFC1R1,0.0
TBC1D2,0.0
EMP2,0.0
ZNF519,0.0
TPRA1,0.0
PAIP2,0.0
OSGIN1,0.0
CD22,0.0
CCDC25,0.0
HNRNPUL1,0.0
HNRNPUL2,0.0
KIAA2013,0.0
KCNB1,0.0
KCNB2,0.0
KIAA2018,0.0
SIGLEC15,0.0
INO80,0.0
DCAF10,0.0
DCAF11,0.0
DCAF12,0.0
CNTNAP1,0.0
PCOLCE2,0.0
DEGS1,0.0
NCRNA00174,0.0
PICALM,0.0
MMRN1,0.0
FAM18A,0.0
FAM18B,0.0
LOC149837,0.0
PGAM2,0.0
SIAE,0.0
DIO1,0.0
CCL28,0.0
CETN2,0.0
CETN3,0.0
TMEM9B,0.0
OVGP1,0.0
PEG10,0.0
TMEM132A,0.0
KRR1,0.0
ANAPC10,0.0
ANAPC11,0.0
ANAPC16,0.0
PKD1L2,0.0
SNAPC2,0.0
DLEC1,0.0
ENTPD8,0.0
TOR1B,0.0
STRN,0.0
ZNF311,0.0
PACRGL,0.0
LSG1,0.0
DRD1,0.0
CASP8,0.0
DRD2,0.0
DRD4,0.0
PRDM8,0.0
CASP1,0.0
SMC4,0.0
CASP3,0.0
CASP2,0.0
PYGB,0.0
CASP4,0.0
CASP7,0.0
CASP6,0.0
PKD1L1,0.0
CHML,0.0
MRC1,0.0
TLCD1,0.0
TTC9C,0.0
UPB1,0.0
LOC90586,0.0
AKT3,0.0
AKT2,0.0
AKT1,0.0
CASP5,0.0
FAM40A,0.0
FAM40B,0.0
DPRXP4,0.0
LOC389033,0.0
LOC100216545,0.0
CLCA2,0.0
PGAM1,0.0
PKIA,0.0
NAT9,0.0
CYP26A1,0.0
KIF3A,0.0
KIF3C,0.0
ALOX5,0.0
TFE3,0.0
YSK4,0.0
OSTC,0.0
EFEMP2,0.0
EFEMP1,0.0
GNPNAT1,0.0
ODF2,0.0
HUNK,0.0
SRP14,0.0
DCTN4,0.0
LANCL1,0.0
CCDC102B,0.0
MRAP2,0.0
KIF3B,0.0
KRT23,0.0
ENTPD1,0.0
ENTPD3,0.0
ENTPD4,0.0
ENTPD5,0.0
ENTPD6,0.0
ENTPD7,0.0
TDRD1,0.0
METAP2,0.0
MST1R,0.0
HESX1,0.0
TMPRSS6,0.0
DUSP5P,0.0
PXDN,0.0
SNAPIN,0.0
LACE1,0.0
TNFRSF10A,0.0
HYAL2,0.0
HYAL3,0.0
TNFRSF10B,0.0
ZNF492,0.0
ZNF347,0.0
SNAPC4,0.0
PILRB,0.0
NAT8,0.0
DCTN1,0.0
SPC24,0.0
DMAP1,0.0
SSTR2,0.0
NARS,0.0
EPPK1,0.0
ANKRD20B,0.0
LMBRD2,0.0
LOC100134713,0.0
EN2,0.0
ZNF418,0.0
TNK2,0.0
ZDHHC1,0.0
FTO,0.0
ORC4L,0.0
PGM3,0.0
UMOD,0.0
HAAO,0.0
PLAC4,0.0
MARS,0.0
MSH4,0.0
ZDHHC7,0.0
ZDHHC4,0.0
ZDHHC5,0.0
MARS2,0.0
PAFAH2,0.0
NEUROG2,0.0
FTL,0.0
TCF12,0.0
SCNM1,0.0
SOX17,0.0
C6orf72,0.0
SOX15,0.0
C6orf70,0.0
SOX12,0.0
SOX11,0.0
TNNT2,0.0
TNNT3,0.0
C5orf4,0.0
SERPINE2,0.0
SNX31,0.0
GABBR2,0.0
GABBR1,0.0
UROD,0.0
KDM2A,0.0
CHRAC1,0.0
PDLIM3,0.0
PDLIM7,0.0
IRGQ,0.0
HMMR,0.0
SLC27A2,0.0
SNX32,0.0
SNX33,0.0
ABCA2,0.0
SERPINE1,0.0
STX12,0.0
POLE,0.0
LTB4R,0.0
POLG,0.0
TRMT12,0.0
KLHL28,0.0
KLHL29,0.0
GABRR2,0.0
TMEM81,0.0
KLHL23,0.0
KLHL20,0.0
IL17D,0.0
MACROD1,0.0
GGH,0.0
IGSF5,0.0
ATP5EP2,0.0
C2orf15,0.0
C2orf14,0.0
C2orf16,0.0
ZNF213,0.0
CCNDBP1,0.0
ZNF286B,0.0
NDUFV1,0.0
MDK,0.0
NDUFV3,0.0
DONSON,0.0
NUS1,0.0
MACROD2,0.0
LOC283267,0.0
BCAT1,0.0
BCAT2,0.0
SRFBP1,0.0
TAS2R19,0.0
RPL13AP20,0.0
ZFP62,0.0
CAPNS1,0.0
KLHL25,0.0
C8orf34,0.0
C8orf37,0.0
TAF15,0.0
C8orf33,0.0
TOMM6,0.0
ANPEP,0.0
IGFBP6,0.0
C8orf38,0.0
KDM2B,0.0
LDLRAP1,0.0
ZDHHC8,0.0
VAT1L,0.0
SART1,0.0
NCSTN,0.0
POLL,0.0
CDC123,0.0
C8orf31,0.0
KIAA1383,0.0
FAM96B,0.0
NMD3,0.0
KIAA0528,0.0
MYOZ1,0.0
FAM101A,0.0
FAM101B,0.0
ZNF416,0.0
EIF2A,0.0
AKAP9,0.0
AKAP8,0.0
PIPOX,0.0
SH2D1A,0.0
ORC1L,0.0
AKAP3,0.0
AKAP2,0.0
AKAP1,0.0
AKAP7,0.0
AKAP6,0.0
SEZ6,0.0
PASK,0.0
ANXA2P2,0.0
ANXA2P3,0.0
ANXA2P1,0.0
APBB3,0.0
C1orf135,0.0
KIAA1432,0.0
MAP7D2,0.0
KIAA1430,0.0
UTP23,0.0
TRIM17,0.0
PLCL2,0.0
RXRG,0.0
SLC35E4,0.0
KCTD21,0.0
KCTD20,0.0
SLC35E1,0.0
LOC595101,0.0
RANBP3L,0.0
UBA3,0.0
AKAP5,0.0
GBA2,0.0
MYH7B,0.0
G3BP1,0.0
LOC729603,0.0
PPP2R2A,0.0
MGC14436,0.0
PRPF38B,0.0
PRPF38A,0.0
TRIM16,0.0
TMEM110,0.0
HEPHL1,0.0
DPEP2,0.0
CEP290,0.0
TMEM192,0.0
CCND2,0.0
CCND1,0.0
POLR3G,0.0
TXNDC9,0.0
SVOPL,0.0
GATA5,0.0
GATA4,0.0
SMARCD1,0.0
SMARCD2,0.0
SMARCD3,0.0
APBB1,0.0
MAGEE2,0.0
SEPT7P2,0.0
LOC401431,0.0
SHISA5,0.0
RELL1,0.0
MTL5,0.0
RPS27A,0.0
LOC150776,0.0
ACVR1B,0.0
ACVR1C,0.0
TNKS,0.0
SUCLA2,0.0
IPCEF1,0.0
STAR,0.0
MVK,0.0
SGPL1,0.0
TTC39A,0.0
USP31,0.0
GPM6A,0.0
IFNAR1,0.0
MXRA7,0.0
TDRD6,0.0
OR2B6,0.0
SATB2,0.0
TAF1A,0.0
PPP2R2B,0.0
TCF15,0.0
DIAPH3,0.0
DYSF,0.0
DIAPH1,0.0
WDR3,0.0
WDR4,0.0
WDR5,0.0
WDR6,0.0
UNKL,0.0
IRAK4,0.0
IRAK1,0.0
IRAK3,0.0
IRAK2,0.0
TTC39B,0.0
WRN,0.0
MRGPRX3,0.0
TMEM155,0.0
ACPL2,0.0
SLC35C1,0.0
MCM9,0.0
NEDD4L,0.0
CKAP2L,0.0
FBXW7,0.0
PARD3B,0.0
FAM107B,0.0
SFRP2,0.0
MUCL1,0.0
TERT,0.0
UTP18,0.0
C11orf83,0.0
C11orf82,0.0
FBXW2,0.0
C11orf80,0.0
C11orf84,0.0
GPR19,0.0
NFATC2IP,0.0
TRIM37,0.0
IQGAP3,0.0
IQGAP2,0.0
IQGAP1,0.0
NME5,0.0
FBXO27,0.0
SKA1,0.0
FBXO22,0.0
CDKL2,0.0
TMEM177,0.0
PEX1,0.0
PMEPA1,0.0
RNF157,0.0
LIMD1,0.0
CD200R1,0.0
RNF152,0.0
ACAT2,0.0
GNRHR2,0.0
FAM91A1,0.0
ZNF410,0.0
IPO11,0.0
C11orf88,0.0
RNASE2,0.0
FCRLB,0.0
AIM2,0.0
DBC1,0.0
XG,0.0
AIM1,0.0
AMBRA1,0.0
GNB4,0.0
GNB5,0.0
ACAT1,0.0
TECPR1,0.0
RP9,0.0
LOC643677,0.0
SLC23A2,0.0
ZNF837,0.0
MAP3K4,0.0
TRIM46,0.0
ZNF831,0.0
PPP1R8,0.0
RAP1A,0.0
RAP1B,0.0
SSB,0.0
IL18BP,0.0
POU2F2,0.0
ILF2,0.0
CSTF2,0.0
FIBP,0.0
CSTF1,0.0
NUP62CL,0.0
CCNB1,0.0
CCNB2,0.0
CCNB3,0.0
TRIM35,0.0
CALD1,0.0
TUBA4B,0.0
CAMSAP1,0.0
POU2F3,0.0
PCDHA11,0.0
RBMX,0.0
GTF2A2,0.0
GTF2A1,0.0
ETFB,0.0
THAP2,0.0
WIPI1,0.0
UBE2QL1,0.0
NCOA6,0.0
NRN1,0.0
RALBP1,0.0
KRI1,0.0
RNASE6,0.0
PANK1,0.0
TET3,0.0
TCP10L,0.0
NDUFS4,0.0
HCLS1,0.0
NDUFS3,0.0
CDYL,0.0
TET1,0.0
THAP3,0.0
NDUFS2,0.0
HSPB11,0.0
COQ5,0.0
THAP4,0.0
PCMTD1,0.0
SAMSN1,0.0
ZNF33A,0.0
CSF1,0.0
SNAP23,0.0
FAM129B,0.0
CDC42BPA,0.0
FAM129A,0.0
GATM,0.0
DDX55,0.0
CSRNP2,0.0
CSRNP1,0.0
DDX56,0.0
RFTN2,0.0
DDX52,0.0
PRR13,0.0
DDX59,0.0
DDX58,0.0
C11orf48,0.0
CNTN4,0.0
MARVELD3,0.0
EGLN1,0.0
DNAH3,0.0
PRR18,0.0
RNASEN,0.0
NCF1B,0.0
DDX50,0.0
CP110,0.0
SCARB2,0.0
KCNC1,0.0
HNRPDL,0.0
SLC41A2,0.0
GNAI1,0.0
KPTN,0.0
NHEJ1,0.0
TIMM13,0.0
UPF3A,0.0
PROM1,0.0
PROM2,0.0
MGC29506,0.0
RAB5A,0.0
TOR1AIP1,0.0
CNTN6,0.0
ANXA2,0.0
CNTN2,0.0
PCOTH,0.0
CPT1C,0.0
EMR2,0.0
EMR1,0.0
LITAF,0.0
ERAP1,0.0
CPT1A,0.0
WNT7B,0.0
RAB5C,0.0
CCDC46,0.0
CCDC47,0.0
CCDC48,0.0
TMEM136,0.0
TMEM131,0.0
TMEM130,0.0
HSD17B12,0.0
FLG,0.0
MCM3,0.0
MYBPC2,0.0
DNAH9,0.0
DNAH8,0.0
CNGA4,0.0
CDKL3,0.0
BBOX1,0.0
TRIM33,0.0
CDKL5,0.0
RASL10B,0.0
COASY,0.0
FAM177B,0.0
RASSF10,0.0
SPRY4,0.0
SPDYE3,0.0
TPM1,0.0
TRPC6,0.0
SPRY1,0.0
SFRP5,0.0
CNGA3,0.0
CNGA2,0.0
UBE2E1,0.0
NUPR1,0.0
RNPS1,0.0
BUB1,0.0
GATC,0.0
COX6C,0.0
SPDYE6,0.0
DNAH5,0.0
TP53BP2,0.0
DNAH6,0.0
CCDC43,0.0
PEX7,0.0
TRPV6,0.0
IL2RB,0.0
IL2RA,0.0
LOC643719,0.0
TRIM8,0.0
TRPV4,0.0
PEX2,0.0
LDLR,0.0
PEX3,0.0
MECP2,0.0
CTF1,0.0
CCDC41,0.0
DNAH1,0.0
MICAL2,0.0
C10orf2,0.0
RUSC1,0.0
C10orf4,0.0
MTSS1L,0.0
RIMBP2,0.0
COX8A,0.0
MB,0.0
DNAJC8,0.0
BRF1,0.0
UBE2L6,0.0
BRF2,0.0
YKT6,0.0
FAM70A,0.0
CUX2,0.0
CDC45,0.0
C8orf40,0.0
C8orf41,0.0
C8orf42,0.0
SP140,0.0
COL13A1,0.0
PREB,0.0
NFYA,0.0
HSD11B1L,0.0
CHAF1A,0.0
FAM70B,0.0
GSTT1,0.0
BCS1L,0.0
SCGB2A1,0.0
MICAL1,0.0
CEACAM21,0.0
SAPS1,0.0
PDZK1,0.0
TCHH,0.0
TDRD3,0.0
NUAK1,0.0
PDGFC,0.0
TCHP,0.0
SS18L1,0.0
C2CD4C,0.0
C2CD4B,0.0
C2CD4A,0.0
VPS28,0.0
GPR176,0.0
PHRF1,0.0
C8orf44,0.0
PCBD1,0.0
RPS24,0.0
RPS26,0.0
ERN1,0.0
KBTBD11,0.0
VARS2,0.0
OBP2A,0.0
VPS33B,0.0
C8orf47,0.0
C8orf48,0.0
TRIOBP,0.0
ALPK2,0.0
ALPK3,0.0
CCL26,0.0
CCL22,0.0
CCL20,0.0
CCL21,0.0
DIO3,0.0
TMBIM1,0.0
MGC16142,0.0
SYNPO2L,0.0
GPX8,0.0
NIF3L1,0.0
IL11RA,0.0
KIAA0240,0.0
KIAA0247,0.0
VWA2,0.0
PUS7,0.0
PDE6D,0.0
SLC4A10,0.0
PDE6G,0.0
GYLTL1B,0.0
NBAS,0.0
FLNB,0.0
ZIC2,0.0
LOC339674,0.0
UCHL1,0.0
CHMP1A,0.0
CHMP1B,0.0
OPRK1,0.0
ATRN,0.0
LEAP2,0.0
PRDM6,0.0
SOD1,0.0
SMARCA4,0.0
HSH2D,0.0
PDE6A,0.0
ADPGK,0.0
AIMP1,0.0
AIMP2,0.0
CSAG3,0.0
SCGB2A2,0.0
GPSM1,0.0
GPSM3,0.0
ZNF408,0.0
ZNF407,0.0
RNF126P1,0.0
ECEL1,0.0
RPL21P44,0.0
ULK1,0.0
PRELID2,0.0
CLN6,0.0
TPD52,0.0
SERPINC1,0.0
UBXN4,0.0
SOX30,0.0
DNAJC4,0.0
ZBTB20,0.0
RBX1,0.0
ZBTB22,0.0
SIGLEC9,0.0
SPESP1,0.0
BMPR2,0.0
RWDD1,0.0
RNF182,0.0
RNF183,0.0
PCDHGB1,0.0
RNF187,0.0
RNF185,0.0
SFXN5,0.0
TOR1AIP2,0.0
UBE2K,0.0
PCDHGB5,0.0
ZBTB24,0.0
CLVS1,0.0
CCDC97,0.0
CHMP2A,0.0
P2RY6,0.0
MRFAP1L1,0.0
ZNF227,0.0
TNMD,0.0
C1orf128,0.0
FCHO2,0.0
LRRC16A,0.0
PCCA,0.0
PCCB,0.0
C1orf123,0.0
C1orf122,0.0
C1orf125,0.0
CLN5,0.0
C1orf127,0.0
C1orf126,0.0
P2RY1,0.0
P2RY4,0.0
TJP1,0.0
PIN4,0.0
C2orf34,0.0
C2orf39,0.0
AUP1,0.0
CLN8,0.0
XK,0.0
SLMO1,0.0
CLN3,0.0
C1orf124,0.0
PCDHGA6,0.0
LAMC1,0.0
LAMC3,0.0
DTNBP1,0.0
DDN,0.0
DDO,0.0
PCDHGA9,0.0
DDT,0.0
ZNF143,0.0
BAHCC1,0.0
RIC8A,0.0
LOC100190938,0.0
RRP15,0.0
GEM,0.0
PHF2,0.0
GPR173,0.0
PHF7,0.0
GPR171,0.0
PPT1,0.0
ATP6V1G1,0.0
ATP6V1G2,0.0
WWC3,0.0
GPR179,0.0
RNF160,0.0
CDC14A,0.0
LOC148189,0.0
GUSBL1,0.0
GOSR1,0.0
PTPRVP,0.0
SLC18A2,0.0
GOSR2,0.0
ZNF701,0.0
CYP4F12,0.0
DNAJC3,0.0
DNAJC1,0.0
DNAJC7,0.0
DNAJC5,0.0
MS4A8B,0.0
RINL,0.0
PCDHGA7,0.0
SYT17,0.0
SYT11,0.0
SYT13,0.0
SYT12,0.0
BICC1,0.0
CLDND1,0.0
C16orf80,0.0
C16orf88,0.0
C16orf89,0.0
SKI,0.0
CCDC163P,0.0
PCDHGB4,0.0
HRAS,0.0
JMJD1C,0.0
MEGF11,0.0
MAMDC2,0.0
MAMDC4,0.0
ZFP30,0.0
POU2F1,0.0
CLEC12A,0.0
RP1,0.0
HIRIP3,0.0
AAGAB,0.0
PHOSPHO2,0.0
HMG20B,0.0
HMG20A,0.0
LOC400027,0.0
SYNJ1,0.0
CNPY3,0.0
CNPY4,0.0
WASH3P,0.0
SIX3,0.0
MR1,0.0
PM20D1,0.0
LOC283070,0.0
SOHLH2,0.0
TNXB,0.0
CMAH,0.0
LTK,0.0
KNDC1,0.0
KLHL2,0.0
KLHL5,0.0
TBX5,0.0
RSPH10B2,0.0
KDELR3,0.0
KATNA1,0.0
RFX8,0.0
SYPL2,0.0
NUDT9P1,0.0
GPR75,0.0
EFHA2,0.0
CHFR,0.0
ZNF354A,0.0
MRO,0.0
ZNF285,0.0
C3orf70,0.0
C3orf71,0.0
C4orf10,0.0
C3orf75,0.0
LYG1,0.0
CDV3,0.0
ST18,0.0
TEX19,0.0
MOBKL2C,0.0
ST14,0.0
KIAA0947,0.0
ZFP82,0.0
POMGNT1,0.0
AGTRAP,0.0
PHLDB2,0.0
ODF3L1,0.0
NDUFA12,0.0
ZNF740,0.0
PHYH,0.0
MTHFD2L,0.0
ZNF746,0.0
TSKU,0.0
GAD1,0.0
SLC5A5,0.0
BSCL2,0.0
PGBD2,0.0
ISCA1P1,0.0
APOOL,0.0
NDUFA11,0.0
DDB1,0.0
C18orf56,0.0
C18orf54,0.0
WFIKKN2,0.0
GOPC,0.0
TNFRSF13B,0.0
SYNE2,0.0
SYNE1,0.0
MPV17L2,0.0
SNX5,0.0
PLEK,0.0
LOC550643,0.0
PLEC,0.0
TMEM11,0.0
TMEM132C,0.0
WHAMML1,0.0
NT5C3L,0.0
DCHS1,0.0
TAS2R4,0.0
LOC728554,0.0
FATE1,0.0
C4orf19,0.0
KDM5A,0.0
CLDN18,0.0
NR2F1,0.0
SYNGR4,0.0
CLDN15,0.0
CLDN14,0.0
CLDN10,0.0
CLDN12,0.0
PDE4DIP,0.0
TMEM18,0.0
ZNF133,0.0
SPOCK3,0.0
PRDM12,0.0
GOLGA2B,0.0
CLDN19,0.0
C17orf69,0.0
C17orf68,0.0
C17orf67,0.0
C17orf63,0.0
CASQ2,0.0
C6orf138,0.0
C6orf136,0.0
TIGD4,0.0
XPNPEP1,0.0
UQCRC2,0.0
TMEM179B,0.0
APC,0.0
KLHL3,0.0
RFX3,0.0
NRXN1,0.0
NRXN3,0.0
RFX7,0.0
AVPR2,0.0
ZNF222,0.0
ARID3B,0.0
ICA1,0.0
SPG7,0.0
ATP2B1,0.0
PIH1D2,0.0
GLRX3,0.0
GLRX2,0.0
VPS37D,0.0
CTDSPL2,0.0
C17orf62,0.0
C17orf61,0.0
C17orf60,0.0
ZCCHC5,0.0
ZCCHC6,0.0
ZCCHC2,0.0
TBX4,0.0
WDFY4,0.0
ZCCHC9,0.0
LOC143188,0.0
KIAA1712,0.0
ADAM21P1,0.0
KIAA1632,0.0
ECT2,0.0
DNA2,0.0
C6orf130,0.0
UPP2,0.0
C6orf132,0.0
NDUFA4L2,0.0
KIAA0087,0.0
IPPK,0.0
WBP11,0.0
CHADL,0.0
SLCO2A1,0.0
LOC654342,0.0
STAM2,0.0
SPAG7,0.0
SPAG6,0.0
SPAG9,0.0
SPAG8,0.0
SOD2,0.0
NECAB2,0.0
DLEU7,0.0
DLEU1,0.0
DLEU2,0.0
CAPN1,0.0
CAPN2,0.0
CAPN3,0.0
TPI1P2,0.0
CAPN7,0.0
SLC7A6OS,0.0
ELFN2,0.0
ZNF696,0.0
FAM82A1,0.0
SGMS1,0.0
FAM82A2,0.0
FUT10,0.0
FUT11,0.0
KLHL9,0.0
KLHL8,0.0
SLC2A10,0.0
WAC,0.0
CAPN5,0.0
GLRX5,0.0
DARS,0.0
ADPRHL2,0.0
ADPRHL1,0.0
MUDENG,0.0
GLRB,0.0
TRIP13,0.0
PUS7L,0.0
P704P,0.0
CYBRD1,0.0
PPYR1,0.0
GRK5,0.0
P4HB,0.0
C19orf48,0.0
C19orf46,0.0
C19orf45,0.0
C19orf44,0.0
C19orf43,0.0
C19orf42,0.0
C19orf40,0.0
PHYHIP,0.0
S100A14,0.0
KIAA0664,0.0
DARC,0.0
WBP4,0.0
SPAG5,0.0
GRK4,0.0
ATP6V1F,0.0
EGFLAM,0.0
GPR17,0.0
A2LD1,0.0
TBCE,0.0
CSRP2,0.0
SNX30,0.0
CSRP1,0.0
PRRC1,0.0
MED11,0.0
KCNMA1,0.0
KIF2A,0.0
ELL3,0.0
LOC158696,0.0
PANK4,0.0
PANK2,0.0
PANK3,0.0
NPIP,0.0
ARNTL,0.0
ZG16B,0.0
C12orf32,0.0
EMX1,0.0
C12orf35,0.0
C12orf34,0.0
NHP2L1,0.0
ETAA1,0.0
MANF,0.0
LOC645323,0.0
C14orf159,0.0
GABARAP,0.0
PPME1,0.0
TAS2R14,0.0
PCDH1,0.0
HES5,0.0
GPR172B,0.0
GPR172A,0.0
TNFRSF17,0.0
SAMD9,0.0
ATP6V1A,0.0
GM2A,0.0
FKBPL,0.0
IL20,0.0
BET1L,0.0
TRIM63,0.0
IFT122,0.0
LRRC16B,0.0
TBCK,0.0
FCHO1,0.0
CHRNA10,0.0
ATP6V1H,0.0
DTL,0.0
HSD17B14,0.0
GRB14,0.0
HEATR5A,0.0
PADI1,0.0
FTSJD1,0.0
WASH7P,0.0
GRTP1,0.0
LETM1,0.0
RCAN2,0.0
RCAN1,0.0
TNFAIP6,0.0
NPDC1,0.0
EFCAB2,0.0
EFCAB1,0.0
HES6,0.0
FLNA,0.0
EFCAB5,0.0
GPX7,0.0
GPX4,0.0
GPX2,0.0
GPX3,0.0
RBM15,0.0
RBM16,0.0
RBM17,0.0
RBBP9,0.0
RAD51AP1,0.0
HFM1,0.0
HCG4,0.0
EFCAB7,0.0
ZNF324B,0.0
KIF2C,0.0
SP4,0.0
PDIA5,0.0
MCM10,0.0
PNOC,0.0
OLA1,0.0
SP2,0.0
SLC27A4,0.0
SP1,0.0
POU5F1B,0.0
IL10RA,0.0
RPL19P12,0.0
IFT80,0.0
CBS,0.0
GPX1,0.0
EBI3,0.0
CBL,0.0
ZNRF2,0.0
ZNRF3,0.0
ARNT2,0.0
MYBBP1A,0.0
RAP1GDS1,0.0
LOC643008,0.0
TMEM22,0.0
NFASC,0.0
FBRS,0.0
FEZ2,0.0
OMA1,0.0
KIF21B,0.0
STEAP1,0.0
RNF144A,0.0
RNF144B,0.0
SLC5A8,0.0
FEZ1,0.0
PCDHB19P,0.0
JRK,0.0
C21orf128,0.0
DPY19L3,0.0
GPR109B,0.0
DPY19L1,0.0
ULK2,0.0
DAPK2,0.0
DAPK3,0.0
BIVM,0.0
FAM165B,0.0
WHAMM,0.0
OSMR,0.0
C1GALT1,0.0
TUG1,0.0
GCLC,0.0
UBQLN2,0.0
GRHL3,0.0
DPY19L2,0.0
PORCN,0.0
PABPC4,0.0
C14orf19,0.0
MTP18,0.0
DNHD1,0.0
ZNF529,0.0
SIX4,0.0
TAF8,0.0
SIDT2,0.0
ZNF394,0.0
HAMP,0.0
RNF128,0.0
TST,0.0
ATP6V0E1,0.0
CREBBP,0.0
MLLT4,0.0
CFB,0.0
ZNF524,0.0
ZNF525,0.0
WFIKKN1,0.0
ZNF527,0.0
GRHL2,0.0
AVL9,0.0
GCLM,0.0
UBASH3A,0.0
DSCAM,0.0
ATP6V0E2,0.0
POLG2,0.0
LTB4R2,0.0
UBL3,0.0
TYROBP,0.0
ZNF135,0.0
NAPSA,0.0
FKBP9,0.0
ANKFY1,0.0
PNP,0.0
CFI,0.0
CFH,0.0
UPK2,0.0
STK19,0.0
LRGUK,0.0
ATG4D,0.0
LOC441208,0.0
THUMPD2,0.0
ATG4A,0.0
EHF,0.0
ZNF639,0.0
MAN2C1,0.0
SYMPK,0.0
SPRED3,0.0
C14orf156,0.0
GPR109A,0.0
C14orf153,0.0
MPHOSPH8,0.0
UBL7,0.0
BPTF,0.0
UBL5,0.0
MYO7B,0.0
GORAB,0.0
PITPNC1,0.0
TMEM39B,0.0
PREX1,0.0
TNN,0.0
TOMM70A,0.0
TMPRSS13,0.0
MAN1C1,0.0
STK16,0.0
C21orf125,0.0
ZFPL1,0.0
ATG4B,0.0
SP5,0.0
IGFBPL1,0.0
FKBP8,0.0
HES2,0.0
KCTD6,0.0
FKBP2,0.0
FKBP7,0.0
FKBP5,0.0
FKBP4,0.0
GPAT2,0.0
C21orf122,0.0
RLN1,0.0
VCPIP1,0.0
MERTK,0.0
CELF1,0.0
TBX18,0.0
CELF2,0.0
KRTAP5-9,0.0
FOXQ1,0.0
PHF13,0.0
PHF12,0.0
PHF11,0.0
PHF17,0.0
PDPR,0.0
PHF15,0.0
PHF14,0.0
DSCC1,0.0
ZNF337,0.0
ZBTB8OS,0.0
RLN2,0.0
MYO9A,0.0
MYO9B,0.0
RAVER1,0.0
PNLIPRP2,0.0
UBN1,0.0
UBN2,0.0
PHF16,0.0
PRKAR2A,0.0
EIF2B1,0.0
CEP250,0.0
CELF3,0.0
FGD2,0.0
FGD1,0.0
FGD4,0.0
FGD5,0.0
VGLL4,0.0
CELF5,0.0
CADM2,0.0
CADM4,0.0
UHRF2,0.0
CELF6,0.0
DPH3B,0.0
RNLS,0.0
BAGE2,0.0
MYH9,0.0
KEAP1,0.0
PIP5K1A,0.0
HHLA3,0.0
CNNM4,0.0
CNNM2,0.0
CNNM3,0.0
CNNM1,0.0
FAM149B1,0.0
VGLL3,0.0
BOD1L,0.0
CARD11,0.0
CYP21A2,0.0
NBR2,0.0
MAT2B,0.0
ATAD3C,0.0
ZBTB1,0.0
ZBTB2,0.0
ZBTB3,0.0
LOC649330,0.0
NKG7,0.0
UCN,0.0
MEGF6,0.0
ALX4,0.0
MGC21881,0.0
HN1L,0.0
C20orf108,0.0
LOC284379,0.0
ZMYND12,0.0
RIPK3,0.0
PXMP4,0.0
GNB2,0.0
PXMP2,0.0
COL24A1,0.0
CASC4,0.0
CASC5,0.0
YY1AP1,0.0
TIA1,0.0
PRSS8,0.0
PTGDS,0.0
SLC5A6,0.0
CCNB1IP1,0.0
SLC5A4,0.0
MEGF8,0.0
SLC5A1,0.0
EZH1,0.0
ZNF711,0.0
RB1,0.0
NAA40,0.0
LOC151534,0.0
RAVER2,0.0
EIF2B4,0.0
TMC3,0.0
APIP,0.0
KIAA1958,0.0
TMC6,0.0
MYO3A,0.0
TMC4,0.0
ZNF642,0.0
S1PR1,0.0
STK17A,0.0
S1PR2,0.0
C15orf29,0.0
ALX3,0.0
CEPT1,0.0
C9orf122,0.0
C9orf129,0.0
TTC1,0.0
LOC440944,0.0
SOX6,0.0
MECOM,0.0
FAM157B,0.0
TMEM14C,0.0
CABIN1,0.0
DHX37,0.0
DHX36,0.0
CSNK2A1P,0.0
DHX32,0.0
TRIB3,0.0
TRIB1,0.0
DHX38,0.0
SEC62,0.0
CTPS,0.0
STBD1,0.0
PLEKHA8,0.0
NETO2,0.0
RPP25,0.0
SPATA5,0.0
RPP21,0.0
TPT1,0.0
DHX34,0.0
CENPH,0.0
CENPJ,0.0
CENPK,0.0
CENPL,0.0
DPP10,0.0
CENPN,0.0
CDH6,0.0
CDH7,0.0
CDH4,0.0
PLEKHA7,0.0
PHACTR2,0.0
PLEKHA5,0.0
PLEKHA2,0.0
UCKL1,0.0
UCA1,0.0
PDXDC2,0.0
TRMU,0.0
CENPP,0.0
CENPQ,0.0
CENPT,0.0
CENPV,0.0
SSH1,0.0
PALM,0.0
WDR34,0.0
NETO1,0.0
PLEKHA3,0.0
PLEKHA4,0.0
EIF2B5,0.0
RPL41,0.0
SMAD5,0.0
CD1B,0.0
STK24,0.0
TREM2,0.0
TREM1,0.0
GPBP1,0.0
TSR2,0.0
TBC1D10A,0.0
ZNF415,0.0
SMAD4,0.0
ZNF767,0.0
ZNF503,0.0
FAM167A,0.0
FAM167B,0.0
THBS2,0.0
MYH3,0.0
MLF2,0.0
QPRT,0.0
ZNF876P,0.0
LOC389791,0.0
SLC36A4,0.0
TXNIP,0.0
C20orf54,0.0
XRRA1,0.0
WDYHV1,0.0
LOC100009676,0.0
ZNF765,0.0
ZNF768,0.0
VN1R1,0.0
MTR,0.0
LUM,0.0
AP4S1,0.0
MGAM,0.0
LAYN,0.0
ST8SIA5,0.0
ZNF501,0.0
PRIM2,0.0
EIF2B2,0.0
DOPEY2,0.0
CILP2,0.0
C18orf34,0.0
SUPT6H,0.0
C14orf79,0.0
FAM185A,0.0
LOC339047,0.0
WIF1,0.0
ECSIT,0.0
C14orf72,0.0
NKX2-8,0.0
PMCH,0.0
EIF2B3,0.0
DOPEY1,0.0
DPYSL3,0.0
DPYSL5,0.0
C11orf1,0.0
C11orf2,0.0
ZBED4,0.0
ACTC1,0.0
LAGE3,0.0
RASIP1,0.0
MDFI,0.0
NVL,0.0
RIMS4,0.0
SNPH,0.0
GNB3,0.0
LOC729375,0.0
TIFAB,0.0
ALDH4A1,0.0
ANG,0.0
TSN,0.0
FBXO10,0.0
TP53INP2,0.0
TP53INP1,0.0
TYRO3,0.0
FHL1,0.0
FHL2,0.0
ING1,0.0
PART1,0.0
SLC6A8,0.0
ADORA1,0.0
STX2,0.0
EPHB4,0.0
PARP9,0.0
EPHB6,0.0
EPHB1,0.0
EPHB2,0.0
RBM38,0.0
RBM39,0.0
GSN,0.0
RPS3A,0.0
CDK5R2,0.0
OSTM1,0.0
TXNDC15,0.0
CDK5R1,0.0
RBM34,0.0
TRIAP1,0.0
GK5,0.0
BCCIP,0.0
EPN3,0.0
IGFBP7,0.0
BOP1,0.0
IGFBP3,0.0
IGFBP2,0.0
C11orf9,0.0
RUNX2,0.0
RBM33,0.0
TMEM127,0.0
STAC3,0.0
ZNF395,0.0
VPS37C,0.0
GGCT,0.0
KHDRBS3,0.0
STXBP6,0.0
ADNP,0.0
PAPLN,0.0
GGCX,0.0
ZNHIT3,0.0
RAD51C,0.0
SLC10A5,0.0
DCLRE1B,0.0
NIT2,0.0
ZFP36L1,0.0
BAHD1,0.0
DIP2C,0.0
DIP2A,0.0
FLJ10661,0.0
LGI2,0.0
HMGXB4,0.0
WBP1,0.0
GATAD2A,0.0
TRMT2A,0.0
COL21A1,0.0
DCLRE1C,0.0
SLC10A6,0.0
SLC10A7,0.0
SH3GL2,0.0
ZFP3,0.0
ATP8B2,0.0
ZNF32,0.0
AK3L1,0.0
TXNDC16,0.0
DSN1,0.0
PAWR,0.0
ALDH7A1,0.0
WWC1,0.0
TRPA1,0.0
KIAA1751,0.0
ITPRIPL1,0.0
ZNF248,0.0
BSPRY,0.0
UGGT1,0.0
SULT1C4,0.0
TSGA10,0.0
UGGT2,0.0
FTH1,0.0
PUS10,0.0
FHL5,0.0
VASH2,0.0
RWDD2B,0.0
FLJ40852,0.0
NDUFB1,0.0
FAM160A2,0.0
C21orf88,0.0
CROCCL2,0.0
NDUFB7,0.0
TTC4,0.0
SKP2,0.0
IGFBP5,0.0
IGFBP4,0.0
MAPRE2,0.0
MAPRE3,0.0
MAPRE1,0.0
MED20,0.0
RIPK4,0.0
TBC1D20,0.0
STAP1,0.0
STAP2,0.0
C12orf59,0.0
FMNL1,0.0
FMNL3,0.0
C12orf51,0.0
ANKRD43,0.0
AQP3,0.0
ANKRD46,0.0
AQP4,0.0
AQP7,0.0
SH3BP4,0.0
CASC2,0.0
CASC3,0.0
NDUFB9,0.0
SLC6A6,0.0
C21orf81,0.0
C21orf82,0.0
SLC6A3,0.0
GLCCI1,0.0
RIPK2,0.0
BOLA2,0.0
BOLA3,0.0
NUDT16,0.0
GPR39,0.0
CUL4B,0.0
TAF1,0.0
CUL4A,0.0
C20orf103,0.0
C20orf107,0.0
C12orf57,0.0
LRPPRC,0.0
GPR34,0.0
KIAA1919,0.0
ZNF667,0.0
GSR,0.0
YDJC,0.0
WDR13,0.0
BOLA1,0.0
RNF213,0.0
SNHG8,0.0
LZTR1,0.0
FAM126A,0.0
RNF217,0.0
RNF215,0.0
GUCY1B3,0.0
GUCY1B2,0.0
NR1H2,0.0
SNHG6,0.0
PGGT1B,0.0
SNHG5,0.0
C15orf28,0.0
LOC100131551,0.0
YPEL2,0.0
C10orf137,0.0
BDNF,0.0
SEPT7,0.0
SEPT5,0.0
SEPT8,0.0
CC2D1A,0.0
GUCY2C,0.0
C14orf73,0.0
MED24,0.0
MED25,0.0
ADORA3,0.0
ZNF382,0.0
C15orf21,0.0
C15orf23,0.0
APLNR,0.0
GJA3,0.0
C15orf24,0.0
C15orf27,0.0
C15orf26,0.0
ZNF193,0.0
CKLF,0.0
CYP2R1,0.0
GSC,0.0
ZNF516,0.0
RNF212,0.0
MRRF,0.0
GTF2I,0.0
AFG3L1,0.0
SCARNA2,0.0
SCARNA5,0.0
SCARNA7,0.0
SCARNA9,0.0
NOP2,0.0
TM6SF2,0.0
ANKRD49,0.0
TBC1D24,0.0
AQP1,0.0
MED29,0.0
PHB,0.0
PLXNA2,0.0
PLXNA3,0.0
TPRG1,0.0
SOCS7,0.0
SEC31B,0.0
NR1H3,0.0
LOC254559,0.0
FBXO22OS,0.0
DYDC2,0.0
NLRC3,0.0
ELF3,0.0
TRAPPC6B,0.0
WDR37,0.0
GTF2IRD2B,0.0
AACS,0.0
MAP2K7,0.0
LOC642826,0.0
KIAA1875,0.0
ALDOB,0.0
ALDOC,0.0
ALDOA,0.0
PPP2R5E,0.0
TBC1D22B,0.0
SUCLG1,0.0
PHF6,0.0
ADCYAP1R1,0.0
PODNL1,0.0
BTAF1,0.0
TPRN,0.0
GRP,0.0
SDK2,0.0
H19,0.0
GHDC,0.0
RALGAPA2,0.0
FAM116A,0.0
FAM169A,0.0
CYP27B1,0.0
FBXL15,0.0
PLXNA1,0.0
BMPR1B,0.0
CACYBP,0.0
MAP2K3,0.0
LOC728323,0.0
MRPS25,0.0
JAKMIP3,0.0
SCAI,0.0
PEG3,0.0
PDE4D,0.0
MYT1,0.0
PDE4B,0.0
MAP3K10,0.0
KIAA1009,0.0
FBXL12,0.0
LOC100289341,0.0
MRPL28,0.0
SQLE,0.0
NENF,0.0
GAP43,0.0
PMM1,0.0
TACO1,0.0
PHLDA2,0.0
PHLDA3,0.0
LOC100132287,0.0
SWAP70,0.0
DENND4C,0.0
TMEM138,0.0
GLI2,0.0
RPL22L1,0.0
ZNF74,0.0
KITLG,0.0
ZNF76,0.0
DYX1C1,0.0
APLP1,0.0
PPP2R5D,0.0
TALDO1,0.0
PPCDC,0.0
PSMF1,0.0
PRDM4,0.0
DNAH12,0.0
SNORD116-4,0.0
TMEM231,0.0
COL18A1,0.0
PHF8,0.0
TSC22D2,0.0
ZNF772,0.0
ACY1,0.0
ACY3,0.0
DENND4B,0.0
DENND4A,0.0
LOC100132288,0.0
ABCC2,0.0
PHF1,0.0
ABCC3,0.0
ABCC5,0.0
ABCC4,0.0
ABCC9,0.0
ARC,0.0
SLC2A4RG,0.0
PHF3,0.0
SIGLEC10,0.0
ARX,0.0
NHEDC1,0.0
SMARCAL1,0.0
DNAH17,0.0
IFI35,0.0
DNAH14,0.0
ABCC6,0.0
C14orf179,0.0
C14orf176,0.0
MICA,0.0
CHST7,0.0
CHST4,0.0
CHST5,0.0
CHST2,0.0
ZNF879,0.0
CHST1,0.0
SLC35D2,0.0
COL4A2,0.0
COL4A3,0.0
GSTT2,0.0
CHST9,0.0
KIAA0895L,0.0
CCDC134,0.0
CORO2A,0.0
CORO2B,0.0
TSPAN18,0.0
GRLF1,0.0
GBP4,0.0
GBP6,0.0
EFS,0.0
ACSF2,0.0
GBP2,0.0
GBP3,0.0
COL4A4,0.0
FCGR1C,0.0
HDAC11,0.0
TUBGCP5,0.0
LOC152225,0.0
MYLK,0.0
PCTP,0.0
NIN,0.0
ATIC,0.0
IKBKB,0.0
MAN1A2,0.0
MAN1A1,0.0
ZBP1,0.0
GORASP1,0.0
CRHBP,0.0
SDHAF2,0.0
SDHAF1,0.0
SUMF2,0.0
AP4B1,0.0
FAM13B,0.0
PNMAL1,0.0
RGS18,0.0
CRTC2,0.0
CRTC3,0.0
CRTC1,0.0
SYNC,0.0
PPRC1,0.0
NCALD,0.0
DARS2,0.0
CD6,0.0
CD5,0.0
CD4,0.0
STARD4,0.0
PAPD5,0.0
THEG,0.0
PTH1R,0.0
SYN1,0.0
FBXL13,0.0
GABRB3,0.0
AKR1B1,0.0
TTYH2,0.0
HEATR7A,0.0
TGM1,0.0
LOC150622,0.0
VCAN,0.0
CHGA,0.0
HBEGF,0.0
CHRNB4,0.0
CHRNB2,0.0
FAM54B,0.0
STAT1,0.0
STAT2,0.0
CDA,0.0
SLITRK5,0.0
PLA2G10,0.0
LOC400752,0.0
SGEF,0.0
PTPLB,0.0
SURF2,0.0
GGNBP2,0.0
SYN2,0.0
AGTR1,0.0
STK36,0.0
POLE2,0.0
POLE3,0.0
STK31,0.0
OTOF,0.0
CD2,0.0
CCDC138,0.0
OTOA,0.0
CCDC132,0.0
GALK1,0.0
CCDC137,0.0
CCDC136,0.0
CCDC135,0.0
APH1A,0.0
CEP164,0.0
LOC727896,0.0
SLC17A5,0.0
CD9,0.0
PLA2G16,0.0
PCDHGA8,0.0
C11orf73,0.0
RGS13,0.0
FAAH,0.0
RGS14,0.0
RGS16,0.0
TCEAL8,0.0
TCEAL4,0.0
TCEAL6,0.0
TCEAL7,0.0
PLEKHG1,0.0
STON1,0.0
TCEAL3,0.0
DNAH10,0.0
SLC13A4,0.0
SLC13A2,0.0
PLEKHG3,0.0
SPATS2,0.0
ELF2,0.0
BTN2A2,0.0
BTN2A3,0.0
STRA13,0.0
RPS25,0.0
STOX2,0.0
MINA,0.0
CLEC16A,0.0
NFIA,0.0
TTC18,0.0
SLC24A4,0.0
C1orf190,0.0
IKZF2,0.0
IKZF3,0.0
IKZF1,0.0
IKZF4,0.0
IKZF5,0.0
NOM1,0.0
HRNR,0.0
MESDC1,0.0
LUZP2,0.0
C11orf74,0.0
C1orf194,0.0
IL4I1,0.0
SPPL3,0.0
KLRA1,0.0
HAP1,0.0
NUP93,0.0
LRRTM2,0.0
SLC12A2,0.0
XPC,0.0
TCOF1,0.0
LOC441204,0.0
DHX8,0.0
GRIN1,0.0
RAD23B,0.0
GOLGA6B,0.0
ZNF704,0.0
CAMK4,0.0
ZNF707,0.0
ZNF700,0.0
SPR,0.0
RPL37,0.0
CAMK1,0.0
DISC1,0.0
RBM14,0.0
ARHGEF10L,0.0
SELS,0.0
SMN2,0.0
GSTK1,0.0
BCL6B,0.0
PTRF,0.0
TULP3,0.0
PLAA,0.0
CFL1,0.0
LUZP6,0.0
ACAP1,0.0
FOXD2,0.0
ODF2L,0.0
DNASE2B,0.0
LDHC,0.0
LDHB,0.0
SELP,0.0
ST6GALNAC4,0.0
MYCL1,0.0
TIMM22,0.0
KDR,0.0
SELK,0.0
ZNF219,0.0
RGS10,0.0
LDHD,0.0
TTLL12,0.0
TTLL13,0.0
TTLL10,0.0
TTLL11,0.0
RNF115,0.0
BRPF3,0.0
RIMBP3,0.0
CDR1,0.0
PRPS1,0.0
CAND1,0.0
CAND2,0.0
PRPS2,0.0
MRPL21,0.0
RPS23,0.0
ELF4,0.0
SPN,0.0
ZC3H14,0.0
RNF112,0.0
BRPF1,0.0
ENPP2,0.0
ENPP5,0.0
ENPP6,0.0
KIAA1244,0.0
CPS1,0.0
TP53I13,0.0
SLC2A6,0.0
DKKL1,0.0
PTMS,0.0
ITGA5,0.0
ITGA4,0.0
ITGA3,0.0
C16orf86,0.0
ITGA1,0.0
ATP2A3,0.0
ATP2A1,0.0
STK40,0.0
ITGA9,0.0
HCG2P7,0.0
ZKSCAN1,0.0
ICT1,0.0
TGFA,0.0
SMYD1,0.0
TSPAN17,0.0
DNM2,0.0
DNM3,0.0
ITGA2,0.0
GLI4,0.0
SLCO3A1,0.0
MAFB,0.0
KIAA1715,0.0
TP53I11,0.0
EP400NL,0.0
EDN2,0.0
EDN1,0.0
GOLGA7,0.0
GOLGA5,0.0
GOLGA4,0.0
GOLGA1,0.0
ENPP3,0.0
RYR2,0.0
RYR3,0.0
TGFBR2,0.0
SLC46A1,0.0
ZZEF1,0.0
SLC47A2,0.0
FZR1,0.0
CIRH1A,0.0
CSNK2A1,0.0
CSNK2A2,0.0
GIPC2,0.0
GIPC1,0.0
BTN3A3,0.0
YIF1B,0.0
GTSE1,0.0
COL7A1,0.0
RAB40A,0.0
RAB40C,0.0
RHEB,0.0
OPA3,0.0
ZNF646,0.0
GOLIM4,0.0
STRN4,0.0
SLC14A1,0.0
MRPL48,0.0
BTBD2,0.0
UBE2L3,0.0
BTBD7,0.0
BTBD8,0.0
BTBD9,0.0
PCNP,0.0
ETV7,0.0
ETV4,0.0
ETV5,0.0
STRN3,0.0
PLAT,0.0
EVPL,0.0
CNIH,0.0
C11orf70,0.0
C11orf71,0.0
BTBD1,0.0
DNM1,0.0
LONP1,0.0
STAB2,0.0
PDGFA,0.0
KDM5B,0.0
SLC14A2,0.0
AGXT2L2,0.0
AGXT2L1,0.0
ZNF281,0.0
C9orf106,0.0
ZNF283,0.0
ZNF160,0.0
FAM183A,0.0
C9orf102,0.0
C9orf100,0.0
STK25,0.0
LOC440925,0.0
CNFN,0.0
C9orf109,0.0
ZPLD1,0.0
SDK1,0.0
PLAU,0.0
SPPL2A,0.0
KIAA0831,0.0
PSAP,0.0
ARFRP1,0.0
C9orf103,0.0
ZNF263,0.0
ZNF260,0.0
ZNF266,0.0
ZNF264,0.0
ROPN1L,0.0
NFE2L2,0.0
NFE2L3,0.0
HERC2P4,0.0
C20orf96,0.0
MURC,0.0
PLBD1,0.0
CCDC112,0.0
LRTM2,0.0
CCDC116,0.0
EDA,0.0
CRTAM,0.0
SIPA1,0.0
BFAR,0.0
COX4I1,0.0
COX4I2,0.0
MGC57346,0.0
TCEA1,0.0
TCEA3,0.0
C17orf42,0.0
C17orf44,0.0
CCDC114,0.0
KGFLP2,0.0
ATP1A1,0.0
ATP1A2,0.0
ATP1A3,0.0
ATP1A4,0.0
CCDC110,0.0
TMEM170A,0.0
RPLP0P2,0.0
HPS3,0.0
HPS6,0.0
HPS4,0.0
HPS5,0.0
ARAP2,0.0
TIMP2,0.0
AVPR1A,0.0
LILRA3,0.0
LILRA2,0.0
FAM111A,0.0
LILRA4,0.0
PTPN20B,0.0
KIF13A,0.0
C17orf47,0.0
C17orf46,0.0
LOC440905,0.0
ZNF467,0.0
ZNF268,0.0
UPRT,0.0
LOC100130776,0.0
ARID1A,0.0
ARID1B,0.0
FTSJ3,0.0
FTSJ2,0.0
PPP2R4,0.0
C19orf61,0.0
C19orf60,0.0
C19orf62,0.0
ZNF706,0.0
YPEL4,0.0
C19orf66,0.0
IAH1,0.0
TCEANC,0.0
RBBP5,0.0
UTP15,0.0
RBBP6,0.0
MYO5A,0.0
ZC3H10,0.0
MLLT10,0.0
RAB41,0.0
NCR3,0.0
NLGN4X,0.0
C11orf54,0.0
C11orf57,0.0
PRR24,0.0
BTF3L4,0.0
SIGLEC16,0.0
ZC3H11A,0.0
AKD1,0.0
HPSE,0.0
SARNP,0.0
CEP350,0.0
STK17B,0.0
CACHD1,0.0
KIRREL3,0.0
ROBLD3,0.0
RBBP8,0.0
SCAND3,0.0
MANEA,0.0
C17orf49,0.0
C17orf48,0.0
TM2D1,0.0
CYB5R2,0.0
CYB5R3,0.0
CYB5R4,0.0
OSCAR,0.0
YIPF4,0.0
KLF8,0.0
YIPF3,0.0
DHRS4L2,0.0
DHRS4L1,0.0
RHOD,0.0
FRMD4B,0.0
ZNF780B,0.0
ZNF780A,0.0
LOC100129637,0.0
OSGEP,0.0
BEGAIN,0.0
CPEB3,0.0
ZNF45,0.0
CPEB1,0.0
CPEB4,0.0
ABCA3,0.0
ABCA5,0.0
ABCA4,0.0
MGRN1,0.0
ALB,0.0
NTS,0.0
PLCG2,0.0
ZFYVE21,0.0
CXorf22,0.0
CXorf23,0.0
CXorf21,0.0
CXorf26,0.0
GRAMD1B,0.0
GRAMD1C,0.0
ALDH9A1,0.0
MVD,0.0
PSMD2,0.0
ABCA6,0.0
UBE2J2,0.0
STT3B,0.0
ADCYAP1,0.0
PLCL1,0.0
LETM2,0.0
CBLB,0.0
HSD11B2,0.0
ARVCF,0.0
BEND3,0.0
BEND5,0.0
BEND4,0.0
BEND7,0.0
TLN2,0.0
STXBP1,0.0
PARVG,0.0
SMYD4,0.0
PARVA,0.0
RBM19,0.0
PARVB,0.0
ICA1L,0.0
TUBAL3,0.0
CCNYL1,0.0
KCTD11,0.0
RXRA,0.0
RHEBL1,0.0
FRG1,0.0
BEND6,0.0
ZNF16,0.0
ZNF14,0.0
DKK3,0.0
DKK2,0.0
FAM111B,0.0
NMUR1,0.0
NAF1,0.0
COPS7A,0.0
CIDECP,0.0
ST6GALNAC2,0.0
COPS7B,0.0
ST6GALNAC5,0.0
PSMD1,0.0
NDUFA10,0.0
RRN3,0.0
TIMP4,0.0
KIAA1731,0.0
SCN8A,0.0
RABGGTB,0.0
DKK1,0.0
CUEDC2,0.0
CUEDC1,0.0
DPT,0.0
SPHK1,0.0
CRTAP,0.0
TCP1,0.0
MCFD2,0.0
FLAD1,0.0
PSMD7,0.0
PSMD4,0.0
PSMD5,0.0
HAND2,0.0
MT2A,0.0
HARBI1,0.0
ABCA9,0.0
ABCA8,0.0
LRRC14,0.0
TUBGCP4,0.0
TUBGCP2,0.0
ZNF10,0.0
ABCA1,0.0
KIAA1737,0.0
BANP,0.0
SPON1,0.0
SPON2,0.0
HIST2H4A,0.0
BAT3,0.0
BAT4,0.0
SELPLG,0.0
PLEKHG4B,0.0
TMEM132B,0.0
CLLU1,0.0
ZNF12,0.0
RFT1,0.0
CTNNA1,0.0
TRIO,0.0
RGS4,0.0
SLC13A5,0.0
MTHFS,0.0
INTS9,0.0
INTS4,0.0
C14orf37,0.0
INTS7,0.0
KLRC2,0.0
INTS1,0.0
INTS3,0.0
C11orf51,0.0
PITPNB,0.0
CEBPZ,0.0
BGN,0.0
EPB41L4B,0.0
RNF138P1,0.0
TM7SF3,0.0
NFYC,0.0
ZNF777,0.0
FES,0.0
LIMCH1,0.0
FUCA2,0.0
SLC1A1,0.0
YTHDF2,0.0
TRIL,0.0
RALGAPB,0.0
CEBPD,0.0
TRAT1,0.0
CEBPA,0.0
ZNF721,0.0
SOX4,0.0
SOX7,0.0
RNF32,0.0
BBC3,0.0
SOX2,0.0
LOC100131691,0.0
PPIEL,0.0
CTNNA2,0.0
HOXA11AS,0.0
IGF2R,0.0
AMMECR1L,0.0
MUS81,0.0
SMAD3,0.0
AFTPH,0.0
SMAD1,0.0
GOLPH3L,0.0
SMAD6,0.0
LQK1,0.0
LRPAP1,0.0
LOC653501,0.0
TRERF1,0.0
TFDP1,0.0
NOG,0.0
GPSM2,0.0
BCL2A1,0.0
ITGAX,0.0
MAPK8IP1,0.0
MPP5,0.0
LOC440354,0.0
RGS12,0.0
GPT,0.0
ZFP106,0.0
LOC440356,0.0
ETFDH,0.0
TCEAL2,0.0
EXTL2,0.0
EXTL1,0.0
PRPSAP2,0.0
GPI,0.0
PRPSAP1,0.0
GP6,0.0
GP5,0.0
FAM110B,0.0
FAM110C,0.0
GSPT2,0.0
PLCB3,0.0
SYNM,0.0
IKBKG,0.0
STAU2,0.0
FAM181B,0.0
CTNNA3,0.0
MPP7,0.0
CHSY1,0.0
TSNARE1,0.0
LINGO1,0.0
LINGO3,0.0
MYL9,0.0
CLDND2,0.0
PTENP1,0.0
BLCAP,0.0
MYL3,0.0
HIBCH,0.0
MYL4,0.0
MYL7,0.0
MYL6,0.0
EPB41L4A,0.0
INHBA,0.0
FAM110A,0.0
FAM134B,0.0
FAM134C,0.0
NOV,0.0
HLF,0.0
ITGAM,0.0
ITGAL,0.0
ZNF703,0.0
MYL5,0.0
S100A7A,0.0
OBP2B,0.0
WASF1,0.0
CD93,0.0
CCDC106,0.0
CD97,0.0
CD96,0.0
CD99,0.0
EIF4B,0.0
BCAR3,0.0
BCAR1,0.0
LOC151162,0.0
XRCC5,0.0
ITIH5,0.0
ITIH2,0.0
ITIH3,0.0
NHLH1,0.0
KCTD16,0.0
TMEM161A,0.0
CIRBP,0.0
HDAC9,0.0
HDAC6,0.0
HDAC7,0.0
HDAC4,0.0
HDAC5,0.0
EFNB1,0.0
ITIH4,0.0
C11orf52,0.0
C11orf53,0.0
HSF2BP,0.0
TBC1D3C,0.0
DERL3,0.0
DERL2,0.0
DERL1,0.0
EIF4E,0.0
RAG1,0.0
TCEA2,0.0
RNF111,0.0
ART4,0.0
HIATL1,0.0
HERC2P2,0.0
ARTN,0.0
C14orf118,0.0
TMEM213,0.0
ZC3H15,0.0
RPL31P11,0.0
ST13,0.0
SLC36A1,0.0
CKS1B,0.0
IL1RAPL2,0.0
CLEC10A,0.0
CYB5RL,0.0
ZBTB45,0.0
ART5,0.0
GMPPA,0.0
CSTA,0.0
SNW1,0.0
SKAP1,0.0
AURKAPS1,0.0
MRM1,0.0
USP5,0.0
USP4,0.0
USP12,0.0
SLC6A9,0.0
RPL36A,0.0
LOC441089,0.0
HDAC3,0.0
SRCAP,0.0
CDYL2,0.0
TNS4,0.0
AMIGO2,0.0
AMIGO3,0.0
AMIGO1,0.0
ENDOD1,0.0
RAD51,0.0
SMAD9,0.0
SERPING1,0.0
FAM134A,0.0
ZNF547,0.0
STX5,0.0
STRADA,0.0
EFNB3,0.0
CST5,0.0
CST4,0.0
CST7,0.0
CST6,0.0
CST1,0.0
CST2,0.0
ZNF512B,0.0
TRAPPC10,0.0
CHPT1,0.0
SKAP2,0.0
CDT1,0.0
REEP1,0.0
FILIP1,0.0
FLJ13197,0.0
SOBP,0.0
NMI,0.0
RAD52,0.0
RPL10A,0.0
KL,0.0
OIT3,0.0
OXGR1,0.0
JOSD2,0.0
TOB1,0.0
CMC1,0.0
ESM1,0.0
LOC100130522,0.0
DYRK3,0.0
RHOC,0.0
PRKDC,0.0
TUSC2,0.0
SF3B1,0.0
GALNTL2,0.0
ZNF323,0.0
GALNTL1,0.0
GALNTL6,0.0
TSSK4,0.0
GALNTL4,0.0
RAD54B,0.0
CENPE,0.0
FAM188A,0.0
KIF21A,0.0
ELL2,0.0
DDB2,0.0
PBK,0.0
FLNC,0.0
INHBB,0.0
NR2F6,0.0
PRKAB2,0.0
WFDC2,0.0
TLL2,0.0
ENPEP,0.0
FAM160B2,0.0
CSGALNACT2,0.0
TREML1,0.0
RHOU,0.0
WDR54,0.0
PPARD,0.0
PPARG,0.0
HOXB5,0.0
HOXB4,0.0
HOXB6,0.0
HOXB2,0.0
HOXA10,0.0
HOXA11,0.0
DYRK2,0.0
NCRNA00188,0.0
ASH2L,0.0
PLXND1,0.0
NCRNA00182,0.0
NCRNA00183,0.0
MORC2,0.0
NCRNA00181,0.0
EFCAB4A,0.0
EML3,0.0
CD14,0.0
ST7OT3,0.0
MAGOHB,0.0
DYRK4,0.0
PCDHGB8P,0.0
VPREB3,0.0
ZNF800,0.0
PRKD3,0.0
PRKD2,0.0
PPP1R15B,0.0
HSPE1,0.0
LPIN2,0.0
PRODH,0.0
EIF2S2,0.0
EIF2S1,0.0
HOXA13,0.0
LY6G6C,0.0
LHFPL2,0.0
CHMP6,0.0
KIAA0391,0.0
RAET1G,0.0
RPL36AL,0.0
GRN,0.0
MYO1A,0.0
MYO1B,0.0
HEATR4,0.0
MT3,0.0
HEATR6,0.0
EFR3B,0.0
KLF9,0.0
EFR3A,0.0
CTPS2,0.0
LHFPL1,0.0
RGMB,0.0
GADD45G,0.0
LHFPL5,0.0
RBMS2,0.0
TIGD1,0.0
APOBEC3B,0.0
APOBEC3C,0.0
APOBEC3A,0.0
APOBEC3G,0.0
APOBEC3H,0.0
CYP2C8,0.0
RFC5,0.0
ST7L,0.0
MCAT,0.0
MCAM,0.0
GRID1,0.0
LOC144438,0.0
INHBE,0.0
RIMS1,0.0
MYO1C,0.0
GIPR,0.0
NAA20,0.0
MSR1,0.0
FAM109A,0.0
FAM109B,0.0
TRPS1,0.0
TMEM184C,0.0
LOC100288778,0.0
UTP14A,0.0
TMEM215,0.0
RIOK1,0.0
PAN2,0.0
ZNF177,0.0
CAMK2G,0.0
WIPF2,0.0
CAMK2D,0.0
ATXN7L2,0.0
NPR3,0.0
CSGALNACT1,0.0
ZMYM2,0.0
RPL19,0.0
ZSCAN18,0.0
S100PBP,0.0
RNF114,0.0
LGALS4,0.0
LGALS7,0.0
LGALS1,0.0
LGALS9,0.0
SRR,0.0
SRM,0.0
SRL,0.0
SUN1,0.0
NPR2,0.0
COMMD7,0.0
COMMD6,0.0
COMMD1,0.0
COMMD3,0.0
KANK1,0.0
COMMD9,0.0
COMMD8,0.0
ZNF585A,0.0
SRP54,0.0
PMAIP1,0.0
MOCS1,0.0
METTL14,0.0
SMAD5OS,0.0
METTL13,0.0
ASAP1,0.0
TRNT1,0.0
MYO16,0.0
EREG,0.0
NMB,0.0
SMS,0.0
HN1,0.0
EIF2AK4,0.0
TDG,0.0
EIF2AK2,0.0
EIF2AK3,0.0
ERCC6L,0.0
METTL10,0.0
LOC100134229,0.0
POLR1E,0.0
POLR1D,0.0
POLR1C,0.0
POLR1B,0.0
POLR1A,0.0
ANO3,0.0
LOC729020,0.0
ZNF507,0.0
HOXB9,0.0
HOXB8,0.0
GRM3,0.0
SRI,0.0
GRM7,0.0
GRM5,0.0
GRM4,0.0
JAK1,0.0
JAK3,0.0
GRM8,0.0
GTF2B,0.0
TTC21B,0.0
TNFSF12,0.0
RHOJ,0.0
C1QTNF9B,0.0
POLR2E,0.0
C5orf13,0.0
GRM1,0.0
LPAR4,0.0
JAK2,0.0
SHFM1,0.0
ANO2,0.0
ANO1,0.0
ANO7,0.0
ANO6,0.0
ANO5,0.0
ANO4,0.0
CD1A,0.0
ANO9,0.0
ANO8,0.0
COL3A1,0.0
ENOX1,0.0
SEC16A,0.0
TROAP,0.0
SLC30A9,0.0
C6orf155,0.0
C6orf153,0.0
UBE2N,0.0
USP54,0.0
WDR48,0.0
HCG22,0.0
WDR45,0.0
TCP11L1,0.0
PEX26,0.0
CD1D,0.0
KIAA0415,0.0
GTF2IRD2,0.0
GTF2IRD1,0.0
ZNF274,0.0
LAT2,0.0
ENG,0.0
RAPGEF4,0.0
TMEM154,0.0
PARP2,0.0
SEPT11,0.0
SLC46A2,0.0
CEACAM6,0.0
GYG2,0.0
CEACAM4,0.0
THADA,0.0
F12,0.0
AGMAT,0.0
PCDHGC4,0.0
CHAC2,0.0
LSM12,0.0
LPAR6,0.0
RELA,0.0
TMEM115,0.0
SGK494,0.0
THSD1,0.0
CEACAM7,0.0
TBC1D3B,0.0
FAM24B,0.0
PLAGL1,0.0
HKR1,0.0
PLAGL2,0.0
DIXDC1,0.0
SLC25A5,0.0
ECHS1,0.0
SLC2A1,0.0
SLC2A3,0.0
ATRIP,0.0
CEACAM1,0.0
ZNF581,0.0
ZBTB8B,0.0
ZBTB8A,0.0
EXO1,0.0
C1orf115,0.0
MADD,0.0
SLC1A6,0.0
C1orf116,0.0
MTDH,0.0
IGFL1,0.0
CCAR1,0.0
IGFL3,0.0
MCM8,0.0
SOX2OT,0.0
SHKBP1,0.0
SEPT12,0.0
TIGD7,0.0
ADHFE1,0.0
TIGD5,0.0
FAM81B,0.0
C21orf45,0.0
RCOR2,0.0
FAM81A,0.0
ELMOD1,0.0
LOC81691,0.0
FIGNL2,0.0
SLC24A2,0.0
U2AF2,0.0
UGT2B10,0.0
PVALB,0.0
PRKRA,0.0
ZNF214,0.0
OXSM,0.0
H1FX,0.0
TIPIN,0.0
PIP5K1B,0.0
NTM,0.0
SLC24A3,0.0
RASSF8,0.0
ELMOD2,0.0
MRC2,0.0
S1PR5,0.0
ZNF589,0.0
ZNF587,0.0
ZNF584,0.0
ZNF582,0.0
ZNF621,0.0
CYP4B1,0.0
TNR,0.0
TMEM67,0.0
MOCOS,0.0
TMEM126B,0.0
TMEM126A,0.0
SERPINA12,0.0
FLT4,0.0
SNCA,0.0
LOC219347,0.0
SLC27A1,0.0
IQUB,0.0
SNORD1C,0.0
EXOG,0.0
UGT2B15,0.0
GSG1L,0.0
PODN,0.0
FLT1,0.0
C21orf49,0.0
FLT3,0.0
PPDPF,0.0
CDKAL1,0.0
VCL,0.0
RSPH4A,0.0
ATP13A2,0.0
LRRC10B,0.0
YEATS4,0.0
DLEU2L,0.0
ZNF549,0.0
SLC1A7,0.0
SLC1A4,0.0
DDA1,0.0
ADNP2,0.0
MAP3K13,0.0
SLC1A5,0.0
FCGR1A,0.0
FCGR1B,0.0
DCTPP1,0.0
OSBPL1A,0.0
DHTKD1,0.0
MYO1E,0.0
MYO1F,0.0
MYO1G,0.0
MTRF1L,0.0
TMEM123,0.0
LOC441046,0.0
ZP3,0.0
LPAR5,0.0
MAP3K12,0.0
TMEM223,0.0
TMEM222,0.0
KLF1,0.0
KLF2,0.0
CERKL,0.0
KLF7,0.0
GYG1,0.0
LOC286002,0.0
ATP13A1,0.0
NUP37,0.0
NUP35,0.0
MUSTN1,0.0
FAM60A,0.0
PHF21A,0.0
DEDD,0.0
CCNA2,0.0
BATF3,0.0
ASCC3,0.0
REST,0.0
HEATR1,0.0
TTC23L,0.0
HEATR3,0.0
HEATR2,0.0
SNTG2,0.0
CAMKK1,0.0
PSD,0.0
KLRK1,0.0
CCNL2,0.0
JAKMIP2,0.0
CCNL1,0.0
PHF21B,0.0
RPS28,0.0
DYRK1A,0.0
RABIF,0.0
RSPO4,0.0
SLC2A5,0.0
PTGES2,0.0
PTGES3,0.0
SLC2A8,0.0
LOC84856,0.0
OSBPL10,0.0
HRC,0.0
SNAI1,0.0
SNAI3,0.0
SNAI2,0.0
IL15RA,0.0
CCRN4L,0.0
IMPA1,0.0
BAZ1A,0.0
C1orf111,0.0
LOC100270710,0.0
TBC1D3H,0.0
SYF2,0.0
SLC2A9,0.0
HOXA9,0.0
P2RX2,0.0
MIPEP,0.0
RARS,0.0
DHRS3,0.0
DHRS2,0.0
DHRS4,0.0
DHRS7,0.0
DHRS9,0.0
FAM163A,0.0
RARB,0.0
GNL1,0.0
DHRSX,0.0
ENTHD1,0.0
SNHG3,0.0
RG9MTD2,0.0
UNC93B1,0.0
IKBKE,0.0
NOMO1,0.0
SLC11A2,0.0
NOMO2,0.0
PCYT2,0.0
GNLY,0.0
SLIT2,0.0
TPO,0.0
GHRLOS,0.0
GNL3,0.0
HNRNPAB,0.0
ATG7,0.0
SLC16A11,0.0
GLT25D1,0.0
ATG3,0.0
RPL22,0.0
RPL23,0.0
SLC35B3,0.0
RPL21,0.0
RPL26,0.0
RPL27,0.0
RPL24,0.0
COMMD4,0.0
CCNJL,0.0
ILKAP,0.0
OAZ2,0.0
CD24,0.0
KIAA0495,0.0
MRPS2,0.0
TNIP1,0.0
CALHM2,0.0
USE1,0.0
HPX,0.0
MPND,0.0
EYA2,0.0
NANS,0.0
ZSCAN20,0.0
CYP4F22,0.0
GALM,0.0
IGSF21,0.0
GALE,0.0
KIAA1328,0.0
PHF5A,0.0
HMGCS2,0.0
HMGCS1,0.0
RPL28,0.0
PRICKLE4,0.0
PRICKLE3,0.0
ATG5,0.0
PRICKLE1,0.0
ALDH1A3,0.0
ALDH1A2,0.0
ALDH1A1,0.0
LOC220930,0.0
NCRNA00081,0.0
LOC654433,0.0
LOC100270746,0.0
RARG,0.0
FCGR3B,0.0
FCGR3A,0.0
RASGRP1,0.0
LOC100132247,0.0
PRICKLE2,0.0
PPTC7,0.0
FXYD3,0.0
FXYD2,0.0
FXYD7,0.0
HAVCR2,0.0
FAM26E,0.0
RBP5,0.0
RBP4,0.0
PRINS,0.0
RBP1,0.0
KDM4D,0.0
HCG27,0.0
EYA3,0.0
ZIC5,0.0
MED15,0.0
RNF24,0.0
WT1,0.0
MED14,0.0
NCRNA00110,0.0
MED13,0.0
SNRNP35,0.0
ZNF79,0.0
PIGA,0.0
MID1IP1,0.0
ACSL5,0.0
ADAM8,0.0
MED16,0.0
MRPS5,0.0
SOX5,0.0
SPINK5,0.0
FAM26F,0.0
TMED9,0.0
OAZ1,0.0
OAZ3,0.0
SRRM1,0.0
RHPN2,0.0
OLR1,0.0
INPPL1,0.0
RHPN1,0.0
KIAA0146,0.0
NDFIP2,0.0
PIGZ,0.0
PIGY,0.0
PIGW,0.0
PIGV,0.0
PIGU,0.0
KDM4A,0.0
RBPJ,0.0
PLIN3,0.0
IGFN1,0.0
PLIN5,0.0
DMGDH,0.0
MAFK,0.0
ELAC1,0.0
MYO5B,0.0
ZFAND1,0.0
SV2B,0.0
PUF60,0.0
ORC2L,0.0
ZYG11A,0.0
MGST3,0.0
NAPRT1,0.0
TBC1D5,0.0
PECR,0.0
USP8,0.0
C10orf41,0.0
ZSCAN21,0.0
C10orf47,0.0
LOC154822,0.0
TPRG1L,0.0
NEU1,0.0
CYP2E1,0.0
UEVLD,0.0
NANOS3,0.0
ACAD8,0.0
ATOX1,0.0
PPP1R11,0.0
POLA1,0.0
SCRN1,0.0
SCRN2,0.0
NEU3,0.0
FRAS1,0.0
CD200,0.0
LAIR2,0.0
IFNGR2,0.0
LAIR1,0.0
ALPL,0.0
SMAP1,0.0
UMPS,0.0
MAFG,0.0
LENG1,0.0
CX3CL1,0.0
MADCAM1,0.0
PECI,0.0
SIRT7,0.0
PHACTR3,0.0
HCP5,0.0
USP42,0.0
PPARGC1B,0.0
PPARGC1A,0.0
TBCD,0.0
PYCRL,0.0
SCRN3,0.0
CDK11B,0.0
CDK11A,0.0
RAD50,0.0
PPID,0.0
CANX,0.0
DHX58,0.0
DEF6,0.0
RPS8,0.0
RPS9,0.0
GALT,0.0
SLC6A14,0.0
SEC61A2,0.0
SEC61A1,0.0
MYO5C,0.0
LNPEP,0.0
PDK4,0.0
EBP,0.0
MEX3B,0.0
PDK3,0.0
PDK1,0.0
ITGAE,0.0
RAET1L,0.0
MGST2,0.0
ITGAD,0.0
LOC389458,0.0
MCM3AP,0.0
CSNK2B,0.0
KIAA0556,0.0
SCARNA17,0.0
ADRB1,0.0
TAPBP,0.0
PDK2,0.0
VDAC1,0.0
ADAMTS18,0.0
ADAMTS19,0.0
ADAMTS16,0.0
ADAMTS14,0.0
DHDH,0.0
ADAMTS12,0.0
ADAMTS13,0.0
ADAMTS10,0.0
RPS7,0.0
WSB1,0.0
PPP1R16A,0.0
TRABD,0.0
ULBP1,0.0
FAM199X,0.0
SLC6A16,0.0
RFX6,0.0
SLC6A12,0.0
TMEM205,0.0
TMEM204,0.0
ARPP19,0.0
TSPAN2,0.0
SNRPD3,0.0
ZW10,0.0
DEF8,0.0
DHX57,0.0
STK32C,0.0
LRRC29,0.0
SEMA6D,0.0
LOX,0.0
KIAA1033,0.0
MPDU1,0.0
LRRC24,0.0
KIAA1524,0.0
LRRC26,0.0
TBX2,0.0
XIST,0.0
PLAUR,0.0
VSIG10L,0.0
ACSL6,0.0
HIST1H2AM,0.0
TFF2,0.0
JUND,0.0
JUNB,0.0
KALRN,0.0
SH2D4A,0.0
ACVR1,0.0
BRE,0.0
DECR2,0.0
ZNF487,0.0
IGFALS,0.0
TMC5,0.0
ZNF484,0.0
OCRL,0.0
RPL9,0.0
RUFY4,0.0
WFDC3,0.0
ZNF624,0.0
OGFOD2,0.0
ZNF629,0.0
OGFOD1,0.0
RPS14,0.0
PYROXD1,0.0
ADK,0.0
ZNF77,0.0
ADM,0.0
KIAA1529,0.0
ADA,0.0
ADC,0.0
MANBAL,0.0
TMEM120B,0.0
OR2A7,0.0
RPL5,0.0
S100A8,0.0
APAF1,0.0
RPL4,0.0
RPL7,0.0
UGT2B11,0.0
PPIL1,0.0
FHDC1,0.0
ADO,0.0
TRAF5,0.0
TRAF4,0.0
TRAF2,0.0
TMPRSS9,0.0
FAM179B,0.0
PTPN1,0.0
ABP1,0.0
TRIM16L,0.0
MOV10,0.0
FLJ37307,0.0
SLC4A1AP,0.0
TBC1D10C,0.0
ZNF483,0.0
EMG1,0.0
RSU1,0.0
TGIF2,0.0
KIAA0226,0.0
ABCC11,0.0
ABCC10,0.0
ABCC13,0.0
ABCC12,0.0
KCNE1L,0.0
EIF2AK1,0.0
ZNF585B,0.0
TSC1,0.0
COMMD5,0.0
DKC1,0.0
USHBP1,0.0
RASGRF2,0.0
HIGD1B,0.0
HIGD1A,0.0
TCFL5,0.0
MPL,0.0
PRPF19,0.0
WBSCR17,0.0
THAP11,0.0
HIST1H2AC,0.0
THAP10,0.0
HIST1H2AG,0.0
HOOK2,0.0
HIST1H2AE,0.0
HIST1H2AJ,0.0
HIST1H2AK,0.0
WDR63,0.0
HIST1H2AL,0.0
TSC2,0.0
ESD,0.0
SUZ12P,0.0
TMPRSS5,0.0
TMPRSS4,0.0
HOOK1,0.0
TMPRSS2,0.0
HOOK3,0.0
HIST1H2AD,0.0
C21orf29,0.0
ACSL4,0.0
NEBL,0.0
G6PC3,0.0
KLRC3,0.0
KCNQ1OT1,0.0
HP,0.0
OLFML1,0.0
HR,0.0
INTS2,0.0
RPL8,0.0
IL20RB,0.0
ZNF620,0.0
IL20RA,0.0
TPP2,0.0
FLYWCH2,0.0
SPSB4,0.0
IL22RA1,0.0
ERMAP,0.0
SULF1,0.0
VRK2,0.0
MNT,0.0
WISP1,0.0
MLST8,0.0
GPRC5A,0.0
FAT2,0.0
TRIM39,0.0
ACSL1,0.0
ARPC1A,0.0
EEF1G,0.0
ACYP2,0.0
LPHN3,0.0
ADAM6,0.0
KRAS,0.0
TUBA8,0.0
RBP7,0.0
EEF1D,0.0
ARPC1B,0.0
TTC9,0.0
KREMEN2,0.0
EGFL6,0.0
PIGS,0.0
PIGP,0.0
PIGO,0.0
PIGN,0.0
PIGM,0.0
PIGL,0.0
PIGK,0.0
CALCRL,0.0
PIGF,0.0
PIGC,0.0
PIGB,0.0
KREMEN1,0.0
CHTF8,0.0
ANKRD27,0.0
DNAJC30,0.0
MN1,0.0
RCN1,0.0
MGC72080,0.0
TRIM38,0.0
PYROXD2,0.0
LOC284232,0.0
FJX1,0.0
CIR1,0.0
?|8225,0.0
EGFL8,0.0
INTS5,0.0
ITM2A,0.0
ITM2B,0.0
ITM2C,0.0
TMEM69,0.0
TMEM60,0.0
TMEM61,0.0
TMEM62,0.0
TMEM64,0.0
NEURL4,0.0
NEURL3,0.0
NEURL2,0.0
ZNF623,0.0
ZNF622,0.0
TNFRSF9,0.0
CYGB,0.0
INTS6,0.0
ADAM9,0.0
RCN3,0.0
INTS8,0.0
SPNS1,0.0
LPCAT1,0.0
LPCAT3,0.0
ZNF165,0.0
C14orf132,0.0
LOC440957,0.0
C14orf135,0.0
ANKRD26,0.0
C14orf139,0.0
C14orf138,0.0
GCNT4,0.0
SH3D20,0.0
FLYWCH1,0.0
TMEM65,0.0
TMEM66,0.0
ANKRD29,0.0
CYTIP,0.0
PTGES,0.0
ACO1,0.0
ANKRD22,0.0
ANKRD23,0.0
GCNT2,0.0
HSPA14,0.0
PEMT,0.0
SMU1,0.0
SEMA4B,0.0
SEMA4A,0.0
DDX54,0.0
KRT222,0.0
MEN1,0.0
SCG3,0.0
IQCB1,0.0
GCOM1,0.0
ZNF167,0.0
TSHZ3,0.0
SCFD2,0.0
SCFD1,0.0
PTPN18,0.0
AHNAK2,0.0
DENR,0.0
HSPA9,0.0
CTAGE5,0.0
CTAGE4,0.0
C10orf119,0.0
CTAGE1,0.0
SQRDL,0.0
C10orf114,0.0
MYPOP,0.0
HSPA13,0.0
NCRNA00085,0.0
NPM1,0.0
ORC3L,0.0
CPLX3,0.0
CPLX2,0.0
MRPS18A,0.0
SBDS,0.0
RAC1,0.0
RAC3,0.0
RAC2,0.0
CDC5L,0.0
RHCG,0.0
OGFR,0.0
UFSP2,0.0
C1orf91,0.0
DGCR14,0.0
C1orf93,0.0
C1orf95,0.0
DGCR11,0.0
TMEM25,0.0
PKD2,0.0
AKR1D1,0.0
RUVBL2,0.0
RHCE,0.0
MXI1,0.0
EPM2AIP1,0.0
SCGN,0.0
AHR,0.0
LRP5,0.0
TXNRD2,0.0
MOCS2,0.0
STRBP,0.0
NPL,0.0
LYPLA2P1,0.0
CNDP2,0.0
CNDP1,0.0
ZNF192,0.0
ACTA1,0.0
C10orf116,0.0
ACTA2,0.0
C11orf16,0.0
C11orf17,0.0
ZNF8,0.0
RPL31,0.0
PHLDA1,0.0
CTCFL,0.0
ZNF3,0.0
ZNF2,0.0
ITGB1BP2,0.0
C19orf28,0.0
NR1D1,0.0
MYBL1,0.0
ZNF197,0.0
C10orf110,0.0
CTAGE9,0.0
OTUD7A,0.0
GABRB2,0.0
SEMA4D,0.0
CSRNP3,0.0
TMCO7,0.0
MS4A4A,0.0
LRP6,0.0
MFSD1,0.0
RPP38,0.0
SCCPDH,0.0
COLEC12,0.0
TMCO4,0.0
FAM129C,0.0
TNRC6B,0.0
TMCO3,0.0
SUMO3,0.0
SCN4A,0.0
GLP1R,0.0
SIP1,0.0
TXNRD1,0.0
MAP3K11,0.0
COLEC11,0.0
COLEC10,0.0
ENC1,0.0
CRTAC1,0.0
DUSP2,0.0
DUSP3,0.0
DUSP1,0.0
DUSP6,0.0
DUSP7,0.0
DUSP4,0.0
DUSP8,0.0
OR51E2,0.0
OR51E1,0.0
QDPR,0.0
LRRC8B,0.0
TUBG2,0.0
ZCRB1,0.0
NSUN7,0.0
NSUN4,0.0
NSUN2,0.0
MFSD11,0.0
PBX1,0.0
PBX3,0.0
FIGNL1,0.0
CADPS,0.0
LOC80054,0.0
TAB3,0.0
LEP,0.0
PRKCQ,0.0
TM9SF2,0.0
NSUN6,0.0
ELOVL7,0.0
GCH1,0.0
DUSP9,0.0
CNKSR2,0.0
CNKSR3,0.0
SGCB,0.0
CNKSR1,0.0
SGCE,0.0
TTYH3,0.0
SGCG,0.0
RPL13A,0.0
NAA25,0.0
LRRC8E,0.0
HEYL,0.0
CWF19L2,0.0
CWF19L1,0.0
ZNF593,0.0
DIABLO,0.0
LILRB3,0.0
LOC389333,0.0
AP2A2,0.0
AP2A1,0.0
RBL1,0.0
ELN,0.0
NKD2,0.0
GBGT1,0.0
LOC650623,0.0
DGKI,0.0
C8orf4,0.0
DGKQ,0.0
ATP7A,0.0
C12orf76,0.0
C12orf75,0.0
C12orf73,0.0
C12orf72,0.0
FAM83F,0.0
FAM83G,0.0
PCDH7,0.0
FAM83A,0.0
MTF2,0.0
C11orf10,0.0
ZAP70,0.0
RTEL1,0.0
CLTCL1,0.0
TCERG1L,0.0
TMPRSS3,0.0
PTGIR,0.0
PTGIS,0.0
SRP72,0.0
METT5D1,0.0
CNP,0.0
TMEM106C,0.0
ICK,0.0
GPR56,0.0
STX4,0.0
XRCC6BP1,0.0
MFSD9,0.0
LRRN4CL,0.0
HEY1,0.0
HDX,0.0
RPL26L1,0.0
RGS7BP,0.0
SLC8A1,0.0
IKBKAP,0.0
HSPA1A,0.0
C21orf63,0.0
DGKB,0.0
C21orf67,0.0
NUMA1,0.0
MAP2K5,0.0
AUTS2,0.0
RPL35,0.0
FBL,0.0
TBC1D14,0.0
RPL34,0.0
TBC1D16,0.0
XYLB,0.0
HDC,0.0
CNTN1,0.0
ATP7B,0.0
ARFGAP1,0.0
CXCR6,0.0
FAM32A,0.0
ZSWIM3,0.0
HLA-DPA1,0.0
KIAA1199,0.0
HAS2,0.0
SECISBP2L,0.0
RNF180,0.0
RTKN2,0.0
NUMBL,0.0
KRTCAP3,0.0
API5,0.0
UBXN2B,0.0
PCDHA6,0.0
EXOC8,0.0
UBE2Q2,0.0
BNC2,0.0
EXOC7,0.0
EXOC2,0.0
RAP1GAP,0.0
PRRX1,0.0
E4F1,0.0
QRICH1,0.0
QRICH2,0.0
MINK1,0.0
APPBP2,0.0
TMEM149,0.0
RASGRP2,0.0
ANKH,0.0
LAPTM4B,0.0
SPCS2,0.0
GALK2,0.0
LAPTM4A,0.0
SLC38A5,0.0
LOC100302640,0.0
TBP,0.0
AKR7L,0.0
ABT1,0.0
SF1,0.0
CXCR5,0.0
CXCR3,0.0
ESYT2,0.0
ESYT1,0.0
TMEM90A,0.0
SLC38A3,0.0
FRMD4A,0.0
ACER2,0.0
UBAC1,0.0
SLC38A1,0.0
NLRC5,0.0
WDR82,0.0
WDR81,0.0
CXCR4,0.0
CXCR1,0.0
RTCD1,0.0
KIAA1267,0.0
PSMD6,0.0
PPL,0.0
CDH5,0.0
CDH2,0.0
CDH3,0.0
CDH1,0.0
RPL23AP53,0.0
COTL1,0.0
ARHGEF3,0.0
ARHGEF2,0.0
CLRN3,0.0
ARHGEF4,0.0
ARHGEF7,0.0
ARHGEF6,0.0
ARHGEF9,0.0
ADAMTS6,0.0
ADAMTS7,0.0
TRIP4,0.0
KAZALD1,0.0
CLCF1,0.0
LDB3,0.0
RAMP2,0.0
CENPB,0.0
RAMP1,0.0
ARHGEF5,0.0
JAG1,0.0
USP25,0.0
PHACTR1,0.0
TNNC1,0.0
TNRC6C,0.0
C5AR1,0.0
IDH3A,0.0
CRAMP1L,0.0
RAD17,0.0
BZW2,0.0
C9orf93,0.0
C9orf95,0.0
CLIC4,0.0
MGAT4A,0.0
ANK3,0.0
ANK2,0.0
MAPKBP1,0.0
TMEM141,0.0
RIT1,0.0
FOXL2,0.0
PCDHA1,0.0
ASGR2,0.0
ASGR1,0.0
CLIC3,0.0
CLIC2,0.0
CLIC5,0.0
C9orf96,0.0
VWA5B2,0.0
KIR2DL4,0.0
FLOT2,0.0
FLOT1,0.0
PTGER4,0.0
KCTD15,0.0
ASTN2,0.0
ZNF491,0.0
PDE4C,0.0
BNIP3,0.0
BNIP2,0.0
RTTN,0.0
SLC38A7,0.0
LHX4,0.0
PLN,0.0
VEGFA,0.0
AKAP10,0.0
AKAP13,0.0
AP3M2,0.0
AP3M1,0.0
OTUD3,0.0
OTUD4,0.0
OTUD5,0.0
IYD,0.0
ZNF490,0.0
SEPP1,0.0
UBE2E2,0.0
RSBN1L,0.0
PAICS,0.0
PSMB4,0.0
TADA2B,0.0
TADA2A,0.0
PKHD1L1,0.0
PLXNA4,0.0
TSTD2,0.0
PDS5B,0.0
PDS5A,0.0
QSOX2,0.0
WNK2,0.0
KIAA0319,0.0
HOXC12,0.0
HOXC13,0.0
HOXC10,0.0
ALDH8A1,0.0
KCNQ1,0.0
KCNQ3,0.0
KCNQ5,0.0
ACMSD,0.0
KIF7,0.0
KIF6,0.0
KIF9,0.0
ZNF212,0.0
EDARADD,0.0
EMCN,0.0
C19orf23,0.0
C19orf22,0.0
VWA1,0.0
CA5B,0.0
FER1L5,0.0
FER1L4,0.0
TP73,0.0
MAP2K1,0.0
ARID5A,0.0
ARID5B,0.0
PCLO,0.0
HECA,0.0
PDE6B,0.0
LGTN,0.0
TNKS1BP1,0.0
C17orf85,0.0
C17orf87,0.0
C17orf86,0.0
C17orf81,0.0
C17orf80,0.0
C17orf82,0.0
EGLN2,0.0
WDR86,0.0
KIAA0649,0.0
RCVRN,0.0
DHFRL1,0.0
LOC222699,0.0
NAB2,0.0
UAP1,0.0
NAB1,0.0
ZNF544,0.0
FER1L6,0.0
KIAA1191,0.0
NTN4,0.0
PRIM1,0.0
S100Z,0.0
PYY,0.0
MFSD6,0.0
PHEX,0.0
C19orf20,0.0
HTRA3,0.0
HTRA2,0.0
COL2A1,0.0
HTRA4,0.0
AKAP11,0.0
SNX12,0.0
C17orf89,0.0
DNAH2,0.0
MGC16121,0.0
NEFH,0.0
C19orf25,0.0
C19orf24,0.0
C19orf26,0.0
BSDC1,0.0
RBCK1,0.0
EME2,0.0
EME1,0.0
SURF6,0.0
LXN,0.0
PRSS21,0.0
PRSS27,0.0
LOC100133612,0.0
DZIP3,0.0
TRPM7,0.0
ITFG2,0.0
SETD7,0.0
ELOVL4,0.0
SETD2,0.0
KIAA1797,0.0
TLL1,0.0
MAN2A2,0.0
FRZB,0.0
ACSF3,0.0
GBP1,0.0
TAPBPL,0.0
RRM2B,0.0
ECH1,0.0
TIMM17A,0.0
PCNXL2,0.0
SETD4,0.0
CASZ1,0.0
ZNF202,0.0
FMO1,0.0
FMO3,0.0
VPS54,0.0
H2BFXP,0.0
NUP214,0.0
MARVELD2,0.0
FMOD,0.0
MARVELD1,0.0
MAP3K5,0.0
IER3IP1,0.0
IDH1,0.0
SETD8,0.0
HABP2,0.0
C2orf84,0.0
C2orf81,0.0
C16orf79,0.0
LRFN4,0.0
C16orf72,0.0
C16orf71,0.0
DMD,0.0
CSF2RA,0.0
C16orf75,0.0
C16orf74,0.0
C8orf30A,0.0
FNDC3A,0.0
FLJ39582,0.0
TMEM232,0.0
TECTA,0.0
SHQ1,0.0
C6orf174,0.0
C6orf176,0.0
CDHR4,0.0
SC5DL,0.0
SPACA4,0.0
XPR1,0.0
DUS3L,0.0
TSEN2,0.0
PCNXL3,0.0
KRT86,0.0
CST9L,0.0
KRT80,0.0
SIK2,0.0
LSM3,0.0
SIK1,0.0
BTBD10,0.0
BTBD11,0.0
BTBD18,0.0
BTBD19,0.0
MAST1,0.0
BRD1,0.0
BRD7,0.0
RAB22A,0.0
ATP2B2,0.0
GLYR1,0.0
PYCR2,0.0
ZNF486,0.0
AKNA,0.0
CDHR1,0.0
TP53,0.0
TAOK3,0.0
PCDH20,0.0
LYAR,0.0
SETD1B,0.0
PTPN14,0.0
FARS2,0.0
PTPN11,0.0
GLG1,0.0
DNAJA4,0.0
DNAJA1,0.0
DNAJA3,0.0
DNAJA2,0.0
FAM38B,0.0
FAM38A,0.0
ALS2CR11,0.0
RPS15A,0.0
TOLLIP,0.0
RABL2A,0.0
STX1B,0.0
LOC100192378,0.0
ZBTB11,0.0
ADCK2,0.0
ADCK5,0.0
ADCK4,0.0
DDHD1,0.0
ELAC2,0.0
CNIH4,0.0
NSMCE4A,0.0
CNIH2,0.0
CNIH3,0.0
SEMA6A,0.0
TNFSF8,0.0
FMO4,0.0
MAGEF1,0.0
PRKY,0.0
TMEM85,0.0
EDF1,0.0
DNAJC19,0.0
DNAJC18,0.0
ASF1A,0.0
FEM1B,0.0
TRPC3,0.0
DNAJC11,0.0
DNAJC10,0.0
DNAJC13,0.0
DNAJC12,0.0
SEMA6C,0.0
TSHZ2,0.0
FLJ44635,0.0
HOXA1,0.0
CISD1,0.0
CISD2,0.0
HOXA2,0.0
ENOSF1,0.0
HOXA3,0.0
ELMOD3,0.0
PLOD3,0.0
RAPGEF3,0.0
TSHR,0.0
ADCK1,0.0
RRP12,0.0
ALOX15,0.0
SF3B2,0.0
SF3B3,0.0
PNPT1,0.0
AMOTL2,0.0
NOP14,0.0
ZNFX1,0.0
TAF9B,0.0
COBL,0.0
LOC407835,0.0
NRARP,0.0
SKIV2L2,0.0
SLC24A1,0.0
CXorf42,0.0
PFKFB3,0.0
FAM195B,0.0
NRM,0.0
LOC642846,0.0
NAT8L,0.0
EPR1,0.0
LMAN2,0.0
MAP3K7,0.0
DEAF1,0.0
MAP3K3,0.0
MAP3K9,0.0
DNAJC15,0.0
TMED10,0.0
CWC22,0.0
CWC25,0.0
CWC27,0.0
TBRG1,0.0
PKD2L1,0.0
SLC11A1,0.0
PPP4R2,0.0
PPP4R4,0.0
ACTG2,0.0
ACTG1,0.0
IDH2,0.0
FMO5,0.0
MAP3K8,0.0
DNAJC14,0.0
DNAJC17,0.0
DNAJC16,0.0
MGC16384,0.0
LMAN1,0.0
MS4A6A,0.0
MSMB,0.0
HLA-DQB1,0.0
DNAJB12,0.0
DNAJB13,0.0
HOXA5,0.0
CHD1L,0.0
SLITRK1,0.0
NDRG3,0.0
C2orf88,0.0
C2orf86,0.0
MLL,0.0
NUDT16P1,0.0
SUPT16H,0.0
ADD3,0.0
SCIN,0.0
ZNF17,0.0
PPM1L,0.0
YWHAQ,0.0
SH3BGR,0.0
ITPA,0.0
ZSCAN2,0.0
CD7,0.0
CTR9,0.0
ADAMDEC1,0.0
CCDC84,0.0
C18orf16,0.0
CCDC86,0.0
CCDC87,0.0
CCDC80,0.0
C22orf40,0.0
OLFM2,0.0
LOC339535,0.0
CCR6,0.0
BRD4,0.0
ZNF561,0.0
ZNF565,0.0
ZNF566,0.0
HRH4,0.0
GSDMD,0.0
GSDMB,0.0
GSDMA,0.0
CALM1,0.0
SPG21,0.0
CALM3,0.0
UXT,0.0
CPPED1,0.0
MRPL40,0.0
NECAP2,0.0
CCDC88A,0.0
RXFP1,0.0
ZNF557,0.0
MUM1,0.0
DGCR9,0.0
LDOC1,0.0
LEPROT,0.0
CCDC89,0.0
C18orf19,0.0
QTRT1,0.0
C14orf53,0.0
ZFAND5,0.0
ZNF567,0.0
UBE2O,0.0
ACCN1,0.0
RNASE7,0.0
RNASE4,0.0
ODF3B,0.0
MPEG1,0.0
RNASE1,0.0
PCDHA9,0.0
RNASEK,0.0
PER1,0.0
B3GAT1,0.0
B3GAT2,0.0
B3GAT3,0.0
C14orf50,0.0
FAM71F1,0.0
SDC2,0.0
BCAM,0.0
OLFML2A,0.0
OLFML2B,0.0
FGF2,0.0
FGF5,0.0
FGF7,0.0
SLC26A5,0.0
SLC26A2,0.0
SLC26A1,0.0
SETD6,0.0
UBE3A,0.0
SDAD1,0.0
MTRF1,0.0
UPK1A,0.0
POM121C,0.0
NAALADL2,0.0
TLN1,0.0
KIAA0182,0.0
SPPL2B,0.0
FAM54A,0.0
AMY1A,0.0
SNF8,0.0
ELOVL1,0.0
ELOVL2,0.0
MRPL44,0.0
UBE3B,0.0
MRPL42,0.0
FAM161B,0.0
FAM161A,0.0
TRAM1,0.0
PGS1,0.0
TRAF3,0.0
NOX1,0.0
DCLK3,0.0
DCLK1,0.0
IKBIP,0.0
STMN2,0.0
FAM71F2,0.0
IPW,0.0
TOP2B,0.0
PDF,0.0
CLEC14A,0.0
ERGIC3,0.0
ERGIC2,0.0
RAD9A,0.0
PAMR1,0.0
ZXDA,0.0
FAM108B1,0.0
SGK269,0.0
PCDHGA2,0.0
PTCH2,0.0
STMN3,0.0
LIPC,0.0
TTC33,0.0
ZSCAN23,0.0
CUTC,0.0
BPGM,0.0
CUTA,0.0
SLURP1,0.0
LIPA,0.0
C9orf78,0.0
SMO,0.0
ZMIZ1,0.0
STX18,0.0
CCDC88B,0.0
DPP4,0.0
DPP3,0.0
LIPH,0.0
GBA,0.0
POLE4,0.0
DPP9,0.0
PARP3,0.0
PCDHGA12,0.0
PCDHGA11,0.0
PCDHGA10,0.0
RAB5B,0.0
PCDHA4,0.0
LOC642587,0.0
C9orf72,0.0
PCDHGA1,0.0
BRD9,0.0
FBXL19,0.0
CLCN5,0.0
CLCN6,0.0
HRH1,0.0
CLCN1,0.0
CLCN2,0.0
NCS1,0.0
SPOCK1,0.0
FIS1,0.0
FARSA,0.0
MOSPD3,0.0
C5orf32,0.0
C5orf33,0.0
C5orf34,0.0
C5orf35,0.0
C5orf38,0.0
C5orf39,0.0
CYP1A1,0.0
RAB9A,0.0
CD180,0.0
FAIM,0.0
MAST4,0.0
MAST2,0.0
MOSPD2,0.0
FARSB,0.0
BRDT,0.0
DLGAP5,0.0
DLGAP1,0.0
DLGAP2,0.0
DHX15,0.0
DHX16,0.0
LOC400931,0.0
ZFYVE9,0.0
MFHAS1,0.0
TRMT61A,0.0
CTRL,0.0
TMEM229B,0.0
ZBTB40,0.0
C11orf61,0.0
TMEM167A,0.0
PRPF18,0.0
SECISBP2,0.0
PNLDC1,0.0
HIAT1,0.0
GOT2,0.0
PITRM1,0.0
ZNF785,0.0
RGNEF,0.0
ZFAND6,0.0
ZNF782,0.0
FAM27C,0.0
FLJ36777,0.0
ATP11B,0.0
MOSPD1,0.0
TFDP3,0.0
HS1BP3,0.0
MRPS16,0.0
TMC8,0.0
C17orf53,0.0
CYP2A7,0.0
C11orf66,0.0
COQ10A,0.0
GLTSCR2,0.0
GLTSCR1,0.0
HRH2,0.0
CEP63,0.0
CEP68,0.0
DPP7,0.0
DPP6,0.0
C11orf63,0.0
RNFT1,0.0
PCP2,0.0
NOC3L,0.0
C14orf80,0.0
CLCN3,0.0
ZNF720,0.0
PLK2,0.0
A1BG,0.0
SLC7A11,0.0
CHD1,0.0
RPL3,0.0
HSD11B1,0.0
ZNF558,0.0
EIF3F,0.0
MSX1,0.0
SCEL,0.0
IL1R1,0.0
CTU1,0.0
C22orf13,0.0
CTU2,0.0
LOC729678,0.0
MARCH9,0.0
BAT2L1,0.0
RPL36,0.0
RPL39,0.0
RPL38,0.0
MYEF2,0.0
PCDH9,0.0
DBX2,0.0
COX7A2L,0.0
CACNG1,0.0
MAPKAP1,0.0
GTF2H4,0.0
GTF2H5,0.0
MRP63,0.0
LAMB2,0.0
LAMB3,0.0
LAMB1,0.0
C16orf3,0.0
ARFGAP3,0.0
ARFGAP2,0.0
TGM2,0.0
C16orf5,0.0
ESCO1,0.0
ESCO2,0.0
BCL2L12,0.0
BCL2L13,0.0
ISYNA1,0.0
BCL2L11,0.0
TTC16,0.0
BCL2L14,0.0
BCL2L15,0.0
GNAT2,0.0
ANKHD1,0.0
CKMT1B,0.0
CKMT1A,0.0
D4S234E,0.0
CAB39,0.0
MCC,0.0
GTF2H2,0.0
GTF2H3,0.0
BCL2L10,0.0
BUB1B,0.0
PPAP2C,0.0
SMARCC1,0.0
C16orf91,0.0
C16orf93,0.0
CSMD1,0.0
IPP,0.0
CTNNAL1,0.0
LEPROTL1,0.0
B3GALT6,0.0
B3GALT5,0.0
B3GALT4,0.0
NCDN,0.0
B3GALTL,0.0
TOR3A,0.0
LOC285074,0.0
MIB2,0.0
MIB1,0.0
SIVA1,0.0
KIAA0174,0.0
SLC38A9,0.0
TMEM184A,0.0
B3GALT2,0.0
B3GALT1,0.0
POU3F1,0.0
ZNF695,0.0
MTMR14,0.0
GTF2H1,0.0
SMARCC2,0.0
ATF2,0.0
ATF3,0.0
ATF1,0.0
ATF6,0.0
ATF7,0.0
ATF4,0.0
ATF5,0.0
SRCRB4D,0.0
TSHZ1,0.0
CTTNBP2NL,0.0
INVS,0.0
TARBP2,0.0
PRKD1,0.0
RPL32,0.0
BLOC1S1,0.0
BLOC1S3,0.0
LHX2,0.0
HSF4,0.0
HSF5,0.0
ANKIB1,0.0
SFRS13B,0.0
SFRS13A,0.0
TMCO6,0.0
CTTNBP2,0.0
TARBP1,0.0
USP53,0.0
CCL3L3,0.0
DHPS,0.0
G0S2,0.0
TGFB1,0.0
BMX,0.0
GPR162,0.0
LOC389634,0.0
MPHOSPH6,0.0
U2AF1,0.0
NEK1,0.0
C21orf2,0.0
CYSLTR2,0.0
NEK4,0.0
MAPK15,0.0
MAPK14,0.0
FAM120C,0.0
FAM120B,0.0
CCDC109B,0.0
VBP1,0.0
CCDC109A,0.0
DSCAML1,0.0
SLFN13,0.0
VPS72,0.0
ASCC1,0.0
BATF2,0.0
COPZ2,0.0
LSM6,0.0
ZSCAN5B,0.0
RBMX2,0.0
LSM4,0.0
HTRA1,0.0
SLC25A32,0.0
C5orf62,0.0
FAM200A,0.0
SRPX,0.0
SSU72,0.0
SERHL,0.0
TLK1,0.0
FAM47E,0.0
POLR2I,0.0
AKR7A3,0.0
AKR7A2,0.0
POLR2L,0.0
NDUFB5,0.0
POLR2B,0.0
POLR2C,0.0
MFSD7,0.0
POLR2A,0.0
GATSL2,0.0
GATSL3,0.0
POLR2D,0.0
GATSL1,0.0
POLR2J,0.0
PTPMT1,0.0
C10orf78,0.0
C10orf75,0.0
SPAG16,0.0
C10orf76,0.0
RASSF1,0.0
TMEM233,0.0
KIF20B,0.0
MRTO4,0.0
NHP2,0.0
SLC1A2,0.0
VMO1,0.0
LOC338799,0.0
TACC2,0.0
TACC1,0.0
B3GALNT1,0.0
ITFG3,0.0
ANKZF1,0.0
HIST1H1C,0.0
TOX2,0.0
LPPR1,0.0
GNMT,0.0
MAP6D1,0.0
MKI67,0.0
C21orf7,0.0
LAMB4,0.0
PICK1,0.0
GTF3A,0.0
C10orf72,0.0
CACNB4,0.0
CYP2B6,0.0
CACNB1,0.0
CACNB2,0.0
CACNB3,0.0
FZD7,0.0
FZD6,0.0
FZD5,0.0
FZD4,0.0
FZD3,0.0
ASH1L,0.0
MAPK13,0.0
MAPK12,0.0
MAPK11,0.0
PEA15,0.0
HIST1H1B,0.0
RASSF6,0.0
HIST1H1E,0.0
HIST1H1D,0.0
PLCD1,0.0
PLCD3,0.0
USO1,0.0
WDR8,0.0
RASSF5,0.0
FZD1,0.0
IFITM1,0.0
IFITM2,0.0
IFITM3,0.0
NT5C1B,0.0
RPLP1,0.0
URB1,0.0
HSP90B3P,0.0
TEX14,0.0
PRDM11,0.0
AK1,0.0
AK2,0.0
AK3,0.0
ZNF692,0.0
ACPP,0.0
ZNF638,0.0
SEPT2,0.0
PLSCR3,0.0
SLC27A3,0.0
SORT1,0.0
PRAM1,0.0
ZNF844,0.0
MED17,0.0
PRDM15,0.0
EMID2,0.0
GEN1,0.0
WDR85,0.0
USP36,0.0
GLA,0.0
SNIP1,0.0
ACP2,0.0
ACP1,0.0
GNG13,0.0
NSFL1C,0.0
YTHDC2,0.0
BSG,0.0
LOC442454,0.0
MECR,0.0
LCOR,0.0
LIPE,0.0
POU6F1,0.0
BSN,0.0
SPCS3,0.0
NELL1,0.0
FLJ10038,0.0
NCOA5,0.0
NCOA4,0.0
NCOA3,0.0
P4HTM,0.0
SEC24D,0.0
DFFB,0.0
DFFA,0.0
HPCAL4,0.0
CISH,0.0
ZNF497,0.0
EPHX3,0.0
TIGIT,0.0
LOC100128239,0.0
TMEM31,0.0
MEX3D,0.0
RNF126,0.0
CXCR2P1,0.0
FBN1,0.0
EMR4P,0.0
FBN2,0.0
MDC1,0.0
UGT2B7,0.0
SLC24A6,0.0
FCGRT,0.0
RRP9,0.0
NDNL2,0.0
MGC2752,0.0
MEX3C,0.0
KLRG2,0.0
PACRG,0.0
GNG12,0.0
GNG11,0.0
GNG10,0.0
ZNF331,0.0
WNT10B,0.0
KIAA0141,0.0
MAP4,0.0
ACTBL2,0.0
NCKAP1L,0.0
PPM1B,0.0
PABPN1,0.0
SMARCAD1,0.0
MME,0.0
OXTR,0.0
WDR87,0.0
NPNT,0.0
AK5,0.0
TBCB,0.0
ERF,0.0
MTTP,0.0
TMEM55B,0.0
TMEM55A,0.0
WDR89,0.0
RGAG1,0.0
HERPUD1,0.0
HERPUD2,0.0
ERH,0.0
MPI,0.0
RRP8,0.0
SH2D3C,0.0
EPS8,0.0
ERG,0.0
AK7,0.0
PTGDR,0.0
GOLGA7B,0.0
MIA3,0.0
APOC1,0.0
SERF1A,0.0
LRIT3,0.0
JAM2,0.0
RAPGEF2,0.0
TTC5,0.0
NTN1,0.0
SNRNP25,0.0
REV3L,0.0
SLC2A14,0.0
MED12,0.0
C20orf151,0.0
C20orf152,0.0
ANKS6,0.0
DGCR6L,0.0
ANKS3,0.0
CDC25C,0.0
TBC1D23,0.0
UACA,0.0
PEPD,0.0
RAB3GAP1,0.0
MRPL16,0.0
FUNDC1,0.0
RCN2,0.0
SFRS2,0.0
SMC5,0.0
ZNF699,0.0
MAGT1,0.0
LOC100130581,0.0
MRPL49,0.0
TM4SF19,0.0
TM4SF18,0.0
HCN4,0.0
HCN2,0.0
HCN3,0.0
UBE4A,0.0
MRPL14,0.0
CXCL16,0.0
CXCL14,0.0
CXCL12,0.0
CXCL13,0.0
CXCL10,0.0
CXCL11,0.0
CSF3R,0.0
LOC100129534,0.0
STK4,0.0
STK3,0.0
PTAR1,0.0
MRPL15,0.0
STIP1,0.0
N4BP2L1,0.0
SENP8,0.0
ACP6,0.0
ACP5,0.0
DAG1,0.0
ECHDC1,0.0
ECHDC2,0.0
ECHDC3,0.0
GFPT2,0.0
GFPT1,0.0
TCL6,0.0
NCRNA00201,0.0
SLC2A11,0.0
SARM1,0.0
CEP170L,0.0
TMSL3,0.0
VASH1,0.0
POC1B,0.0
NCOA2,0.0
ANKRD39,0.0
CHDH,0.0
ANKRD32,0.0
ANKRD31,0.0
ANKRD37,0.0
ANKRD36,0.0
SDCCAG1,0.0
SDCCAG3,0.0
NCRNA00052,0.0
TBC1D2B,0.0
KAL1,0.0
MRPL43,0.0
POU2AF1,0.0
PI16,0.0
ACCN4,0.0
ACCN2,0.0
CSMD2,0.0
LMTK2,0.0
RNF19B,0.0
PPIA,0.0
SEC24C,0.0
RPAP1,0.0
NOTUM,0.0
ING3,0.0
ING2,0.0
C21orf59,0.0
C21orf58,0.0
ARPC4,0.0
ING5,0.0
ING4,0.0
C21orf57,0.0
C21orf56,0.0
SAMM50,0.0
SENP1,0.0
SENP2,0.0
SEC24A,0.0
C21orf34,0.0
PTPN13,0.0
GNPAT,0.0
SRP9,0.0
FLRT2,0.0
FLRT3,0.0
CREB1,0.0
TDRKH,0.0
CREB3,0.0
CDH23,0.0
CREB5,0.0
TRIM25,0.0
NEURL1B,0.0
ARCN1,0.0
KAT5,0.0
VTA1,0.0
POGK,0.0
KCNC2,0.0
ZNF438,0.0
TMEM8B,0.0
TNFSF14,0.0
ZNF345,0.0
TARS,0.0
ZNF341,0.0
AZI2,0.0
F2R,0.0
CKB,0.0
psiTPTE22,0.0
CANT1,0.0
WBP5,0.0
SPDYE7P,0.0
WIBG,0.0
RNF34,0.0
AGR2,0.0
PNKP,0.0
TRIM28,0.0
SSPO,0.0
CUL3,0.0
C21orf33,0.0
CUL1,0.0
CUL7,0.0
CUL5,0.0
DCX,0.0
CUL9,0.0
PERP,0.0
SDF4,0.0
THRA,0.0
ACSM3,0.0
ACSM1,0.0
FCER2,0.0
RHOT1,0.0
LOC283663,0.0
C20orf177,0.0
ICOSLG,0.0
ARHGAP6,0.0
ARHGAP5,0.0
ARHGAP4,0.0
ACN9,0.0
RNF122,0.0
ARHGAP9,0.0
MRPL1,0.0
RPUSD2,0.0
MRPL3,0.0
MRPL2,0.0
MRPL4,0.0
NDFIP1,0.0
MGC12982,0.0
FAM86D,0.0
SLA,0.0
FAM86A,0.0
TMEM74,0.0
ANXA13,0.0
ZYX,0.0
PPP6C,0.0
TMEM79,0.0
RGS19,0.0
BAG2,0.0
MS4A15,0.0
EDDM3B,0.0
CCT6P1,0.0
TMEM63B,0.0
ZNF575,0.0
ARHGAP8,0.0
DTD1,0.0
NTSR1,0.0
DNAJC21,0.0
DNAJC22,0.0
DNAJC24,0.0
DNAJC25,0.0
GNAO1,0.0
DNAJC27,0.0
DNAJC28,0.0
ARHGAP1,0.0
AES,0.0
NSMAF,0.0
ZFAND3,0.0
NBEAL1,0.0
ZNF514,0.0
ZFP36,0.0
PRLR,0.0
TSPYL2,0.0
SETD1A,0.0
NOB1,0.0
FAM196A,0.0
FAM196B,0.0
AEN,0.0
PNRC2,0.0
LOC100132707,0.0
GKAP1,0.0
RNF38,0.0
C1orf152,0.0
SH3GLB1,0.0
OR7A5,0.0
PPAN,0.0
GLB1,0.0
NDOR1,0.0
TJP3,0.0
TJP2,0.0
ZNF267,0.0
CKM,0.0
GOLGA6L9,0.0
FYB,0.0
POMZP3,0.0
LOC388152,0.0
SMARCA2,0.0
SMARCA1,0.0
SELENBP1,0.0
ZNF221,0.0
KLHL13,0.0
CLGN,0.0
NFYB,0.0
CHPF2,0.0
DCXR,0.0
GOLGA6L5,0.0
LOC678655,0.0
TPM2,0.0
CSF1R,0.0
TPM4,0.0
ALCAM,0.0
WDR27,0.0
MGC45800,0.0
NUP62,0.0
ANKLE2,0.0
TMEM173,0.0
IER5L,0.0
SSX2IP,0.0
SH3PXD2A,0.0
ZNF48,0.0
SMNDC1,0.0
SH3RF1,0.0
SH3RF3,0.0
TGFBR1,0.0
TAX1BP1,0.0
CDCP1,0.0
C22orf34,0.0
C22orf36,0.0
FBXW4,0.0
C22orf30,0.0
LYSMD3,0.0
MPPED2,0.0
FAM159A,0.0
SKIL,0.0
CYP11A1,0.0
ROD1,0.0
NLE1,0.0
CALCR,0.0
MUM1L1,0.0
SPAST,0.0
DPH5,0.0
DPH3,0.0
KEL,0.0
MXD1,0.0
STX8,0.0
KLHL11,0.0
NUDT19,0.0
NUDT18,0.0
NUDT15,0.0
NUDT14,0.0
NUDT17,0.0
DLL4,0.0
DLL3,0.0
DCI,0.0
GPAM,0.0
DCN,0.0
PAM,0.0
TM2D3,0.0
SLFN12,0.0
TSPAN9,0.0
THPO,0.0
FCGR2C,0.0
FCGR2B,0.0
RUFY2,0.0
RUFY1,0.0
KRT79,0.0
CCT6B,0.0
PAF1,0.0
CCT6A,0.0
NUDC,0.0
OST4,0.0
WDR47,0.0
ZNF579,0.0
TOR1A,0.0
FYN,0.0
KLHL17,0.0
DLL1,0.0
VIPR1,0.0
EPYC,0.0
DPH2,0.0
DPH1,0.0
MYBPH,0.0
QSOX1,0.0
CYTH2,0.0
CYTH3,0.0
CYTH1,0.0
XCL2,0.0
HSP90AB1,0.0
LOC730668,0.0
CIAPIN1,0.0
KIAA0427,0.0
UBR7,0.0
NALCN,0.0
CDK2AP2,0.0
TARSL2,0.0
GADD45A,0.0
UBR3,0.0
KIAA0664P3,0.0
MYH11,0.0
ASPRV1,0.0
DOLK,0.0
FAM178A,0.0
MRPS7,0.0
BMP6,0.0
MRPS9,0.0
SUZ12,0.0
CD28,0.0
TDRD9,0.0
GPR3,0.0
STRADB,0.0
TNNI3,0.0
ZSCAN22,0.0
SH2B3,0.0
KANK2,0.0
RD3,0.0
KANK4,0.0
SECTM1,0.0
RDH14,0.0
GAL,0.0
SNHG12,0.0
XIAP,0.0
SH2B2,0.0
ZNF605,0.0
DEDD2,0.0
POLD3,0.0
PTP4A1,0.0
CYBASC3,0.0
RDH12,0.0
R3HCC1,0.0
ADSS,0.0
NUDCD1,0.0
NUDCD3,0.0
NUDCD2,0.0
RHD,0.0
TMEM189,0.0
TGFB3,0.0
NSD1,0.0
RSPH3,0.0
MGP,0.0
SLC25A34,0.0
COX7A2,0.0
COX7A1,0.0
SHF,0.0
CCDC7,0.0
RSPH9,0.0
ASTN1,0.0
CCDC3,0.0
SGIP1,0.0
HOXC4,0.0
HOXC5,0.0
HOXC8,0.0
PSG4,0.0
TRIM72,0.0
ULBP2,0.0
FAT1,0.0
DR1,0.0
WDR59,0.0
EIF4G1,0.0
EIF4G2,0.0
MBTPS1,0.0
TRIM45,0.0
WDR43,0.0
MFSD4,0.0
MFSD5,0.0
PTPN23,0.0
LSM7,0.0
FAT4,0.0
NUCB2,0.0
VIPR2,0.0
PTP4A2,0.0
PTP4A3,0.0
UBR5,0.0
ZZZ3,0.0
TWF1,0.0
ABHD4,0.0
PA2G4,0.0
ABHD6,0.0
ABHD1,0.0
ABHD3,0.0
CCDC9,0.0
OTUD1,0.0
MYLIP,0.0
ABHD8,0.0
IFI30,0.0
C9orf23,0.0
C9orf25,0.0
C9orf24,0.0
HEMK1,0.0
NKIRAS1,0.0
MGA,0.0
TMEM14B,0.0
WNT1,0.0
DYNC2H1,0.0
ABHD2,0.0
BAG3,0.0
GMFG,0.0
ATXN1L,0.0
EIF1AD,0.0
CSDC2,0.0
GAS2L3,0.0
RPS27L,0.0
GAS2L1,0.0
C7orf13,0.0
C7orf10,0.0
PRSS12,0.0
AS3MT,0.0
KANK3,0.0
SAMD4B,0.0
EID2B,0.0
IFI27L1,0.0
SLPI,0.0
FSCN1,0.0
LOC92973,0.0
PSIP1,0.0
MZF1,0.0
EVI5,0.0
SAP18,0.0
PDHA1,0.0
CPSF3L,0.0
SLC39A7,0.0
PLA2G15,0.0
EIF4EBP3,0.0
THOC3,0.0
SLC3A1,0.0
ZNF616,0.0
ZNF614,0.0
WBSCR16,0.0
HOXC11,0.0
ZNF611,0.0
MRPL9,0.0
RALGAPA1,0.0
ZFAT,0.0
ZCCHC18,0.0
BAG1,0.0
MEOX2,0.0
MEOX1,0.0
CD79B,0.0
RSBN1,0.0
SLC39A1,0.0
LRRC37A3,0.0
LRRC37A2,0.0
LRRC37A4,0.0
CTDP1,0.0
MSRB3,0.0
KMO,0.0
BAG5,0.0
BAG4,0.0
CD79A,0.0
CALCOCO1,0.0
LYPD1,0.0
LYPD3,0.0
HIST4H4,0.0
RAB3IL1,0.0
LYPD6,0.0
SMCR7,0.0
ARAP1,0.0
CATSPERG,0.0
ARAP3,0.0
IL1RAP,0.0
SEPT6,0.0
MGC2889,0.0
KIAA1377,0.0
SERTAD2,0.0
ZNF643,0.0
COL1A2,0.0
TTBK1,0.0
TRDN,0.0
PLAG1,0.0
LOC100133669,0.0
GSS,0.0
RHOQ,0.0
LOC729156,0.0
MTHFD1,0.0
MTHFD2,0.0
LOXL3,0.0
ZBTB26,0.0
CBLN1,0.0
CBLN2,0.0
FMR1,0.0
ECM1,0.0
ECM2,0.0
NLRP12,0.0
CAMK1G,0.0
CAMK1D,0.0
TMPO,0.0
IDO2,0.0
RILPL1,0.0
CALCOCO2,0.0
CKMT2,0.0
G2E3,0.0
MYL12A,0.0
MYL12B,0.0
MRPS17,0.0
RGS2,0.0
RGS1,0.0
LRRC8C,0.0
RGS6,0.0
ANKRD30A,0.0
CATSPER3,0.0
CATSPER1,0.0
NAP1L4,0.0
RPS6KC1,0.0
RPP40,0.0
HINT2,0.0
HINT1,0.0
DDX5,0.0
TNIK,0.0
SNRNP200,0.0
BRSK1,0.0
BRSK2,0.0
NACC1,0.0
OTUD6B,0.0
CWC15,0.0
IP6K3,0.0
GATA2,0.0
SEC23IP,0.0
SUCLG2,0.0
PSORS1C2,0.0
DDX1,0.0
TLR6,0.0
INADL,0.0
BRWD1,0.0
BRWD3,0.0
EIF1,0.0
FICD,0.0
OR2A4,0.0
ALAS1,0.0
DOHH,0.0
NHLRC2,0.0
NHLRC3,0.0
KCNK3,0.0
HIBADH,0.0
PI4K2A,0.0
KCNK2,0.0
PI4K2B,0.0
EPO,0.0
KCNK1,0.0
TNFAIP8L1,0.0
MCF2L2,0.0
MLH3,0.0
PAFAH1B1,0.0
PEX11G,0.0
PSORS1C1,0.0
VAMP1,0.0
TINAGL1,0.0
PRH2,0.0
PAFAH1B2,0.0
POLR2F,0.0
SUSD1,0.0
SUSD3,0.0
CGREF1,0.0
SUSD5,0.0
LYZ,0.0
CXorf57,0.0
NRCAM,0.0
HAUS1,0.0
HAUS3,0.0
HAUS2,0.0
HAUS4,0.0
DKFZP586I1420,0.0
CRYZ,0.0
PLAC1,0.0
MMS19,0.0
ARID4B,0.0
ARID4A,0.0
PSTPIP2,0.0
HIST1H2BF,0.0
OR2A1,0.0
HIST1H2BD,0.0
ERVFRDE1,0.0
ZNF805,0.0
SYNPO2,0.0
C13orf1,0.0
TUBA3D,0.0
SNX16,0.0
TFEC,0.0
PACSIN2,0.0
ACVRL1,0.0
TLX1,0.0
DLX3,0.0
DLX2,0.0
HIST1H2BE,0.0
CDC37,0.0
LOC284233,0.0
CDC34,0.0
IL23A,0.0
SDPR,0.0
HINT3,0.0
TDRD12,0.0
NFKBIZ,0.0
FMN2,0.0
HLA-E,0.0
HLA-F,0.0
NFKBIA,0.0
SLC5A10,0.0
F8A1,0.0
HLA-L,0.0
ZNF211,0.0
HLA-H,0.0
HLA-J,0.0
ZNF215,0.0
HSN2,0.0
MYO15A,0.0
MYO15B,0.0
MYD88,0.0
DLX6,0.0
DLX4,0.0
SLC5A11,0.0
HLA-B,0.0
SYNJ2BP,0.0
GJA9,0.0
TUB,0.0
PGLS,0.0
SPIN2B,0.0
SPIN2A,0.0
BIRC7,0.0
DTX2,0.0
DTX1,0.0
PLGLB2,0.0
DTX4,0.0
IL8,0.0
NHLRC1,0.0
VWA5A,0.0
SVIP,0.0
SNRK,0.0
KIAA1967,0.0
LOC728264,0.0
GPR68,0.0
TMEM37,0.0
POLR2G,0.0
UROS,0.0
ANKRD10,0.0
ANKRD12,0.0
INSM1,0.0
RB1CC1,0.0
ZNF443,0.0
PDE3A,0.0
CPXM2,0.0
TIMM44,0.0
RASL12,0.0
ARHGEF1,0.0
C20orf202,0.0
C20orf203,0.0
LOC100134868,0.0
GPR64,0.0
NDUFA8,0.0
MAP1LC3B2,0.0
C21orf71,0.0
EFHB,0.0
NDUFA2,0.0
NDUFA5,0.0
NDUFA4,0.0
LOC100124692,0.0
NDUFA6,0.0
MORF4L1,0.0
MORF4L2,0.0
FAM171A2,0.0
INE1,0.0
IMPG2,0.0
FLT3LG,0.0
MORC3,0.0
COL10A1,0.0
NDUFA3,0.0
GJA4,0.0
KIAA1609,0.0
BIRC2,0.0
STAG3L4,0.0
JARID2,0.0
GJA1,0.0
KIAA0513,0.0
S100A1,0.0
FAM53C,0.0
FAM53B,0.0
TIMP3,0.0
AOC2,0.0
ANKRD17,0.0
PABPC4L,0.0
KCNK6,0.0
CRIM1,0.0
TMOD3,0.0
SIGLEC12,0.0
PRUNE2,0.0
LDB1,0.0
ACRC,0.0
ANO10,0.0
SFRS8,0.0
C10orf107,0.0
C10orf105,0.0
FAM53A,0.0
AOC3,0.0
ANKRD16,0.0
ANKRD19,0.0
OXR1,0.0
EIF6,0.0
AIP,0.0
BIRC3,0.0
BIRC5,0.0
BIRC6,0.0
POLR2J4,0.0
HAGHL,0.0
REP15,0.0
MNS1,0.0
CDCA7L,0.0
KDELR2,0.0
MEA1,0.0
NT5C2,0.0
NT5C3,0.0
DMC1,0.0
PDPK1,0.0
SPHKAP,0.0
TMEM33,0.0
NSF,0.0
AKR1E2,0.0
FAM82B,0.0
ZNF365,0.0
GJA5,0.0
TTLL1,0.0
UQCR10,0.0
C9orf69,0.0
JPH2,0.0
VAMP2,0.0
ZCCHC12,0.0
CRKL,0.0
TAP1,0.0
DUS4L,0.0
TMCC3,0.0
UNC45B,0.0
RLTPR,0.0
UNC45A,0.0
DLX1,0.0
INPP1,0.0
GSG2,0.0
BCL10,0.0
SSBP2,0.0
FAM190B,0.0
TMEM87B,0.0
ZC3H8,0.0
BOD1,0.0
AMZ2,0.0
AMZ1,0.0
NCAM1,0.0
MT1L,0.0
GFI1,0.0
GRIN2A,0.0
NUFIP1,0.0
RAD18,0.0
ZMIZ2,0.0
GPHN,0.0
TMEM128,0.0
UGT3A2,0.0
CCDC59,0.0
CCDC58,0.0
CCDC57,0.0
CCDC56,0.0
CCDC55,0.0
TDRD10,0.0
SSBP3,0.0
SSBP1,0.0
USP14,0.0
USP16,0.0
USP11,0.0
ALDH6A1,0.0
USP13,0.0
PTPDC1,0.0
ANLN,0.0
LY6K,0.0
RAD21,0.0
SLC45A4,0.0
KLHDC8B,0.0
CCDC53,0.0
DHX29,0.0
LOC400927,0.0
FXR1,0.0
MOBKL1A,0.0
MOBKL1B,0.0
ARHGEF19,0.0
ARHGEF18,0.0
ARHGEF17,0.0
ARHGEF16,0.0
ARHGEF12,0.0
FBXW10,0.0
CDRT1,0.0
SOS1,0.0
ZNF773,0.0
CEP78,0.0
KLC2,0.0
KLC1,0.0
ZNF776,0.0
RHBDD1,0.0
RHBDD3,0.0
CEP70,0.0
CEP76,0.0
MGC16275,0.0
MITD1,0.0
D2HGDH,0.0
TNKS2,0.0
ZNF770,0.0
NOS3,0.0
ZNF350,0.0
TYK2,0.0
ZCCHC17,0.0
JPH4,0.0
JPH1,0.0
JPH3,0.0
ARHGEF11,0.0
ARHGEF10,0.0
SF3A1,0.0
SH3D19,0.0
CCDC51,0.0
ZNF764,0.0
UQCRH,0.0
FAM104B,0.0
FAM104A,0.0
UTP11L,0.0
FAM151B,0.0
NDUFV2,0.0
APOM,0.0
APOO,0.0
STX10,0.0
APOD,0.0
SNAP91,0.0
CYP4X1,0.0
NEGR1,0.0
VEGFB,0.0
GATAD1,0.0
HIST1H2BH,0.0
HIST1H2BN,0.0
SCPEP1,0.0
C6orf164,0.0
C6orf163,0.0
PYHIN1,0.0
NR6A1,0.0
RAB8A,0.0
LMBR1,0.0
ZNF521,0.0
LRRC58,0.0
C9orf66,0.0
FOXN4,0.0
SDCBP,0.0
SILV,0.0
DTX3L,0.0
RTF1,0.0
NRBP1,0.0
SULT4A1,0.0
RPL13AP3,0.0
PREPL,0.0
RPL13AP6,0.0
MARK3,0.0
PAQR3,0.0
PHYHD1,0.0
ZNF223,0.0
HIST1H2BL,0.0
HIST1H2BC,0.0
SPSB2,0.0
SPSB3,0.0
MBOAT4,0.0
MBOAT1,0.0
PELP1,0.0
LOC282997,0.0
SAT2,0.0
TK1,0.0
SAT1,0.0
SPAG17,0.0
HIST1H2BK,0.0
FBXO39,0.0
FBXO38,0.0
NRBP2,0.0
IPO4,0.0
IPO7,0.0
IPO9,0.0
TNFAIP2,0.0
TNFAIP3,0.0
SLC22A18AS,0.0
ADIPOR1,0.0
VAV1,0.0
TMEM160,0.0
SEC23B,0.0
MPG,0.0
DGUOK,0.0
CTDSP2,0.0
NXT2,0.0
CTDSP1,0.0
SYNGR2,0.0
WDR92,0.0
SIL1,0.0
CRNKL1,0.0
FADS2,0.0
?|100134869,0.0
CCDC52,0.0
DNASE1,0.0
PYGO2,0.0
C5orf24,0.0
?|729884,0.0
C5orf23,0.0
ZADH2,0.0
C5orf28,0.0
VWDE,0.0
RAGE,0.0
ACAD11,0.0
ACAD10,0.0
AMZ2P1,0.0
PET112L,0.0
PAQR6,0.0
C9orf68,0.0
C5orf25,0.0
PYGO1,0.0
GABPB1,0.0
GABPB2,0.0
ARL17B,0.0
REPIN1,0.0
MGAT5B,0.0
GAS2L2,0.0
FADS1,0.0
NME2P1,0.0
HOXB7,0.0
FERMT2,0.0
ANKRD34B,0.0
CSE1L,0.0
ZC3H7B,0.0
FBXO33,0.0
FBXO32,0.0
FBXO31,0.0
FBXO30,0.0
FBXO36,0.0
FBXO34,0.0
CABP1,0.0
CABP4,0.0
CABP7,0.0
PMVK,0.0
LOC100128288,0.0
MAK16,0.0
CNRIP1,0.0
NOC2L,0.0
S1PR3,0.0
INS-IGF2,0.0
CYP1B1,0.0
SMOC2,0.0
PDE12,0.0
TMEM133,0.0
STXBP4,0.0
FANCM,0.0
ENY2,0.0
FANCA,0.0
FANCB,0.0
BMP2K,0.0
ACBD3,0.0
E2F8,0.0
CFLP1,0.0
C6orf89,0.0
SCAF1,0.0
E2F1,0.0
E2F3,0.0
E2F4,0.0
E2F5,0.0
E2F6,0.0
MIF,0.0
GLYATL1,0.0
PPP4C,0.0
C9orf43,0.0
WDR36,0.0
C9orf41,0.0
FARP1,0.0
UPF1,0.0
KPNA1,0.0
STXBP5,0.0
STXBP2,0.0
STXBP3,0.0
SCYL2,0.0
CXorf50B,0.0
PAOX,0.0
CRYBG3,0.0
TEC,0.0
KIAA1908,0.0
DEPDC5,0.0
DEPDC4,0.0
DEPDC7,0.0
DEPDC1,0.0
SNAP47,0.0
TMEM194B,0.0
E2F7,0.0
ZNF114,0.0
PLEKHO2,0.0
FANCE,0.0
FANCG,0.0
PSMB10,0.0
ARSA,0.0
EXOC6,0.0
LGALS3BP,0.0
ADAT2,0.0
ADAT3,0.0
ADAT1,0.0
TNRC6A,0.0
C1orf114,0.0
CBWD1,0.0
CBWD2,0.0
CBWD3,0.0
CBWD5,0.0
LOC100131193,0.0
C1orf113,0.0
RPS2P32,0.0
HAPLN1,0.0
LPAR1,0.0
CDK9,0.0
RGL3,0.0
ROBO1,0.0
ZNF383,0.0
RERE,0.0
ARSK,0.0
PRMT2,0.0
LIMS1,0.0
LIMS3,0.0
CBWD6,0.0
C12orf60,0.0
RPN2,0.0
SLC7A1,0.0
C12orf61,0.0
HNRNPA1,0.0
HNRNPA0,0.0
HNRNPA3,0.0
ARSE,0.0
KIAA1671,0.0
ARSD,0.0
HAS3,0.0
FANCI,0.0
WDR31,0.0
CDK8,0.0
CDK7,0.0
CDK5,0.0
CDK2,0.0
CDK1,0.0
HOXA7,0.0
IRS2,0.0
IRS1,0.0
EXOC5,0.0
MYST1,0.0
DUS2L,0.0
ARSB,0.0
KIAA1109,0.0
HAS1,0.0
DNTTIP2,0.0
DNTTIP1,0.0
UBXN11,0.0
MAP9,0.0
TMEM185A,0.0
NECAP1,0.0
IMPDH2,0.0
IMPDH1,0.0
KDM1B,0.0
IPMK,0.0
ACBD7,0.0
RAB33B,0.0
C9orf44,0.0
KIAA1161,0.0
LOC349114,0.0
SV2A,0.0
MTMR9L,0.0
TSC22D4,0.0
SFTA1P,0.0
NAAA,0.0
YIPF2,0.0
MTMR1,0.0
LAP3,0.0
MTMR3,0.0
MTMR4,0.0
UBA52,0.0
VAT1,0.0
CTBS,0.0
TMC2,0.0
SNHG11,0.0
PYCR1,0.0
FAM168B,0.0
OSTF1,0.0
IDI2,0.0
IDI1,0.0
SFTPB,0.0
DEXI,0.0
FRYL,0.0
SFTPD,0.0
DYM,0.0
PDE1A,0.0
PPM1N,0.0
PDE1B,0.0
RNF121,0.0
SCN1B,0.0
IL17RB,0.0
C3AR1,0.0
AOAH,0.0
LACTB2,0.0
MTMR6,0.0
MTMR7,0.0
MTMR9,0.0
PELO,0.0
EEPD1,0.0
FOLH1,0.0
PLCE1,0.0
DND1,0.0
FARP2,0.0
STK33,0.0
PTPN2,0.0
INCENP,0.0
ZNF569,0.0
C6orf145,0.0
C6orf141,0.0
C6orf142,0.0
CYB561,0.0
HIGD2A,0.0
ADAMTSL4,0.0
ADAMTSL1,0.0
PTGER2,0.0
ADAMTSL3,0.0
ADAMTSL2,0.0
RPL30,0.0
CRYBB2,0.0
SYVN1,0.0
LOC256880,0.0
MBNL1,0.0
C9orf47,0.0
C9orf46,0.0
C9orf45,0.0
SURF1,0.0
HYLS1,0.0
ZNF334,0.0
C2orf24,0.0
OLFM1,0.0
RPGR,0.0
C2orf28,0.0
C2orf29,0.0
BRI3BP,0.0
SKA3,0.0
PPP1R13L,0.0
MON2,0.0
ACBD4,0.0
CD2BP2,0.0
ACBD6,0.0
EXOSC4,0.0
EXOSC7,0.0
EXOSC6,0.0
EXOSC1,0.0
EXOSC3,0.0
EXOSC2,0.0
BCKDK,0.0
EXOSC9,0.0
EXOSC8,0.0
RUNX1,0.0
NDUFC1,0.0
MESDC2,0.0
ACBD5,0.0
MBL1P,0.0
SUDS3,0.0
LOC100287227,0.0
PDZK1IP1,0.0
GJC3,0.0
SORBS2,0.0
USP28,0.0
ZGPAT,0.0
EMB,0.0
EMD,0.0
USP22,0.0
AFF4,0.0
ARSI,0.0
CCNA1,0.0
VPS24,0.0
DIAPH2,0.0
MEF2C,0.0
IGDCC4,0.0
ZNF367,0.0
WRB,0.0
TXNL4A,0.0
UPK3A,0.0
TOMM20L,0.0
PTPRZ1,0.0
GNE,0.0
DYNC1I1,0.0
RPL11,0.0
RPL10,0.0
RPL17,0.0
CTSZ,0.0
POSTN,0.0
RPL14,0.0
CSRP2BP,0.0
LRRIQ3,0.0
METT10D,0.0
PRRX2,0.0
KIAA1310,0.0
AMMECR1,0.0
RGN,0.0
SYP,0.0
NINL,0.0
SORBS3,0.0
PRMT5,0.0
CXCL9,0.0
CXCL6,0.0
CXCL5,0.0
CXCL2,0.0
CXCL3,0.0
ZNF580,0.0
NCRNA00093,0.0
PIAS3,0.0
AP2S1,0.0
LOC100132215,0.0
LOC283174,0.0
UBA1,0.0
TRRAP,0.0
SDHAP3,0.0
ADAMTS8,0.0
ILK,0.0
SCG2,0.0
LIPT1,0.0
HHIPL2,0.0
PTGFR,0.0
TAC1,0.0
TOP3B,0.0
CHKB-CPT1B,0.0
TOP3A,0.0
UBE2S,0.0
FGGY,0.0
UBE2Z,0.0
UBE2F,0.0
PENK,0.0
LFNG,0.0
SRRM3,0.0
C20orf132,0.0
RABEP2,0.0
C20orf134,0.0
C20orf135,0.0
MTG1,0.0
UBE2W,0.0
UBA2,0.0
PDP2,0.0
PHKA2,0.0
PHKA1,0.0
PSMB8,0.0
ERP29,0.0
HMP19,0.0
KIAA0196,0.0
KIAA0195,0.0
SAE1,0.0
THRSP,0.0
CARD6,0.0
PWP1,0.0
USP21,0.0
CARD8,0.0
ADAMTS2,0.0
UBE2C,0.0
ZNF134,0.0
UBE2A,0.0
FAM162B,0.0
FAM162A,0.0
UBE2M,0.0
ABCA12,0.0
UBE2H,0.0
PHF23,0.0
PHF20,0.0
USP20,0.0
GRID2IP,0.0
LRRIQ1,0.0
TMEM125,0.0
VCAM1,0.0
COL28A1,0.0
SKA2,0.0
RAI2,0.0
RAI1,0.0
RNF5P1,0.0
ATP13A4,0.0
ATP13A5,0.0
MUL1,0.0
GPATCH8,0.0
PPWD1,0.0
ZNF792,0.0
ZNF791,0.0
ZNF790,0.0
RIF1,0.0
TYMP,0.0
LOC154761,0.0
PMF1,0.0
ROBO3,0.0
SEC11C,0.0
HIST1H3H,0.0
HIST1H3J,0.0
HIST1H3E,0.0
ZNF436,0.0
CEP55,0.0
CEP57,0.0
NEURL,0.0
SAMD1,0.0
ZNF502,0.0
C12orf69,0.0
FBLL1,0.0
ATP10D,0.0
C9orf98,0.0
ATP10A,0.0
PRKCA,0.0
LIAS,0.0
FLJ26850,0.0
PRKCH,0.0
LOC728723,0.0
MTX1,0.0
MTX2,0.0
MTX3,0.0
HSPD1,0.0
MIIP,0.0
RGL4,0.0
RGL2,0.0
HIST1H3D,0.0
HIST1H3G,0.0
HIST1H3C,0.0
LRRIQ4,0.0
SYN3,0.0
PHLPP1,0.0
PPP1R7,0.0
SLC25A13,0.0
CTSF,0.0
CTSE,0.0
CTSD,0.0
CTSC,0.0
CTSB,0.0
CTSA,0.0
CTSO,0.0
CTSK,0.0
CTSH,0.0
MYADM,0.0
SETDB1,0.0
MFAP2,0.0
PDZRN3,0.0
ZNF577,0.0
ZNF576,0.0
C15orf42,0.0
NAA10,0.0
CTSW,0.0
FGFR3,0.0
FGFR2,0.0
CTSS,0.0
FGFR4,0.0
RPL13,0.0
PRTN3,0.0
SLC35C2,0.0
PPIL6,0.0
PPIL5,0.0
PPIL4,0.0
PPIL3,0.0
PPIL2,0.0
C15orf44,0.0
DAPL1,0.0
SPTLC1,0.0
TBX15,0.0
NAA15,0.0
WWP2,0.0
CCDC99,0.0
MGC16703,0.0
LAMC2,0.0
ZNF574,0.0
RTN4IP1,0.0
SORBS1,0.0
GSTA4,0.0
ZNF570,0.0
CCDC93,0.0
CCDC92,0.0
CCDC91,0.0
CCDC96,0.0
CCDC94,0.0
PPP1R2,0.0
ROBO2,0.0
CHRFAM7A,0.0
SLC25A11,0.0
SLC25A12,0.0
CAMLG,0.0
KIAA1429,0.0
SLC25A16,0.0
SLC25A17,0.0
SLC15A3,0.0
JAZF1,0.0
ZNF649,0.0
TMUB2,0.0
ZNF320,0.0
FBXW9,0.0
CCDC19,0.0
CCDC18,0.0
CCDC13,0.0
CCDC12,0.0
CCDC11,0.0
LAD1,0.0
CCDC17,0.0
EAF2,0.0
EAF1,0.0
CCDC14,0.0
TTC23,0.0
GNG4,0.0
TMUB1,0.0
APC2,0.0
SUFU,0.0
PSIMCT-1,0.0
ZNF324,0.0
SLC25A19,0.0
REXO4,0.0
FAM13A,0.0
REXO2,0.0
HEPACAM2,0.0
REXO1,0.0
SFTPA2,0.0
TSPAN15,0.0
LOC100133161,0.0
TSPAN10,0.0
COL11A1,0.0
LOC653566,0.0
CMTM4,0.0
CMTM6,0.0
CMTM1,0.0
CMTM3,0.0
ZNF676,0.0
ZNF321,0.0
RNF216,0.0
SMCHD1,0.0
TUBA3C,0.0
LMCD1,0.0
TSPAN14,0.0
RHOF,0.0
UTP6,0.0
KCNA1,0.0
KCNA3,0.0
TTC14,0.0
LTBP1,0.0
KIAA1324L,0.0
KIAA1683,0.0
LTBP2,0.0
FUK,0.0
STAM,0.0
COX6B2,0.0
GNG7,0.0
SMARCE1,0.0
TTLL6,0.0
INSL3,0.0
MAGEL2,0.0
HAR1A,0.0
HAR1B,0.0
OTOR,0.0
IL15,0.0
SYCE2,0.0
ZHX1,0.0
JMJD8,0.0
ZHX3,0.0
ZHX2,0.0
PDXP,0.0
GK3P,0.0
ZNF280B,0.0
ZNF280C,0.0
ZNF280D,0.0
ALDH1L2,0.0
TRIM34,0.0
HSD17B3,0.0
SYNCRIP,0.0
SIPA1L3,0.0
FAM100A,0.0
KIAA1644,0.0
?|10357,0.0
GNG5,0.0
PI4KA,0.0
ALG5,0.0
ALG6,0.0
TMEM17,0.0
ALG3,0.0
ALG2,0.0
GTPBP10,0.0
FUS,0.0
PARN,0.0
ALG9,0.0
RAB19,0.0
GNG3,0.0
DBF4,0.0
FLJ45983,0.0
RACGAP1P,0.0
FAM128A,0.0
FAM128B,0.0
CAPN13,0.0
CAPN14,0.0
MPP4,0.0
UNC80,0.0
SLC26A11,0.0
ZMAT1,0.0
PTTG3P,0.0
CCBL2,0.0
PTPRS,0.0
PLA2G4D,0.0
MFSD6L,0.0
SDC1,0.0
ZNF385D,0.0
ZNRD1,0.0
EEF1DP3,0.0
FAIM2,0.0
TNFAIP8,0.0
FAM41C,0.0
TMIE,0.0
GLO1,0.0
SIGLEC6,0.0
NAT6,0.0
CPSF1,0.0
CCBL1,0.0
SPTA1,0.0
NBPF1,0.0
NAPEPLD,0.0
NBPF3,0.0
NBPF6,0.0
NBPF7,0.0
SPATS2L,0.0
N4BP2,0.0
C10orf12,0.0
C10orf11,0.0
C10orf10,0.0
PCDHB18,0.0
DEM1,0.0
HS2ST1,0.0
PCDHB15,0.0
PCDHB16,0.0
PCDHB17,0.0
PCDHB11,0.0
PCDHB13,0.0
SERF2,0.0
LOC100270804,0.0
CRYZL1,0.0
NAT1,0.0
NAT2,0.0
C10orf18,0.0
SRPX2,0.0
TRIM36,0.0
LOC257358,0.0
QKI,0.0
TTLL9,0.0
SLC26A10,0.0
PLA2G2D,0.0
ZDHHC2,0.0
APPL2,0.0
APPL1,0.0
FOXD1,0.0
CCDC34,0.0
CCDC36,0.0
ACACB,0.0
CPSF2,0.0
CCDC39,0.0
FAM106C,0.0
RNPC3,0.0
CMTM2,0.0
MBD2,0.0
MBD3,0.0
MBD6,0.0
?|653553,0.0
MBD5,0.0
LRWD1,0.0
SLC35F1,0.0
IPO5,0.0
CRAT,0.0
ACACA,0.0
CPSF3,0.0
CPSF4,0.0
GRIA2,0.0
CPSF6,0.0
KIAA2026,0.0
PGM5P2,0.0
KIAA2022,0.0
TH1L,0.0
WDR11,0.0
COX5B,0.0
COX5A,0.0
SDC3,0.0
NMT1,0.0
AGPAT3,0.0
ARIH2,0.0
LTBP3,0.0
LTBP4,0.0
TTLL5,0.0
WHSC1,0.0
SIPA1L2,0.0
FAM100B,0.0
SIPA1L1,0.0
HTT,0.0
ACAA1,0.0
ACAA2,0.0
MAD1L1,0.0
KCNC4,0.0
LOC647121,0.0
RAB10,0.0
NPTX1,0.0
NAGPA,0.0
NKD1,0.0
NPTX2,0.0
SND1,0.0
TFAP4,0.0
TTPA,0.0
SLMAP,0.0
GIN1,0.0
MBD1,0.0
JMJD5,0.0
LOC100130987,0.0
ZNF469,0.0
NPTXR,0.0
C13orf38,0.0
ZSCAN1,0.0
C13orf37,0.0
C13orf31,0.0
RAB15,0.0
PPM1A,0.0
PRCP,0.0
KY,0.0
DHCR24,0.0
TCP11,0.0
TRIM66,0.0
C2orf68,0.0
ZNF853,0.0
KCNA2,0.0
KCNA5,0.0
KCNA6,0.0
ADCY10,0.0
NDUFB11,0.0
MAD2L1,0.0
NAMPT,0.0
H2AFY2,0.0
PPCS,0.0
LOC100133985,0.0
DGCR2,0.0
LCMT1,0.0
NXPH4,0.0
PPP2R5B,0.0
SHE,0.0
FAM192A,0.0
NDRG2,0.0
HIP1,0.0
PRCD,0.0
LRRC8A,0.0
NDRG1,0.0
IER2,0.0
TPPP3,0.0
YY2,0.0
CRLF3,0.0
HSF2,0.0
FGFRL1,0.0
INSIG2,0.0
NHEDC2,0.0
CTSL1,0.0
LOC100144604,0.0
MRPS21,0.0
MRPS23,0.0
MRPS22,0.0
CD276,0.0
MRPS24,0.0
CIDEC,0.0
MRPS26,0.0
RAPH1,0.0
C1RL,0.0
PRSS50,0.0
RNF130,0.0
NUDT13,0.0
C7orf58,0.0
C7orf59,0.0
RNF175,0.0
C7orf53,0.0
C7orf50,0.0
C7orf51,0.0
N4BP2L2,0.0
CD274,0.0
CTNS,0.0
CEACAM19,0.0
CYBA,0.0
SLN,0.0
CYBB,0.0
RDX,0.0
PYDC1,0.0
SNORD116-20,0.0
PAQR5,0.0
KLKB1,0.0
MRPS28,0.0
LRBA,0.0
RNF14,0.0
TRMT112,0.0
TCTEX1D4,0.0
PPM1M,0.0
TCTEX1D1,0.0
ZNF655,0.0
EGR3,0.0
FAM126B,0.0
LCA5,0.0
MSMP,0.0
MEAF6,0.0
PHGR1,0.0
NOTCH4,0.0
PRPF4B,0.0
LMNB1,0.0
KIAA0114,0.0
RTN3,0.0
MPHOSPH10,0.0
CYTL1,0.0
UQCRFS1,0.0
RTN1,0.0
TBC1D19,0.0
SNX25,0.0
SNX24,0.0
CLK3,0.0
CLK2,0.0
CLK1,0.0
TRIM67,0.0
SMPD1,0.0
SNX29,0.0
CLUL1,0.0
LY75,0.0
FAM78B,0.0
C6orf47,0.0
FAM78A,0.0
IRF8,0.0
C6orf41,0.0
FECH,0.0
PARP4,0.0
LOC388588,0.0
PANX2,0.0
SNX22,0.0
C10orf95,0.0
BHMT,0.0
JMJD6,0.0
OPTN,0.0
LGALS7B,0.0
FIGN,0.0
C6orf168,0.0
RASGEF1A,0.0
FIGF,0.0
CLDN6,0.0
CLDN4,0.0
CLDN2,0.0
MRFAP1,0.0
TBC1D8B,0.0
GCC2,0.0
FIG4,0.0
CLDN9,0.0
CLDN8,0.0
IRF4,0.0
IRF5,0.0
IRF6,0.0
IRF7,0.0
LOC374491,0.0
IRF1,0.0
C6orf48,0.0
IRF3,0.0
CLDN1,0.0
MTOR,0.0
TRIM69,0.0
TRIM68,0.0
GAB3,0.0
DAB2IP,0.0
WDR16,0.0
GAB2,0.0
KLHL18,0.0
KLHL15,0.0
KLHL14,0.0
ACVR2B,0.0
ACVR2A,0.0
C16orf70,0.0
SMN1,0.0
C2orf64,0.0
C2orf65,0.0
C2orf67,0.0
C2orf60,0.0
C2orf62,0.0
C2orf63,0.0
ZNF664,0.0
OMD,0.0
ITK,0.0
OMG,0.0
SNRNP70,0.0
HABP4,0.0
PPP2R5A,0.0
KIAA1586,0.0
SLBP,0.0
LAMB2L,0.0
PIGT,0.0
ONECUT2,0.0
MRPL24,0.0
INMT,0.0
NPEPPS,0.0
SGCD,0.0
CSF2RB,0.0
C1orf151,0.0
SPATA13,0.0
C4orf27,0.0
C1orf156,0.0
ZNF641,0.0
ADAP2,0.0
ADAP1,0.0
RCOR1,0.0
MRPL22,0.0
MRPL23,0.0
POLR2H,0.0
U2AF1L4,0.0
MRPL20,0.0
TRIM62,0.0
TRIM61,0.0
UNG,0.0
DDX19B,0.0
EIF1B,0.0
SGTA,0.0
KLHL38,0.0
TMEM97,0.0
SGTB,0.0
TMEM92,0.0
KLHL31,0.0
KLHL30,0.0
DKFZP686I15217,0.0
SPATA12,0.0
KLHL36,0.0
ZBTB37,0.0
SLC26A8,0.0
MLLT6,0.0
REV1,0.0
NECAB1,0.0
ESAM,0.0
SCN3B,0.0
NRD1,0.0
TRAF6,0.0
PEX6,0.0
EXOC3L,0.0
PEX5,0.0
MRPS36,0.0
FXC1,0.0
LOC284749,0.0
KLHDC4,0.0
FBXL7,0.0
SPRYD4,0.0
DEK,0.0
FBXL4,0.0
DES,0.0
C22orf46,0.0
C22orf41,0.0
TRIM58,0.0
ZBTB34,0.0
DDX60L,0.0
C1orf133,0.0
KIAA0892,0.0
HTR2B,0.0
HTR2A,0.0
NIPSNAP3B,0.0
ZBTB38,0.0
HDDC3,0.0
HDDC2,0.0
PAR5,0.0
ASXL2,0.0
ASXL3,0.0
POLK,0.0
ASXL1,0.0
TRIM44,0.0
SS18,0.0
C1orf131,0.0
ACR,0.0
STIM1,0.0
NEB,0.0
OGT,0.0
HLA-G,0.0
PFDN6,0.0
PFDN4,0.0
PFDN5,0.0
ST6GALNAC6,0.0
DAGLA,0.0
CITED4,0.0
SLC7A4,0.0
TRIM41,0.0
CITED2,0.0
SLC7A7,0.0
LOC90834,0.0
PCDHB10,0.0
HLA-C,0.0
NCRNA00204B,0.0
NCCRP1,0.0
RIN2,0.0
RIN1,0.0
HIRA,0.0
UBXN7,0.0
PRPF39,0.0
CSNK1A1L,0.0
CITED1,0.0
GBAS,0.0
ATP5S,0.0
ACE,0.0
ERMN,0.0
TFPT,0.0
ZNHIT2,0.0
RUNDC2A,0.0
KERA,0.0
MTO1,0.0
MRPS34,0.0
GLT8D1,0.0
GLT8D2,0.0
ATP5I,0.0
PARP12,0.0
NUP188,0.0
MLLT3,0.0
PBX2,0.0
AURKAIP1,0.0
GPR141,0.0
LOC728989,0.0
ATP5D,0.0
GNAI3,0.0
GNAI2,0.0
ME3,0.0
ATP5O,0.0
ATP5H,0.0
COPG2,0.0
TMEM88,0.0
ZNF282,0.0
MSI2,0.0
BCL2,0.0
BCL6,0.0
BCL8,0.0
BCL9,0.0
MYOZ3,0.0
GLT25D2,0.0
PARP10,0.0
PCDHA8,0.0
EIF4A1,0.0
C22orf45,0.0
OAS1,0.0
DMXL1,0.0
TRIM21,0.0
KLHL22,0.0
KAT2B,0.0
SEMA7A,0.0
ZP1,0.0
NBPF9,0.0
NKX2-5,0.0
ZNF665,0.0
HNRNPA3P1,0.0
LRFN1,0.0
LRFN2,0.0
PCDHA5,0.0
GTF2IP1,0.0
REM1,0.0
RTN4RL2,0.0
C16orf13,0.0
FGFR1OP2,0.0
ATRX,0.0
GNGT2,0.0
FOXD4,0.0
RNF10,0.0
SLC7A10,0.0
PLEKHG5,0.0
PLEKHG4,0.0
CDX1,0.0
PLEKHG6,0.0
NFIX,0.0
NFIB,0.0
NFIC,0.0
C8orf84,0.0
C8orf85,0.0
C8orf86,0.0
C8orf80,0.0
ZNF709,0.0
LOC100272146,0.0
PMM2,0.0
NPEPL1,0.0
POR,0.0
PLEKHG7,0.0
CX3CR1,0.0
FAM76A,0.0
FAM76B,0.0
SERPINB7,0.0
SERPINB5,0.0
CCDC81,0.0
ELP3,0.0
ELP4,0.0
STC1,0.0
DTHD1,0.0
PCDHA7,0.0
PCDHA3,0.0
LRFN3,0.0
GTPBP8,0.0
GTPBP2,0.0
GTPBP3,0.0
DMXL2,0.0
GTPBP1,0.0
GTPBP4,0.0
GTPBP5,0.0
MRGPRF,0.0
TRIM56,0.0
NIPSNAP3A,0.0
LRP5L,0.0
TLR10,0.0
KLHDC3,0.0
PCDHA2,0.0
SGK196,0.0
CLMN,0.0
ANKK1,0.0
SERPINB1,0.0
CSNK1G1,0.0
CSNK1G2,0.0
OASL,0.0
TRIM22,0.0
PLEKHB1,0.0
FBXL8,0.0
NBPF4,0.0
TSLP,0.0
LOC613037,0.0
NEK9,0.0
IP6K1,0.0
OAS2,0.0
ZNF284,0.0
RPS15AP10,0.0
EXD2,0.0
EXD3,0.0
TAF10,0.0
C18orf10,0.0
ATP8B3,0.0
MAGED4,0.0
C6orf64,0.0
MAGED1,0.0
PAG1,0.0
CYFIP2,0.0
HS3ST1,0.0
CYFIP1,0.0
HS3ST4,0.0
HS3ST5,0.0
HS3ST6,0.0
SARS2,0.0
C20orf196,0.0
IFIT1,0.0
FAM66D,0.0
IFIT3,0.0
TAF1L,0.0
LOC729176,0.0
CRIPT,0.0
CHL1,0.0
RC3H1,0.0
MX1,0.0
RAB6B,0.0
RAB6A,0.0
MX2,0.0
GSTZ1,0.0
HMGN1,0.0
HMGN2,0.0
HMGN3,0.0
GGTLC2,0.0
IFIT5,0.0
DMPK,0.0
RTN4R,0.0
N6AMT2,0.0
MRPL41,0.0
AQPEP,0.0
CYP46A1,0.0
RPL7L1,0.0
YIPF6,0.0
COX7C,0.0
COX7B,0.0
SLC35D1,0.0
GPR155,0.0
HYI,0.0
FAM172A,0.0
GPR156,0.0
ABLIM3,0.0
F3,0.0
RPGRIP1,0.0
RRP7A,0.0
DMP1,0.0
MUTED,0.0
HMGN5,0.0
HHIP,0.0
F8,0.0
SH2D5,0.0
MPRIP,0.0
LMTK3,0.0
BRCC3,0.0
GPS1,0.0
WISP3,0.0
GIGYF2,0.0
GIGYF1,0.0
PCYT1B,0.0
SEC22C,0.0
CRIP2,0.0
CRIP3,0.0
WDR38,0.0
GABRD,0.0
GABRE,0.0
THRB,0.0
KRT13,0.0
KIAA1107,0.0
KRT15,0.0
KRT17,0.0
APITD1,0.0
TM9SF3,0.0
CLEC5A,0.0
CDC6,0.0
THSD1P1,0.0
PLP2,0.0
PLP1,0.0
MTFR1,0.0
HGSNAT,0.0
KRT10,0.0
GGTLC1,0.0
FBXW8,0.0
FAM66A,0.0
MAP1LC3C,0.0
MAP1LC3A,0.0
TRIM13,0.0
TOX3,0.0
ISG15,0.0
EFTUD1,0.0
EFTUD2,0.0
KIAA0368,0.0
P2RY10,0.0
TWISTNB,0.0
LOC285548,0.0
GABRQ,0.0
SPG20,0.0
TM9SF1,0.0
ERLIN2,0.0
ERLIN1,0.0
SFRS4,0.0
ARL5B,0.0
CBY1,0.0
GDI1,0.0
SMAP2,0.0
GDI2,0.0
ZNF346,0.0
LOC541473,0.0
C2orf27A,0.0
TUBG1,0.0
LAMA5,0.0
SRCIN1,0.0
PUSL1,0.0
CLPB,0.0
SPRR1A,0.0
ODZ2,0.0
ODZ3,0.0
LATS1,0.0
ZNF417,0.0
LOC646471,0.0
RAD9B,0.0
LHPP,0.0
PXDNL,0.0
CHORDC1,0.0
MED22,0.0
WDR35,0.0
THUMPD1,0.0
C11orf92,0.0
C11orf93,0.0
C11orf95,0.0
TRIM24,0.0
KGFLP1,0.0
GUSBP3,0.0
GUSBP1,0.0
PLCXD1,0.0
NFKBIE,0.0
DTNA,0.0
LOC339290,0.0
NFKBID,0.0
DTNB,0.0
TMEM35,0.0
LATS2,0.0
RIPK1,0.0
SLC16A4,0.0
LOC100128164,0.0
LAMA2,0.0
RPS18,0.0
CRABP1,0.0
RPS15,0.0
RPS17,0.0
RPS10,0.0
RPS11,0.0
CLPX,0.0
RPS13,0.0
RNH1,0.0
NSUN3,0.0
WWOX,0.0
PARP15,0.0
PLCXD3,0.0
C7orf70,0.0
CRABP2,0.0
CLPP,0.0
NGFRAP1,0.0
ACTN1,0.0
RASA2,0.0
GAPVD1,0.0
CPZ,0.0
TCN1,0.0
CPE,0.0
CPD,0.0
LOC25845,0.0
CPO,0.0
CPM,0.0
IFT20,0.0
HM13,0.0
LASS1,0.0
DTWD1,0.0
LOC100128977,0.0
DTWD2,0.0
PTPRM,0.0
PTPRN,0.0
PRSS35,0.0
DOC2B,0.0
LOC127841,0.0
DOC2A,0.0
SIRPG,0.0
BANK1,0.0
UBXN8,0.0
IFT27,0.0
RASA4,0.0
FBF1,0.0
MCOLN3,0.0
GGT7,0.0
GGT6,0.0
POU4F1,0.0
SSSCA1,0.0
GLIPR1,0.0
RRAGC,0.0
GLIPR2,0.0
HILS1,0.0
LOC202181,0.0
PTPRQ,0.0
LOC401463,0.0
PTPRO,0.0
HAUS7,0.0
PTPRA,0.0
PTPRB,0.0
PTPRC,0.0
PTPRD,0.0
GEFT,0.0
PLAC9,0.0
PTPRG,0.0
EZR,0.0
CLP1,0.0
ACTN4,0.0
TSSC4,0.0
PSMD11,0.0
PISD,0.0
SMYD5,0.0
RPS6KA6,0.0
RPS20,0.0
RAB4B,0.0
ACADVL,0.0
ELP2P,0.0
SP100,0.0
NTF3,0.0
PTCHD3,0.0
RHOH,0.0
C7orf57,0.0
LOC284578,0.0
MUC7,0.0
TESC,0.0
NPHP1,0.0
MKI67IP,0.0
NPHP3,0.0
VAPB,0.0
SMYD2,0.0
GANAB,0.0
METTL2B,0.0
RFPL1S,0.0
MINPP1,0.0
NKTR,0.0
KCNIP2,0.0
KCNIP3,0.0
KCNIP4,0.0
CYTSB,0.0
CYTSA,0.0
SLC37A3,0.0
RASEF,0.0
LSS,0.0
JAM3,0.0
BACH1,0.0
CSDE1,0.0
SEMA4C,0.0
MPV17,0.0
TRAP1,0.0
ABI3,0.0
ABI2,0.0
RPS6KA2,0.0
RPS6KA1,0.0
ANAPC4,0.0
ANAPC2,0.0
HMCN1,0.0
ANAPC1,0.0
MOGAT2,0.0
OTUD7B,0.0
TMEM102,0.0
FAM136A,0.0
SLC22A4,0.0
RDM1,0.0
MOB2,0.0
RGPD5,0.0
PPP2R2C,0.0
RGPD6,0.0
SLITRK6,0.0
NRN1L,0.0
FAM176B,0.0
AHCY,0.0
RAB36,0.0
TBKBP1,0.0
ZNF354C,0.0
UTP20,0.0
HRASLS5,0.0
CDC42EP5,0.0
TXLNB,0.0
CDC42EP2,0.0
CDC42EP3,0.0
GNPTG,0.0
RNF123,0.0
TNNT1,0.0
WDR45L,0.0
AASS,0.0
RPL7A,0.0
ZNF534,0.0
TSPYL5,0.0
BMF,0.0
EDIL3,0.0
FTCD,0.0
PSMD13,0.0
RGPD1,0.0
MYLK3,0.0
MYLK2,0.0
IRF2,0.0
C6orf182,0.0
C6orf186,0.0
PTPRCAP,0.0
SNN,0.0
ARF4,0.0
PQLC3,0.0
ARF1,0.0
ARF3,0.0
EXOSC10,0.0
CTH,0.0
NPHP4,0.0
KLRAQ1,0.0
FAM176A,0.0
LRRC25,0.0
PATL2,0.0
RAB11FIP5,0.0
RAB11FIP1,0.0
LOXHD1,0.0
RAB11FIP3,0.0
ARF6,0.0
ZBED5,0.0
GPR183,0.0
PIK3CA,0.0
ESPN,0.0
FLJ12825,0.0
C13orf16,0.0
C13orf15,0.0
AGT,0.0
FAM190A,0.0
C13orf18,0.0
AGA,0.0
NIPA2,0.0
KCNIP1,0.0
AGL,0.0
C2orf42,0.0
PRND,0.0
LOC91450,0.0
TBCA,0.0
RAB11B,0.0
IGF2AS,0.0
ZNF548,0.0
CAV1,0.0
AXL,0.0
PPP4R1L,0.0
RAP2A,0.0
IL27,0.0
AGK,0.0
GPC2,0.0
GPC1,0.0
GAPDHS,0.0
ZNF329,0.0
CUBN,0.0
RIMBP3C,0.0
LRP12,0.0
LRP11,0.0
MTA2,0.0
MTA1,0.0
FOXO3B,0.0
MLANA,0.0
HEPH,0.0
C2orf40,0.0
C2orf47,0.0
C2orf44,0.0
C2orf48,0.0
C2orf49,0.0
ANKDD1A,0.0
BBS5,0.0
SLC16A10,0.0
SEC22A,0.0
SEC22B,0.0
BBS9,0.0
BICD1,0.0
C21orf15,0.0
C2orf43,0.0
ORM1,0.0
ZNF674,0.0
ZNF675,0.0
RPL18,0.0
PRRG4,0.0
LOC541471,0.0
PIK3C3,0.0
EDC4,0.0
SLC35B4,0.0
MGST1,0.0
EDC3,0.0
HAS2AS,0.0
IL24,0.0
ALDH3A1,0.0
SLC7A5,0.0
LOC100190986,0.0
MAK,0.0
ACLY,0.0
MAF,0.0
MAG,0.0
TUBA1B,0.0
VPS8,0.0
ERI1,0.0
LOC729799,0.0
LOC220594,0.0
ZNF778,0.0
WFDC1,0.0
CHN1,0.0
KRT32,0.0
KRT31,0.0
RAB4A,0.0
TRAFD1,0.0
SC65,0.0
TAGLN,0.0
MEG3,0.0
SNORD17,0.0
KCNN3,0.0
POLR3GL,0.0
FAM84B,0.0
ORM2,0.0
FAM59A,0.0
TMEM51,0.0
SCG5,0.0
SCLY,0.0
TMEM54,0.0
TMEM57,0.0
KTI12,0.0
ERI2,0.0
MAZ,0.0
PARP14,0.0
MAX,0.0
ORC6L,0.0
PRRG3,0.0
PAR-SN,0.0
CYP2D6,0.0
CEP97,0.0
DRG1,0.0
DRG2,0.0
IMPACT,0.0
LOC90246,0.0
LOC388242,0.0
HBP1,0.0
LGI3,0.0
ECE1,0.0
ECE2,0.0
CDADC1,0.0
GCHFR,0.0
ARGLU1,0.0
NLRP6,0.0
NT5DC1,0.0
HIF1A,0.0
SPRR3,0.0
LOC401093,0.0
LOC652276,0.0
ZBTB12,0.0
HEXA,0.0
TNS1,0.0
C10orf55,0.0
C10orf54,0.0
LGI4,0.0
RABGAP1L,0.0
CSAD,0.0
RHBDD2,0.0
SH3BP5,0.0
LOC388796,0.0
FAM45B,0.0
KIF14,0.0
ARRDC3,0.0
ARRDC2,0.0
RNFT2,0.0
MTMR15,0.0
KIAA0232,0.0
SUB1,0.0
NPB,0.0
PANX1,0.0
LOC115110,0.0
KRT19,0.0
PPP2R5C,0.0
KCNG3,0.0
KCNG2,0.0
ZNF200,0.0
FAM122C,0.0
FAM122B,0.0
FAM122A,0.0
PIGG,0.0
ATXN7L3,0.0
RNF125,0.0
ANKRD13D,0.0
COX17,0.0
COX16,0.0
COX15,0.0
GAS2,0.0
MCTP2,0.0
MCTP1,0.0
PPA2,0.0
SUN2,0.0
PHACTR4,0.0
PCP4,0.0
CLIC6,0.0
ATXN7L1,0.0
LOC285629,0.0
SOS2,0.0
CPN2,0.0
UBE2Q2P1,0.0
RC3H2,0.0
C9orf123,0.0
ACTL8,0.0
LRRN2,0.0
FAM21A,0.0
FAM21B,0.0
FAM21C,0.0
CYB5D2,0.0
C22orf39,0.0
SLC4A11,0.0
C10orf58,0.0
DMBT1,0.0
MFSD2A,0.0
COX11,0.0
COX10,0.0
SHISA2,0.0
AADAC,0.0
COX19,0.0
CALML4,0.0
CALML6,0.0
GLYCTK,0.0
NLRP2,0.0
ANKRD13C,0.0
ZNF775,0.0
TMEM194A,0.0
ZBTB16,0.0
NPW,0.0
NLRP1,0.0
RSRC2,0.0
PHKG1,0.0
IFI6,0.0
PDGFRL,0.0
KIAA1462,0.0
TIMM8B,0.0
AIDA,0.0
ANKRD13A,0.0
CD164L2,0.0
EIF4E2,0.0
EIF4E3,0.0
RAB20,0.0
MAF1,0.0
CETN4P,0.0
GCNT1,0.0
VMA21,0.0
FGFR1OP,0.0
CA11,0.0
CA13,0.0
CA14,0.0
CD47,0.0
ELK3,0.0
CASQ1,0.0
WDR76,0.0
WDR77,0.0
WDR74,0.0
WDR75,0.0
CHPF,0.0
WDR73,0.0
WDR70,0.0
FAR2,0.0
ACTR1A,0.0
ACTR1B,0.0
RPS29,0.0
DZIP1L,0.0
CD44,0.0
FRRS1,0.0
LOC550112,0.0
ARL16,0.0
RAB2B,0.0
SLITRK4,0.0
EEF1A2,0.0
EEF1A1,0.0
HMGB3,0.0
ACTR10,0.0
RNASET2,0.0
MND1,0.0
TRIM65,0.0
RAB24,0.0
AP3B1,0.0
DHRS7B,0.0
HEXDC,0.0
LRRC28,0.0
MNDA,0.0
CLIP4,0.0
ETNK2,0.0
ZSCAN12,0.0
CLIP3,0.0
KIF4A,0.0
KIF4B,0.0
PIK3C2B,0.0
RAB25,0.0
CD48,0.0
PRPF8,0.0
NQO1,0.0
C1orf230,0.0
CDO1,0.0
NQO2,0.0
ARRDC5,0.0
ARRDC4,0.0
LEFTY1,0.0
NCRNA00176,0.0
LEFTY2,0.0
NCRNA00173,0.0
NCRNA00171,0.0
CALR,0.0
PABPC3,0.0
C5orf43,0.0
C5orf42,0.0
C5orf41,0.0
C5orf44,0.0
NID1,0.0
C5orf49,0.0
PAK3,0.0
PAK1,0.0
PAK6,0.0
KTELC1,0.0
ELK4,0.0
CDON,0.0
TPCN2,0.0
GLRA3,0.0
PPP2R3A,0.0
SYT15,0.0
WNT3A,0.0
SNAPC3,0.0
AURKC,0.0
AURKA,0.0
LOC348926,0.0
?|645851,0.0
NCRNA00162,0.0
IFIT2,0.0
EVC2,0.0
SFMBT2,0.0
CLIC1,0.0
ARHGAP42,0.0
LRSAM1,0.0
PCF11,0.0
CD177,0.0
RUNDC1,0.0
TPCN1,0.0
FILIP1L,0.0
PRPF6,0.0
PRPF4,0.0
PRPF3,0.0
NID2,0.0
FLJ35220,0.0
NOP56,0.0
WDR83,0.0
CCDC15,0.0
ADIPOR2,0.0
TERF2IP,0.0
TPD52L2,0.0
SMURF1,0.0
PDLIM1,0.0
XRCC4,0.0
PITPNA,0.0
XRCC2,0.0
XRCC3,0.0
XRCC1,0.0
GPC3,0.0
PROL1,0.0
C12orf4,0.0
PTPLAD1,0.0
RNASEH2C,0.0
PTPLAD2,0.0
CD68,0.0
LMF1,0.0
AOX1,0.0
PSCA,0.0
S100A6,0.0
ARV1,0.0
TMEM175,0.0
LY6G5C,0.0
ARNTL2,0.0
ZNF671,0.0
GCFC1,0.0
CAPS2,0.0
PTPN3,0.0
ZNF419,0.0
PAX2,0.0
VMAC,0.0
C6orf217,0.0
POLR2J3,0.0
POLR2J2,0.0
RFX2,0.0
HPRT1,0.0
GPD1L,0.0
CD69,0.0
SERPINA1,0.0
FOXF2,0.0
CD63,0.0
NUP54,0.0
IGBP1,0.0
RPPH1,0.0
RG9MTD1,0.0
FOSL2,0.0
MARK2,0.0
MARK1,0.0
FOSL1,0.0
TBC1D15,0.0
CARNS1,0.0
ZFP41,0.0
UFSP1,0.0
ZNF786,0.0
AMBP,0.0
CLEC3A,0.0
CLEC3B,0.0
WASH2P,0.0
SLC35B1,0.0
UTRN,0.0
ZNF784,0.0
FAM43A,0.0
WDR17,0.0
DIS3L2,0.0
INO80C,0.0
INO80B,0.0
IL21R,0.0
INO80D,0.0
NCRNA00152,0.0
IDH3B,0.0
TPH1,0.0
HSPB9,0.0
HSPB1,0.0
C10orf32,0.0
HPCA,0.0
DCD,0.0
FAM43B,0.0
WDR12,0.0
TMEM121,0.0
ACTR3B,0.0
ACTR3C,0.0
ISOC1,0.0
CA5BP,0.0
EFCAB10,0.0
TPD52L1,0.0
ZMYND19,0.0
BCL9L,0.0
ZMYND11,0.0
PAEP,0.0
HSPA1L,0.0
USP9X,0.0
SLC16A14,0.0
C1orf216,0.0
TIMM9,0.0
C1orf213,0.0
C1orf212,0.0
PPP1R1C,0.0
JHDM1D,0.0
GPR55,0.0
C10orf35,0.0
DGKZ,0.0
HSPB6,0.0
MAD2L1BP,0.0
WASL,0.0
MDM1,0.0
JMJD4,0.0
GOLT1B,0.0
FRS2,0.0
FRS3,0.0
ZNF749,0.0
SLC25A18,0.0
UNC119B,0.0
SPATA18,0.0
IFT46,0.0
WDR90,0.0
TTC30A,0.0
EHMT1,0.0
ZNF397OS,0.0
EDAR,0.0
KIN,0.0
KPNA3,0.0
KPNA4,0.0
MIER2,0.0
MIER1,0.0
B4GALT2,0.0
B4GALT3,0.0
B4GALT1,0.0
CASP9,0.0
PC,0.0
QPCT,0.0
PKP3,0.0
C7orf54,0.0
C7orf55,0.0
SCARF1,0.0
GUSB,0.0
MST1P9,0.0
DMTF1,0.0
ZNF473,0.0
ZNF470,0.0
SYS1-DBNDD2,0.0
MST1P2,0.0
RNF133,0.0
PARK2,0.0
SEP15,0.0
RORB,0.0
NAALAD2,0.0
PARK7,0.0
VPS39,0.0
KPNA5,0.0
KPNA7,0.0
KIT,0.0
CPB1,0.0
SLTM,0.0
NR1D2,0.0
SNRPD1,0.0
ROR1,0.0
MDM4,0.0
RORA,0.0
FAM174B,0.0
WDR19,0.0
TNFRSF1B,0.0
ASPSCR1,0.0
GPR89A,0.0
GPR89C,0.0
GPR89B,0.0
TBC1D13,0.0
SGOL1,0.0
DHRS11,0.0
SULT2B1,0.0
LOC284023,0.0
TRMT2B,0.0
SPRN,0.0
RALGPS2,0.0
LOC389493,0.0
GSPT1,0.0
CTLA4,0.0
PRB3,0.0
NARF,0.0
ZNF669,0.0
PCDHAC2,0.0
MEIS1,0.0
MEIS2,0.0
MEIS3,0.0
EHMT2,0.0
PPP1R9B,0.0
GLDC,0.0
GLDN,0.0
TNFRSF19,0.0
RPS16,0.0
SLC25A15,0.0
TTC30B,0.0
GOLT1A,0.0
ROMO1,0.0
FCN2,0.0
B4GALT7,0.0
B4GALT4,0.0
B4GALT5,0.0
PTPN9,0.0
IL13RA2,0.0
NCRNA00116,0.0
KIR3DL2,0.0
AMN1,0.0
DDX60,0.0
PAPD4,0.0
RBP2,0.0
ESPNP,0.0
ESPNL,0.0
MIER3,0.0
GGT3P,0.0
DCAF12L2,0.0
TBC1D17,0.0
IL13RA1,0.0
PDXK,0.0
CCNG2,0.0
LOC285033,0.0
NPM2,0.0
PDCD4,0.0
PDCD7,0.0
PDCD6,0.0
ADCY2,0.0
ADCY1,0.0
ADCY6,0.0
ACOT1,0.0
ACOT2,0.0
LDLRAD2,0.0
ACOT7,0.0
ACOT6,0.0
ACOT8,0.0
CYP24A1,0.0
ZNF101,0.0
KLRD1,0.0
VPS26B,0.0
HIST2H2AA3,0.0
TP63,0.0
DSG3,0.0
C6orf27,0.0
DSG2,0.0
ACOT4,0.0
PPAPDC1B,0.0
DKFZp779M0652,0.0
FOSB,0.0
ALAD,0.0
AGPS,0.0
POMT2,0.0
ELMO2,0.0
TSPAN32,0.0
ELMO1,0.0
OSTCL,0.0
G6PD,0.0
RNGTT,0.0
CNO,0.0
TAF3,0.0
TAF5,0.0
AHRR,0.0
LOC644172,0.0
GTF2A1L,0.0
VSIG8,0.0
PIK3C2A,0.0
FNIP2,0.0
FNIP1,0.0
TMEM86B,0.0
TMEM86A,0.0
NPLOC4,0.0
LRRCC1,0.0
TAF2,0.0
TRPV3,0.0
C1orf97,0.0
TSSK3,0.0
ASAM,0.0
CIT,0.0
SPINK8,0.0
IRAK1BP1,0.0
C1orf172,0.0
C1orf170,0.0
DAP,0.0
ZNF439,0.0
LRRC39,0.0
PBLD,0.0
BRCA1,0.0
WLS,0.0
PDCL,0.0
CLINT1,0.0
ENSA,0.0
ATP6AP1,0.0
LDHA,0.0
IL12RB1,0.0
TIMP1,0.0
C1orf174,0.0
LRFN5,0.0
ZNF485,0.0
GPC6,0.0
BRCA2,0.0
PRKCE,0.0
HDLBP,0.0
FUZ,0.0
PPIAL4G,0.0
PDCD1,0.0
TMEM26,0.0
IL12A,0.0
IL12B,0.0
LOC100128292,0.0
SSRP1,0.0
RAB39B,0.0
KARS,0.0
TAF6L,0.0
TXNDC17,0.0
OXCT2,0.0
OXCT1,0.0
SLC29A4,0.0
ZC3H7A,0.0
PGPEP1,0.0
C1orf175,0.0
DAK,0.0
ST8SIA2,0.0
TATDN1,0.0
SHPRH,0.0
SNUPN,0.0
C1orf96,0.0
CIC,0.0
SELO,0.0
TICAM2,0.0
EHBP1L1,0.0
ZNF789,0.0
MRS2P2,0.0
ISCU,0.0
IREB2,0.0
PDLIM5,0.0
DDI2,0.0
SLC22A1,0.0
PDLIM4,0.0
NR3C1,0.0
CCNG1,0.0
NUCKS1,0.0
RAB43,0.0
RAB42,0.0
KIF23,0.0
ZKSCAN5,0.0
ZKSCAN2,0.0
ZKSCAN3,0.0
TNFSF13B,0.0
KCTD18,0.0
CSPG5,0.0
CSPG4,0.0
DPY19L2P1,0.0
KCTD17,0.0
INTS4L2,0.0
TEX264,0.0
FAM124A,0.0
ERBB2IP,0.0
FAM124B,0.0
KCNE1,0.0
FKBP9L,0.0
KCNE2,0.0
CMPK2,0.0
LMF2,0.0
CMPK1,0.0
UTP14C,0.0
PLOD2,0.0
NCRNA00120,0.0
ADCY9,0.0
KIF27,0.0
KIF24,0.0
KIF25,0.0
DEFB132,0.0
BDP1,0.0
PMS2L2,0.0
LIG1,0.0
CSNK1E,0.0
CSNK1D,0.0
PMS2L5,0.0
HTATIP2,0.0
RFTN1,0.0
TEX261,0.0
MMEL1,0.0
IGSF11,0.0
AJAP1,0.0
FAM23A,0.0
TMEM106A,0.0
TUBA1A,0.0
TUBA1C,0.0
C15orf33,0.0
SLC25A39,0.0
TMEM106B,0.0
TAF6,0.0
PGBD3,0.0
CRCP,0.0
PALB2,0.0
SMCR7L,0.0
PGBD5,0.0
RIMKLA,0.0
PGBD4,0.0
PRH1,0.0
CNTD1,0.0
FAM102A,0.0
FAM102B,0.0
SLC7A6,0.0
TMEM188,0.0
RIBC1,0.0
GNG2,0.0
ZMAT2,0.0
EVI5L,0.0
DPY19L2P4,0.0
AFARP1,0.0
UMODL1,0.0
TPSD1,0.0
ALS2CR8,0.0
GPBAR1,0.0
DCP1A,0.0
DCP1B,0.0
BCHE,0.0
SLC25A36,0.0
CYP2S1,0.0
TMEM182,0.0
H6PD,0.0
GLIS1,0.0
GLIS3,0.0
GLIS2,0.0
FPGS,0.0
LOC100132724,0.0
KIAA1409,0.0
THEM5,0.0
ZKSCAN4,0.0
IL10RB,0.0
CHMP5,0.0
TMEM180,0.0
TMEM181,0.0
FNBP4,0.0
WNT16,0.0
RPS12,0.0
ASNA1,0.0
DPF1,0.0
COPS3,0.0
COPS2,0.0
FOXP4,0.0
RCCD1,0.0
COPS8,0.0
FOXP3,0.0
WHSC2,0.0
CD300A,0.0
RFK,0.0
ADAM32,0.0
LOC100129034,0.0
FLJ42709,0.0
HSD3B7,0.0
PARP16,0.0
RHBDL1,0.0
RHBDL3,0.0
TKT,0.0
SPOP,0.0
PLCH2,0.0
SREBF1,0.0
MYCN,0.0
YWHAG,0.0
PLEKHH1,0.0
PLEKHH2,0.0
DPF3,0.0
DPF2,0.0
AGFG1,0.0
THOC6,0.0
THOC7,0.0
THOC1,0.0
KLK4,0.0
FAM92B,0.0
FAM69A,0.0
FAM69C,0.0
CRYGS,0.0
ZNF550,0.0
CLEC17A,0.0
MRPL30,0.0
ZNF670,0.0
SOX9,0.0
PRRG2,0.0
THOC5,0.0
KRT4,0.0
CRYGN,0.0
SIX2,0.0
FST,0.0
SIX1,0.0
RPL18A,0.0
MRPL38,0.0
NUDT7,0.0
NUDT6,0.0
NUDT5,0.0
NUDT4,0.0
NUDT2,0.0
NUDT1,0.0
DLD,0.0
IGF1,0.0
IGF2,0.0
NLN,0.0
FAM135B,0.0
EPHX1,0.0
ZNF598,0.0
FBXL22,0.0
TP53BP1,0.0
DDRGK1,0.0
MEF2A,0.0
MEF2B,0.0
CYP27A1,0.0
MAL,0.0
FLJ42875,0.0
ZNF628,0.0
LARS,0.0
NTHL1,0.0
PHLDB3,0.0
COL16A1,0.0
LOC100286844,0.0
GTSF1,0.0
MDGA1,0.0
YTHDF1,0.0
PPOX,0.0
YTHDF3,0.0
COPS5,0.0
COPS6,0.0
FAM135A,0.0
NLK,0.0
SHOX2,0.0
VEZF1,0.0
PLCH1,0.0
TFPI,0.0
SIX5,0.0
PDE7A,0.0
PTCD1,0.0
DSCR3,0.0
PTCD2,0.0
GNAS,0.0
DSCR9,0.0
TMEM200B,0.0
SNRPF,0.0
TK2,0.0
PVR,0.0
SEPN1,0.0
TWSG1,0.0
HLTF,0.0
CLPTM1,0.0
TNFSF9,0.0
TMEM70,0.0
TMEM53,0.0
CLEC18A,0.0
FAM108C1,0.0
RADIL,0.0
GFAP,0.0
CDCA8,0.0
CDCA5,0.0
CDCA4,0.0
YLPM1,0.0
RELT,0.0
UBTF,0.0
DPYD,0.0
RGS20,0.0
BIN2,0.0
BIN3,0.0
BIN1,0.0
CHAF1B,0.0
OAF,0.0
VPS53,0.0
RSF1,0.0
ZNF717,0.0
METTL11B,0.0
TAS2R31,0.0
PIPSL,0.0
WBSCR22,0.0
URB2,0.0
FKTN,0.0
FAM156A,0.0
C19orf10,0.0
C19orf12,0.0
NOL6,0.0
NOL7,0.0
NOL4,0.0
C19orf18,0.0
CHTF18,0.0
NOL8,0.0
C17orf39,0.0
BARX1,0.0
CABYR,0.0
RBBP7,0.0
BARX2,0.0
SULT1A2,0.0
PDDC1,0.0
ACRV1,0.0
PGLYRP2,0.0
TECR,0.0
NADSYN1,0.0
NEK10,0.0
CDC42,0.0
CDC40,0.0
IL3RA,0.0
WDFY1,0.0
ZNF652,0.0
PTHLH,0.0
SPRED2,0.0
FADS3,0.0
SYTL3,0.0
SYTL1,0.0
RRP7B,0.0
PCK2,0.0
HLA-DMA,0.0
TMEM63A,0.0
DMRTC1B,0.0
PP14571,0.0
MRPL33,0.0
MRPL32,0.0
ATM,0.0
CRISPLD1,0.0
CRISPLD2,0.0
MRPL36,0.0
ZMPSTE24,0.0
HDGF,0.0
NANOS1,0.0
RELB,0.0
RELN,0.0
ESRP1,0.0
ESRP2,0.0
IGDCC3,0.0
SDR42E1,0.0
MGC23284,0.0
ECT2L,0.0
TMCC1,0.0
SLC15A4,0.0
BCAP29,0.0
DACT3,0.0
DACT1,0.0
CEND1,0.0
TP53TG1,0.0
NBPF22P,0.0
SS18L2,0.0
LOC100272217,0.0
RALB,0.0
CYB5A,0.0
RG9MTD3,0.0
FLJ10213,0.0
PCDH19,0.0
TCL1A,0.0
PCDH18,0.0
MUC4,0.0
SLC31A1,0.0
PLB1,0.0
KCNF1,0.0
PLEKHH3,0.0
LOC100272216,0.0
TFEB,0.0
DYNLL1,0.0
TMEM40,0.0
NT5E,0.0
AHNAK,0.0
CDC16,0.0
BMP8B,0.0
BMP8A,0.0
KIF19,0.0
SFRP4,0.0
FLCN,0.0
FCAR,0.0
TTN,0.0
PHLDB1,0.0
ATP6V0D2,0.0
LYPLA1,0.0
PTAFR,0.0
CACNA1G,0.0
TOR2A,0.0
SLC15A1,0.0
SLC15A2,0.0
BGLAP,0.0
HOTAIR,0.0
PDCL3,0.0
IGSF9B,0.0
TMEM200C,0.0
ATP6V0D1,0.0
LOC100132111,0.0
CMKLR1,0.0
WIPF1,0.0
ARHGAP39,0.0
WIPF3,0.0
BCKDHA,0.0
ARHGAP36,0.0
ARHGAP33,0.0
ARHGAP31,0.0
ARHGAP30,0.0
SLC16A7,0.0
NPY2R,0.0
LYVE1,0.0
CACNA1E,0.0
CACNA1D,0.0
CACNA1C,0.0
CACNA1A,0.0
GPS2,0.0
CACNA1I,0.0
CACNA1H,0.0
SNORA53,0.0
UQCRB,0.0
LOC647946,0.0
PIBF1,0.0
KHDC1,0.0
DYNLL2,0.0
SLC16A5,0.0
STOML2,0.0
STAT6,0.0
SARS,0.0
SLAIN2,0.0
FKBP1A,0.0
FKBP1B,0.0
SYT3,0.0
OSGIN2,0.0
PPM1K,0.0
C4BPB,0.0
EGR2,0.0
RNF148,0.0
MAP1B,0.0
ABCF3,0.0
PPM1D,0.0
PPM1E,0.0
PPM1F,0.0
PPM1G,0.0
LMO1,0.0
S100A13,0.0
RICTOR,0.0
PDIK1L,0.0
ZFP91,0.0
PAX1,0.0
PAX7,0.0
PAX5,0.0
ABCF1,0.0
MAP1A,0.0
NKAIN2,0.0
UNC50,0.0
LGALS9B,0.0
LGALS9C,0.0
ZNF431,0.0
C4orf23,0.0
C4orf21,0.0
PRDM1,0.0
C4orf29,0.0
TTC19,0.0
SLC22A17,0.0
PIP5K1P1,0.0
TTC17,0.0
TTC15,0.0
LLGL1,0.0
RBM45,0.0
RBM44,0.0
RBM43,0.0
RBM42,0.0
ZFP92,0.0
SLC31A2,0.0
S100A11,0.0
C3orf63,0.0
TRPT1,0.0
FBLIM1,0.0
RP9P,0.0
NOTCH2NL,0.0
ECD,0.0
RSC1A1,0.0
LRRC3B,0.0
UGDH,0.0
PKNOX2,0.0
PLCD4,0.0
FRMD7,0.0
FRMD6,0.0
FRMD5,0.0
IMMP1L,0.0
ZSCAN5A,0.0
MON1B,0.0
FRMD8,0.0
MAP1S,0.0
TBC1D4,0.0
CCM2,0.0
VGF,0.0
UNC5C,0.0
LOC285830,0.0
FAM117A,0.0
ZNF33B,0.0
LRRC36,0.0
C14orf126,0.0
LRRC34,0.0
LRRC33,0.0
ZNF430,0.0
MALAT1,0.0
SGSM3,0.0
CD300LB,0.0
CD300LF,0.0
CD300LG,0.0
PEBP4,0.0
TEX10,0.0
TEX11,0.0
RPLP0,0.0
NSL1,0.0
RPLP2,0.0
FAM168A,0.0
NFKBIB,0.0
EPHX4,0.0
EPHX2,0.0
EVC,0.0
CG030,0.0
ARID3A,0.0
SLC7A5P2,0.0
HBXIP,0.0
TTC3,0.0
THYN1,0.0
PRIMA1,0.0
CIB1,0.0
MAPKSP1,0.0
CIB3,0.0
ZNF330,0.0
ST3GAL2,0.0
ST3GAL3,0.0
OXSR1,0.0
RIC3,0.0
SATB1,0.0
CCDC160,0.0
PURB,0.0
SERPINA3,0.0
IQSEC2,0.0
FAM90A1,0.0
LRP2BP,0.0
SLC16A2,0.0
LRRC31,0.0
TUFM,0.0
SLC16A1,0.0
OSBPL8,0.0
CYP7B1,0.0
MAGEA12,0.0
TJAP1,0.0
ATF6B,0.0
ZNF451,0.0
GALNS,0.0
C7orf28B,0.0
NINJ2,0.0
NINJ1,0.0
ZNF836,0.0
SLC16A3,0.0
MFSD10,0.0
SUPT3H,0.0
C14orf129,0.0
CXADR,0.0
NEK6,0.0
BBX,0.0
RABL2B,0.0
CELSR3,0.0
CLCNKB,0.0
C20orf199,0.0
CLCNKA,0.0
C20orf194,0.0
ST3GAL1,0.0
BMPER,0.0
C20orf197,0.0
IQSEC1,0.0
TCEB1,0.0
TCEB2,0.0
KTN1,0.0
SVIL,0.0
MAD2L2,0.0
NAA50,0.0
C7orf28A,0.0
ST3GAL4,0.0
ST3GAL5,0.0
SGPP1,0.0
C20orf195,0.0
DENND5A,0.0
DENND5B,0.0
HEXIM1,0.0
HACE1,0.0
IDS,0.0
OR7E91P,0.0
ATP8B5P,0.0
TOMM40L,0.0
XCL1,0.0
ARMCX5,0.0
SMEK2,0.0
AASDHPPT,0.0
GDAP2,0.0
RAB3C,0.0
CRLS1,0.0
C14orf102,0.0
BAT1,0.0
BAT2,0.0
C14orf101,0.0
C14orf106,0.0
RUNX1T1,0.0
HIST2H2BA,0.0
ARMC5,0.0
CCDC103,0.0
FAHD2B,0.0
C14orf109,0.0
BATF,0.0
LOC643763,0.0
TIAL1,0.0
PDIA4,0.0
TMEM38A,0.0
PTPRN2,0.0
ZNF235,0.0
LOC286367,0.0
FAM83H,0.0
PDHB,0.0
ZNF107,0.0
CTNNBL1,0.0
HEXIM2,0.0
PIK3R2,0.0
PIK3R4,0.0
PIK3R5,0.0
BAT5,0.0
C14orf104,0.0
AQP7P1,0.0
LRRC17,0.0
LRRC19,0.0
ZNF532,0.0
ARMCX6,0.0
ELFN1,0.0
CATSPER2P1,0.0
PTCRA,0.0
PIK3R1,0.0
FUBP1,0.0
CECR2,0.0
CECR1,0.0
REEP6,0.0
PI4KAP2,0.0
DLC1,0.0
REEP2,0.0
REEP3,0.0
RPRM,0.0
POLD4,0.0
LOC641298,0.0
POLD2,0.0
CCDC101,0.0
MT1DP,0.0
MAPK8IP3,0.0
MAPK8IP2,0.0
USF2,0.0
ARMCX2,0.0
SAV1,0.0
CHRNA3,0.0
CHRNA1,0.0
FER,0.0
CHRNA6,0.0
ARL6IP1,0.0
ARL6IP4,0.0
ARL6IP6,0.0
BICD2,0.0
TNFAIP8L2,0.0
LRG1,0.0
IDE,0.0
TNFAIP8L3,0.0
CDRT15P,0.0
GLIPR1L2,0.0
NFATC3,0.0
RBKS,0.0
ARMC6,0.0
RRS1,0.0
HIATL2,0.0
CCDC108,0.0
CECR4,0.0
CGN,0.0
KLF16,0.0
KLF17,0.0
EBAG9,0.0
KLF12,0.0
KLF13,0.0
ZNF814,0.0
SPTBN1,0.0
SNORD116-28,0.0
SPTBN4,0.0
ZNF813,0.0
HIST2H2BF,0.0
CECR5,0.0
CGA,0.0
NFAM1,0.0
ZNF713,0.0
EBPL,0.0
RFC4,0.0
DMRTA1,0.0
THG1L,0.0
TIE1,0.0
TLE2,0.0
ANKMY2,0.0
ANKMY1,0.0
GNB2L1,0.0
LRP1B,0.0
TRIM6,0.0
NBEAL2,0.0
XPOT,0.0
LOC401052,0.0
TROVE2,0.0
SERPINB9,0.0
TATDN3,0.0
AFG3L2,0.0
DHCR7,0.0
C14orf28,0.0
TFAP2C,0.0
TFAP2A,0.0
KLF14,0.0
KLF15,0.0
AVIL,0.0
HDAC1,0.0
LOC92659,0.0
MRPL39,0.0
PCNX,0.0
C4orf12,0.0
EPHA10,0.0
DYNC1H1,0.0
TMEM208,0.0
CLEC11A,0.0
CLDN20,0.0
CYP4V2,0.0
ESRRB,0.0
TOM1L2,0.0
ESRRA,0.0
RAB37,0.0
SPOCD1,0.0
SERPINI1,0.0
OVOL2,0.0
RPL37A,0.0
YIF1A,0.0
C14orf21,0.0
ASB13,0.0
VPS33A,0.0
HLA-DQA2,0.0
HLA-DQA1,0.0
MAPT,0.0
MRPS6,0.0
C6orf225,0.0
TBX6,0.0
NR1I2,0.0
CYP27C1,0.0
TBX1,0.0
SUPT4H1,0.0
MSRA,0.0
CACNG4,0.0
ZNF80,0.0
MLC1,0.0
MTCH1,0.0
YWHAZ,0.0
ZNF445,0.0
GOLPH3,0.0
ZNF804A,0.0
PDHX,0.0
MAPKAPK2,0.0
TSSK6,0.0
MAPKAPK5,0.0
DQX1,0.0
FBXO9,0.0
PHLPP2,0.0
PABPC5,0.0
PABPC1,0.0
LOC148413,0.0
FBXO6,0.0
FDPS,0.0
HK1,0.0
ZBTB6,0.0
HK3,0.0
FAM19A5,0.0
DOK7,0.0
TYW1B,0.0
NNT,0.0
PTBP1,0.0
PTBP2,0.0
SERPINB8,0.0
CACNA2D4,0.0
ATP2B4,0.0
TNF,0.0
CACNA2D3,0.0
ZBTB7C,0.0
SLC44A5,0.0
EIF3E,0.0
SLC44A2,0.0
SLC44A1,0.0
PCNA,0.0
TYRP1,0.0
GBE1,0.0
C4orf14,0.0
TFAP2E,0.0
TFAP2B,0.0
FBXO5,0.0
CACNA2D1,0.0
SIM2,0.0
PPAN-P2RY11,0.0
PRPH,0.0
TRAPPC4,0.0
TRAPPC3,0.0
PSMG3,0.0
PSMG2,0.0
PSMG1,0.0
ABCA17P,0.0
GRAP2,0.0
TBC1D10B,0.0
PSMG4,0.0
NUB1,0.0
DGAT2,0.0
DGAT1,0.0
LILRB1,0.0
LILRB2,0.0
C15orf17,0.0
ATPIF1,0.0
LILRB5,0.0
CYP2U1,0.0
KCNH4,0.0
TACR1,0.0
TACR2,0.0
CNTFR,0.0
MTCP1,0.0
HRSP12,0.0
LIN52,0.0
CNTNAP3,0.0
LRRN4,0.0
FIZ1,0.0
WNT3,0.0
MAGEH1,0.0
DFNA5,0.0
DCAF13,0.0
FAM72A,0.0
FAM72B,0.0
GMEB2,0.0
TMEM129,0.0
TRAPPC9,0.0
RRBP1,0.0
TUBD1,0.0
PFN1,0.0
PDCD10,0.0
ZC4H2,0.0
ST6GALNAC3,0.0
PRRT1,0.0
KIAA1274,0.0
UTS2D,0.0
PPP1R14A,0.0
RHBG,0.0
SBSN,0.0
VPS4B,0.0
PLEKHM2,0.0
PLEKHM1,0.0
TMEM156,0.0
KIDINS220,0.0
ACSS1,0.0
ACSS2,0.0
EPB41L5,0.0
EPB41L2,0.0
EPB41L3,0.0
NAA16,0.0
ALOX12B,0.0
NMNAT1,0.0
C20orf46,0.0
NMNAT2,0.0
OSTalpha,0.0
SULT1A1,0.0
MEIS3P1,0.0
FAM71E1,0.0
ILDR1,0.0
ILDR2,0.0
ZSWIM1,0.0
AP3D1,0.0
ZSWIM7,0.0
LRRC70,0.0
ZSWIM6,0.0
GDAP1,0.0
LOC147804,0.0
NRK,0.0
GATAD2B,0.0
GRAPL,0.0
PPIH,0.0
SLC35D3,0.0
DSEL,0.0
TIMM17B,0.0
KSR2,0.0
KSR1,0.0
RRN3P3,0.0
KIAA0586,0.0
LIN37,0.0
ZER1,0.0
NUP133,0.0
C9orf116,0.0
C9orf117,0.0
C9orf110,0.0
MRPL53,0.0
CCDC85A,0.0
LOC388789,0.0
PPIB,0.0
KCNH8,0.0
PPIC,0.0
KCNH2,0.0
KCNH3,0.0
NDUFAF3,0.0
PRNP,0.0
ANKRD6,0.0
ANKRD5,0.0
UBOX5,0.0
OPLAH,0.0
LOC100268168,0.0
YME1L1,0.0
MPPE1,0.0
DISP1,0.0
TFIP11,0.0
GLI1,0.0
NCRNA00235,0.0
MRPL34,0.0
RPSA,0.0
GPRIN1,0.0
GPRIN3,0.0
MRPL37,0.0
DHDPSL,0.0
RECK,0.0
MOGS,0.0
ST8SIA6,0.0
BLMH,0.0
RCC1,0.0
SPATA1,0.0
SPATA2,0.0
UBA7,0.0
DMKN,0.0
ROGDI,0.0
CECR6,0.0
NECAB3,0.0
LEPREL2,0.0
TCF7L2,0.0
CHGB,0.0
CPAMD8,0.0
FAM18B2,0.0
?|652919,0.0
SLFNL1,0.0
LOC100302401,0.0
TIGD3,0.0
ID1,0.0
ZNF846,0.0
ID2,0.0
TLR5,0.0
DICER1,0.0
CEP152,0.0
CNTNAP2,0.0
PPP1R15A,0.0
LRRN1,0.0
GLI3,0.0
AHDC1,0.0
BCMO1,0.0
ANKRD9,0.0
ANKRD2,0.0
ANKRD1,0.0
ID3,0.0
PTPLA,0.0
HSPA5,0.0
HSFX2,0.0
HSPA6,0.0
WHSC1L1,0.0
HSPA7,0.0
B2M,0.0
LAPTM5,0.0
PROCA1,0.0
ZNF70,0.0
HSPA2,0.0
SFRS2IP,0.0
GTF2E2,0.0
SIGLEC5,0.0
TOM1,0.0
LOC100131496,0.0
ZNF43,0.0
HSPA8,0.0
C2CD2,0.0
ABCD4,0.0
ABCD2,0.0
ABCD3,0.0
ABCD1,0.0
DRAP1,0.0
SPTLC3,0.0
SPTLC2,0.0
DUOXA2,0.0
MTMR8,0.0
HCCS,0.0
TSGA14,0.0
PDGFD,0.0
HNRNPA1L2,0.0
COL8A1,0.0
COL8A2,0.0
LONP2,0.0
PEF1,0.0
TMEM145,0.0
RANGRF,0.0
DUOXA1,0.0
NT5DC3,0.0
FOLR1,0.0
LETMD1,0.0
DNM1L,0.0
NBL1,0.0
SIGLEC8,0.0
RDBP,0.0
CWH43,0.0
SPATA6,0.0
ATPBD4,0.0
SPATA7,0.0
TLR9,0.0
RCC2,0.0
TBC1D22A,0.0
FOLR2,0.0
TTC38,0.0
TTC37,0.0
TTC31,0.0
PARD6G,0.0
NPC1L1,0.0
ERMP1,0.0
SLC38A4,0.0
ZNF83,0.0
CCBE1,0.0
FSD1,0.0
FLJ43663,0.0
SETX,0.0
SIKE1,0.0
FAM7A3,0.0
FAM7A2,0.0
PLA2G5,0.0
REM2,0.0
DDTL,0.0
SLC22A20,0.0
RNF135,0.0
ITPRIP,0.0
SLC38A6,0.0
UCKL1AS,0.0
TAOK2,0.0
NPAT,0.0
HMGB2,0.0
CYB5B,0.0
PFDN2,0.0
ITGB3BP,0.0
PRKAA1,0.0
PRKAA2,0.0
PDAP1,0.0
GSTO2,0.0
DCDC2,0.0
UNK,0.0
WTIP,0.0
DCDC1,0.0
DSE,0.0
ARSH,0.0
GLMN,0.0
ZNF175,0.0
PPP1R3D,0.0
TP53RK,0.0
DSP,0.0
DST,0.0
PPP1R3F,0.0
SLC9A7,0.0
QPCTL,0.0
LRMP,0.0
ME1,0.0
ZNF137,0.0
MTHFSD,0.0
THBD,0.0
NDUFS1,0.0
C10orf82,0.0
C15orf57,0.0
C15orf58,0.0
ATPAF1,0.0
MCRS1,0.0
SLC6A10P,0.0
LARP1B,0.0
KRBA1,0.0
C4orf48,0.0
C4orf49,0.0
C4orf44,0.0
GTF2H2B,0.0
C4orf41,0.0
C3orf47,0.0
DDX18,0.0
GJB4,0.0
GJB5,0.0
GJB2,0.0
GJB1,0.0
DDX11,0.0
DDX10,0.0
DDX12,0.0
ZNF124,0.0
DDX17,0.0
LOC653113,0.0
C3orf42,0.0
RAB2A,0.0
RNF207,0.0
SCARF2,0.0
CAPZA2,0.0
PDE10A,0.0
LASS5,0.0
FYCO1,0.0
FRMPD2,0.0
FRMPD1,0.0
ZNF84,0.0
ZNF81,0.0
AUH,0.0
LLGL2,0.0
GEMIN4,0.0
GEMIN6,0.0
ENHO,0.0
PTK2,0.0
PFDN1,0.0
OBSCN,0.0
CFD,0.0
LOC728613,0.0
SLC22A11,0.0
ACOX1,0.0
ACOX3,0.0
ACOX2,0.0
SLC22A18,0.0
GEMIN5,0.0
FBXO16,0.0
IFNG,0.0
RAB11FIP2,0.0
FBXO11,0.0
FAM3B,0.0
TBX20,0.0
RENBP,0.0
FAM114A2,0.0
GRWD1,0.0
FAM114A1,0.0
SPNS3,0.0
PCBP4,0.0
GAL3ST1,0.0
OSBPL9,0.0
HSPC157,0.0
MATN1,0.0
IL17REL,0.0
USH1G,0.0
C3orf39,0.0
C3orf34,0.0
C3orf35,0.0
ARHGDIB,0.0
C4orf52,0.0
ATG16L2,0.0
IL17RD,0.0
IL18RAP,0.0
CEP110,0.0
SHARPIN,0.0
SDHD,0.0
SDHB,0.0
BAP1,0.0
SDHA,0.0
LOC100130872,0.0
NSUN5P2,0.0
LOC100101266,0.0
SYS1,0.0
RAB3IP,0.0
SRPK1,0.0
SAMD11,0.0
PCBP1,0.0
DLG4,0.0
DLG5,0.0
DLG2,0.0
DLG3,0.0
CCDC149,0.0
TMEM120A,0.0
SF3B5,0.0
CCDC146,0.0
CCDC147,0.0
STRC,0.0
CHSY3,0.0
PTGR1,0.0
MYBL2,0.0
SAMD10,0.0
ARHGAP15,0.0
RABGAP1,0.0
PTK7,0.0
AHSA2,0.0
AHSA1,0.0
PVT1,0.0
SLC9A6,0.0
SIRT5,0.0
BMS1,0.0
TSPYL1,0.0
SIRT6,0.0
CHKB,0.0
XPA,0.0
GPR137B,0.0
C1orf21,0.0
IMPAD1,0.0
MAPK1IP1L,0.0
PRDM2,0.0
SPP1,0.0
MRI1,0.0
ZDBF2,0.0
TRPC4,0.0
LRRC14B,0.0
GAL3ST4,0.0
GAL3ST2,0.0
POMP,0.0
FZD10,0.0
POLH,0.0
TEX2,0.0
TMEM99,0.0
RAB11FIP4,0.0
SNRPG,0.0
CD3EAP,0.0
ADRA1D,0.0
TEX9,0.0
ADRA1B,0.0
ADRA1A,0.0
OSBPL5,0.0
KIAA0776,0.0
ARHGAP12,0.0
OSBPL2,0.0
GMIP,0.0
C1orf27,0.0
C1orf26,0.0
FGL1,0.0
SIRT2,0.0
TMEM91,0.0
RPA2,0.0
CAPZB,0.0
IL7R,0.0
ARHGAP18,0.0
STARD7,0.0
ARHGAP10,0.0
OSBPL7,0.0
KRT75,0.0
GUCA1B,0.0
SLC22A15,0.0
GPR97,0.0
KIAA1826,0.0
LOC728875,0.0
SPEG,0.0
ZNF37B,0.0
CD40,0.0
TCTE1,0.0
TCTE3,0.0
ZNF747,0.0
C10orf84,0.0
PLEK2,0.0
PPP1R14B,0.0
PPP1R14D,0.0
SAMD5,0.0
SCOC,0.0
SCML1,0.0
ALKBH2,0.0
ALKBH5,0.0
ALKBH4,0.0
ALKBH7,0.0
ALKBH6,0.0
ALKBH8,0.0
UBP1,0.0
ZNF404,0.0
ATP6V0A2,0.0
HSBP1,0.0
USF1,0.0
MYCBPAP,0.0
ZNF75D,0.0
TMEM14A,0.0
FAM73B,0.0
CCL8,0.0
TAS2R20,0.0
CCL4,0.0
CCL7,0.0
C17orf108,0.0
NFATC2,0.0
CCL3,0.0
CCL2,0.0
HS3ST3A1,0.0
NUBP1,0.0
ZCWPW2,0.0
GFER,0.0
GTF2E1,0.0
UNC13A,0.0
C17orf100,0.0
C17orf103,0.0
C17orf104,0.0
C17orf106,0.0
NFATC4,0.0
RAB23,0.0
PHIP,0.0
TMED7-TICAM2,0.0
TRIM78P,0.0
FRK,0.0
DIDO1,0.0
TMEM164,0.0
GCET2,0.0
TRMT5,0.0
AMDHD1,0.0
DNAJB4,0.0
DNAJB5,0.0
PCDH17,0.0
GRIK1,0.0
FAM65B,0.0
ATP6V0A1,0.0
FCF1,0.0
RGP1,0.0
TBK1,0.0
NIPA1,0.0
TRIM7,0.0
LOC647979,0.0
C1orf58,0.0
C1orf59,0.0
MPZL2,0.0
C1orf55,0.0
DNAJB6,0.0
PCDH10,0.0
PCDH12,0.0
PCDHGB6,0.0
PRR12,0.0
RALY,0.0
SDSL,0.0
ZNF37A,0.0
PRIC285,0.0
ZBTB43,0.0
DNAJB7,0.0
EPB49,0.0
DNAJB1,0.0
FRY,0.0
DNAJB9,0.0
ARHGDIG,0.0
DBF4B,0.0
MPZL3,0.0
KRT18,0.0
C8orf51,0.0
C8orf55,0.0
C8orf59,0.0
C8orf58,0.0
ALKBH1,0.0
RALA,0.0
ALKBH3,0.0
COL17A1,0.0
DNAJB2,0.0
IL6R,0.0
PODXL2,0.0
TCL1B,0.0
ZNF572,0.0
TTC22,0.0
FLJ46111,0.0
FUNDC2P2,0.0
DOT1L,0.0
TTC25,0.0
MARCH3,0.0
MARCH6,0.0
MARCH7,0.0
ZBBX,0.0
HNRPLL,0.0
FNBP1,0.0
SMG5,0.0
IMMP2L,0.0
LIN7B,0.0
FLJ37201,0.0
LIN7A,0.0
DNAL4,0.0
NACAD,0.0
NCLN,0.0
CERK,0.0
EIF3B,0.0
EIF3A,0.0
MARCH5,0.0
C15orf51,0.0
C15orf52,0.0
C15orf54,0.0
AFAP1,0.0
TRIP12,0.0
KIF18A,0.0
STARD5,0.0
PHOSPHO1,0.0
RBM20,0.0
ARFIP2,0.0
ARFIP1,0.0
RBM23,0.0
ENO1,0.0
PSMC4,0.0
PSMC2,0.0
PSMC1,0.0
ZNF75A,0.0
MYRIP,0.0
GRIN3A,0.0
GJB6,0.0
IFT172,0.0
ZNF543,0.0
CPVL,0.0
TRAM2,0.0
ENO3,0.0
ENO2,0.0
PSMC6,0.0
CDKN2D,0.0
SLIT1,0.0
CDKN2B,0.0
AAMP,0.0
TTC28,0.0
SASH3,0.0
ATP5A1,0.0
ZNF571,0.0
ZDHHC3,0.0
ITGBL1,0.0
BRIP1,0.0
SMPD2,0.0
STYK1,0.0
SMG1,0.0
ZNF542,0.0
NEIL1,0.0
UBTD1,0.0
UBTD2,0.0
SAP30L,0.0
NME2,0.0
INPP5E,0.0
TCF4,0.0
EDEM1,0.0
EDEM2,0.0
NME7,0.0
NME6,0.0
ADAM33,0.0
PGCP,0.0
EIF3M,0.0
EIF3L,0.0
EIF3J,0.0
EIF3I,0.0
EIF3H,0.0
CLSTN3,0.0
CLSTN1,0.0
RNF13,0.0
FOXI3,0.0
BTN3A2,0.0
FOXI1,0.0
BARD1,0.0
SMPD4,0.0
NOL11,0.0
TMEM104,0.0
MKKS,0.0
ARMC10,0.0
FADD,0.0
FGFBP1,0.0
FGFBP2,0.0
SETD5,0.0
ALMS1P,0.0
CLIP1,0.0
BTN3A1,0.0
WDR7,0.0
ATR,0.0
ANXA8L2,0.0
ZNF518A,0.0
FLI1,0.0
SIGIRR,0.0
AADAT,0.0
TMEM195,0.0
PIAS1,0.0
UBXN6,0.0
NUF2,0.0
PCDHB12,0.0
AP3B2,0.0
TCIRG1,0.0
FLJ13224,0.0
WBP2,0.0
COL6A1,0.0
C22orf25,0.0
C11orf24,0.0
KLHL4,0.0
C11orf21,0.0
MPPED1,0.0
KLHL7,0.0
PPP1CC,0.0
FAM154B,0.0
KLHL6,0.0
FAM154A,0.0
CDC37L1,0.0
CCDC71,0.0
CCDC73,0.0
CCDC72,0.0
CCDC75,0.0
CCDC76,0.0
PLA2G3,0.0
PLA2G7,0.0
PLA2G6,0.0
CLK2P,0.0
PEX16,0.0
ANGEL1,0.0
ANGEL2,0.0
C19orf35,0.0
PEX12,0.0
PEX13,0.0
PEX10,0.0
NIP7,0.0
FOXO4,0.0
PPP2R1B,0.0
SDHC,0.0
FOXO3,0.0
ZNF788,0.0
MCL1,0.0
AGPAT9,0.0
C19orf33,0.0
C19orf36,0.0
TMEM158,0.0
FBXO15,0.0
C20orf11,0.0
FAM3C,0.0
C12orf10,0.0
FAM3A,0.0
TBX21,0.0
C3orf33,0.0
USH1C,0.0
ARHGDIA,0.0
ORC5L,0.0
UAP1L1,0.0
NOXA1,0.0
C19orf38,0.0
EIF3CL,0.0
PPP1R16B,0.0
RWDD4A,0.0
DENND3,0.0
GPR27,0.0
SESN3,0.0
GPR26,0.0
VSIG10,0.0
C3orf32,0.0
LOC646214,0.0
PACSIN1,0.0
PPP2CA,0.0
SOCS2,0.0
KCNMB1,0.0
C19orf39,0.0
EPCAM,0.0
SPAG1,0.0
OGG1,0.0
GPR20,0.0
TRH,0.0
FAM71D,0.0
METTL2A,0.0
NDUFAF4,0.0
KLK11,0.0
KLK10,0.0
KLK13,0.0
PCK1,0.0
WAPAL,0.0
COL6A6,0.0
RFXANK,0.0
POM121,0.0
COL6A2,0.0
GPR21,0.0
PROX1,0.0
C9orf169,0.0
NACA2,0.0
WSCD2,0.0
GGPS1,0.0
PDPN,0.0
VPS16,0.0
KLK12,0.0
NNMT,0.0
LRCH4,0.0
DDR1,0.0
SPEN,0.0
GHITM,0.0
TMEM105,0.0
TMEM107,0.0
FOXH1,0.0
SPARCL1,0.0
HOPX,0.0
HIST3H2BB,0.0
TMEM108,0.0
FPR1,0.0
CCDC78,0.0
CNTD2,0.0
ADI1,0.0
C15orf34,0.0
ADPRH,0.0
ARRB1,0.0
ARRB2,0.0
ALG10B,0.0
C15orf39,0.0
UBE3C,0.0
PLD5,0.0
AGBL2,0.0
AGBL3,0.0
TMEM109,0.0
NSMCE2,0.0
CHEK2,0.0
PJA2,0.0
LOC728640,0.0
LOC728643,0.0
PJA1,0.0
FLJ33630,0.0
RTN4RL1,0.0
PPM1H,0.0
EGR4,0.0
FPR3,0.0
PLD4,0.0
LRCH1,0.0
GINS4,0.0
PROK1,0.0
GINS1,0.0
GINS3,0.0
GINS2,0.0
PTPN4,0.0
PTPN5,0.0
PCDHA13,0.0
PCDHA12,0.0
AHCYL1,0.0
PCDHA10,0.0
PAX3,0.0
LRCH2,0.0
BTF3,0.0
EIF2C4,0.0
FBXO42,0.0
FBXO43,0.0
FBXO46,0.0
FBXO44,0.0
PARD6A,0.0
C9orf167,0.0
C9orf163,0.0
COL1A1,0.0
AGPAT1,0.0
AGPAT4,0.0
AGPAT6,0.0
AGBL4,0.0
KCNJ8,0.0
LOC729991-MEF2B,0.0
KCNJ5,0.0
KCNJ6,0.0
KCNJ1,0.0
KCNJ3,0.0
NRBF2,0.0
RMND5A,0.0
KIAA1211,0.0
KIAA1210,0.0
KIAA1217,0.0
C9orf139,0.0
FPR2,0.0
C9orf131,0.0
AGBL5,0.0
PTDSS1,0.0
CEMP1,0.0
C6,0.0
DSG1,0.0
C2,0.0
C3,0.0
PSMA5,0.0
OBSL1,0.0
PSMA7,0.0
PSMA1,0.0
AKAP8L,0.0
EIF2C1,0.0
GPNMB,0.0
SNAP25,0.0
PLD6,0.0
PILRA,0.0
CP,0.0
RPS6KA4,0.0
DET1,0.0
EXPH5,0.0
SNRPB2,0.0
VEPH1,0.0
EIF2C2,0.0
EIF2C3,0.0
FBXO48,0.0
PSMA2,0.0
EMILIN1,0.0
EMILIN2,0.0
PAQR7,0.0
OGDHL,0.0
LDOC1L,0.0
PDZRN4,0.0
CLPTM1L,0.0
CORT,0.0
TAF1C,0.0
RBPMS2,0.0
SIAH3,0.0
ZNF319,0.0
SOCS3,0.0
ZNF317,0.0
LOC650368,0.0
JAGN1,0.0
FAM115A,0.0
FAM115C,0.0
HIVEP3,0.0
HIVEP2,0.0
HIVEP1,0.0
TMEM98,0.0
PIAS4,0.0
LOC283867,0.0
CTGF,0.0
ZNF318,0.0
DDX20,0.0
DDX21,0.0
DDX23,0.0
BDH1,0.0
CES8,0.0
OPN3,0.0
MUC5B,0.0
FFAR3,0.0
SIAH2,0.0
SIAH1,0.0
RAB40AL,0.0
RAP2C,0.0
TFR2,0.0
RERGL,0.0
UBE2R2,0.0
NFKB2,0.0
NFKB1,0.0
GPN2,0.0
LYSMD4,0.0
TEF,0.0
REPS1,0.0
HBA2,0.0
SCAPER,0.0
PIAS2,0.0
TPST2,0.0
DAPP1,0.0
DNPEP,0.0
AP4M1,0.0
KIAA1530,0.0
KBTBD6,0.0
TOP1P1,0.0
RGPD3,0.0
DIS3,0.0
SLCO1C1,0.0
FFAR2,0.0
KBTBD10,0.0
EBF1,0.0
EBF2,0.0
EBF3,0.0
GULP1,0.0
CES3,0.0
C15orf63,0.0
C15orf62,0.0
PDSS2,0.0
ENDOG,0.0
WNT9A,0.0
CDRT4,0.0
FKBP14,0.0
AP1M1,0.0
AP1M2,0.0
SAC3D1,0.0
ZCCHC11,0.0
ERRFI1,0.0
CES2,0.0
PGRMC1,0.0
METRNL,0.0
PLXNB2,0.0
?|390284,0.0
ZNF883,0.0
FLJ90757,0.0
MRE11A,0.0
RPS19BP1,0.0
HADHA,0.0
HADHB,0.0
LBXCOR1,0.0
P2RX6,0.0
VTI1B,0.0
P2RX4,0.0
P2RX5,0.0
P2RX1,0.0
MATN2,0.0
MATN3,0.0
LRRC59,0.0
DENND1A,0.0
DENND1B,0.0
DENND1C,0.0
LRRC57,0.0
LRRC56,0.0
KIAA1024,0.0
ALS2,0.0
HSPBP1,0.0
TRO,0.0
ABHD13,0.0
ABHD12,0.0
ABHD11,0.0
ABHD10,0.0
DHH,0.0
ABHD15,0.0
PLEKHJ1,0.0
LRRK2,0.0
LRRK1,0.0
JMY,0.0
PTN,0.0
DDX27,0.0
LYSMD1,0.0
CDC25A,0.0
ARPC2,0.0
ARPC3,0.0
MRPL17,0.0
C16orf61,0.0
C16orf62,0.0
C16orf63,0.0
MRPL12,0.0
MRPL11,0.0
MRPL10,0.0
FAM108A1,0.0
FN3K,0.0
FLJ10357,0.0
SRPR,0.0
SOCS1,0.0
CALN1,0.0
SOCS4,0.0
SOCS5,0.0
KCNMB4,0.0
HSDL2,0.0
PRMT7,0.0
UBR1,0.0
MORF4,0.0
GSK3B,0.0
NCKAP5,0.0
SCML2,0.0
PCM1,0.0
PACS2,0.0
CCNI,0.0
CCNH,0.0
CCNO,0.0
CCNC,0.0
TARP,0.0
CCNF,0.0
ZNF626,0.0
SCD5,0.0
LOC728819,0.0
CCNY,0.0
NGRN,0.0
GREM1,0.0
PI4KAP1,0.0
ZNF99,0.0
ZNF98,0.0
ZNF578,0.0
ZNF92,0.0
RPL32P3,0.0
SACS,0.0
CD302,0.0
TMEM100,0.0
POT1,0.0
LOC100130933,0.0
NELF,0.0
TGFB1I1,0.0
IL17RA,0.0
IL17RC,0.0
IL17RE,0.0
AIFM3,0.0
AIFM2,0.0
CASKIN1,0.0
CASKIN2,0.0
?|553137,0.0
NCOR1,0.0
NCOR2,0.0
UNC13D,0.0
DDX28,0.0
DDX24,0.0
CES4,0.0
CRMP1,0.0
SLC3A2,0.0
ZNF90,0.0
LRIG3,0.0
AMPH,0.0
CES1,0.0
UBQLNL,0.0
ITPR3,0.0
ITPR2,0.0
DCUN1D5,0.0
DCUN1D4,0.0
DCUN1D2,0.0
FLVCR2,0.0
C16orf68,0.0
ARPC5,0.0
RNF43,0.0
RNF44,0.0
EBF4,0.0
TAF1D,0.0
SNCG,0.0
PELI2,0.0
NOTCH3,0.0
FKBP11,0.0
UBE2J1,0.0
RAET1E,0.0
FBXO18,0.0
DCUN1D1,0.0
DNMT3A,0.0
SFRS12,0.0
TRIT1,0.0
CTNND1,0.0
FBXO4,0.0
FBXO2,0.0
TBX3,0.0
LAX1,0.0
C14orf64,0.0
RPP30,0.0
POLA2,0.0
EARS2,0.0
ENGASE,0.0
MYOM1,0.0
MYOM3,0.0
RPSAP58,0.0
KLRF1,0.0
BCORL1,0.0
FBXO8,0.0
FBXO7,0.0
SNRPB,0.0
GDE1,0.0
SNRPN,0.0
AAK1,0.0
UPK3BL,0.0
NDST3,0.0
LOC93622,0.0
CYP4Z1,0.0
PLCB4,0.0
ARHGEF35,0.0
FAM98A,0.0
ARHGEF37,0.0
FAM98C,0.0
SCNN1A,0.0
SCNN1B,0.0
PLEKHB2,0.0
JUP,0.0
ZNF750,0.0
C11orf58,0.0
RPSAP52,0.0
WARS,0.0
JMJD7-PLA2G4B,0.0
CUX1,0.0
ESR2,0.0
SCUBE1,0.0
SCUBE3,0.0
GIMAP2,0.0
GIMAP1,0.0
GIMAP7,0.0
GIMAP6,0.0
GIMAP5,0.0
GIMAP4,0.0
RHBDF2,0.0
DBR1,0.0
NT5DC2,0.0
TRUB2,0.0
SNX7,0.0
APEH,0.0
SLC44A3,0.0
LIG3,0.0
LOH12CR1,0.0
TAL2,0.0
CORO1A,0.0
CORO1C,0.0
CORO1B,0.0
RABEPK,0.0
SLC5A7,0.0
SNTB1,0.0
C21orf119,0.0
YARS,0.0
RNMTL1,0.0
KIAA0406,0.0
C14orf4,0.0
CCDC85C,0.0
C14orf2,0.0
SLAMF9,0.0
MEGF9,0.0
DCPS,0.0
PIN1,0.0
KIAA0408,0.0
XRN2,0.0
RBM10,0.0
ZNF121,0.0
FLJ45445,0.0
SFRS11,0.0
C1orf9,0.0
TAL1,0.0
QSER1,0.0
PMS2L1,0.0
LOC401010,0.0
SLC6A4,0.0
TRUB1,0.0
PRRT4,0.0
SERPINF2,0.0
NAV3,0.0
TLR1,0.0
LOC643837,0.0
ZMYND15,0.0
C18orf25,0.0
C18orf22,0.0
GLYATL2,0.0
RUSC2,0.0
PRRT2,0.0
ATL1,0.0
ATL3,0.0
SASS6,0.0
NAV2,0.0
LRRC1,0.0
TXNRD3IT1,0.0
LRRC6,0.0
CRYL1,0.0
VRK3,0.0
VRK1,0.0
MC1R,0.0
C9orf82,0.0
C9orf80,0.0
ZMYM6,0.0
C9orf86,0.0
C9orf85,0.0
CLEC9A,0.0
PNMA6A,0.0
C9orf89,0.0
LOC134466,0.0
ZFR2,0.0
UCP2,0.0
PTPRJ,0.0
PLAC8L1,0.0
RGS9BP,0.0
HUS1,0.0
PTPRK,0.0
SALL4,0.0
KLC4,0.0
SNRPE,0.0
C9orf84,0.0
TRAPPC2L,0.0
GXYLT1,0.0
PCSK6,0.0
PCSK1,0.0
PCSK2,0.0
ZDHHC12,0.0
ZDHHC13,0.0
ZDHHC11,0.0
PCSK9,0.0
TMEM167B,0.0
PTPRH,0.0
IRF2BP1,0.0
LRRC2,0.0
CBFA2T3,0.0
SLC28A3,0.0
LTC4S,0.0
KCNE4,0.0
CREBZF,0.0
CCNT2,0.0
PLDN,0.0
CCNT1,0.0
CAPRIN1,0.0
NAIF1,0.0
CAPRIN2,0.0
PODXL,0.0
AGER,0.0
CBFA2T2,0.0
DOCK6,0.0
DOCK3,0.0
DOCK2,0.0
SCO1,0.0
MRPL19,0.0
DOCK9,0.0
DOCK8,0.0
UCK1,0.0
EIF5AL1,0.0
SLC23A3,0.0
JUN,0.0
POLR2K,0.0
SHANK1,0.0
SLC9A3,0.0
SLC9A2,0.0
HSPH1,0.0
NCRNA00095,0.0
LOC342346,0.0
JUB,0.0
FAM184B,0.0
FAM184A,0.0
TNFRSF12A,0.0
GIMAP8,0.0
TWF2,0.0
MCCC1,0.0
ARHGEF38,0.0
PBXIP1,0.0
SHANK3,0.0
SNRPA,0.0
TNIP3,0.0
LRRC3,0.0
HHIPL1,0.0
CSPP1,0.0
LDLRAD3,0.0
FTHL3,0.0
RPL23AP64,0.0
PPFIBP2,0.0
ST20,0.0
MORN2,0.0
DOCK7,0.0
MORN5,0.0
USP37,0.0
SHMT1,0.0
USP34,0.0
USP33,0.0
USP30,0.0
ACSBG2,0.0
ACSBG1,0.0
TAP2,0.0
UHRF1BP1,0.0
SAAL1,0.0
DOCK5,0.0
DOCK4,0.0
MORN4,0.0
ZNF835,0.0
AMT,0.0
LZTS2,0.0
MYST3,0.0
RNF220,0.0
PCBP3,0.0
GUCY1A2,0.0
NR4A2,0.0
RAD51L1,0.0
KBTBD8,0.0
MEFV,0.0
SSNA1,0.0
GLYAT,0.0
KBTBD3,0.0
KBTBD4,0.0
AMH,0.0
HEG1,0.0
NPIPL3,0.0
WDR25,0.0
SERAC1,0.0
RSRC1,0.0
CARD16,0.0
NHSL1,0.0
MED31,0.0
MED30,0.0
KBTBD2,0.0
GSK3A,0.0
KCTD14,0.0
LOC285359,0.0
SLAIN1,0.0
TSTA3,0.0
PTPRR,0.0
C1orf70,0.0
ANKS1A,0.0
C1orf77,0.0
C1orf74,0.0
PTPRT,0.0
SAA2,0.0
CFTR,0.0
MAT2A,0.0
RAMP3,0.0
EPT1,0.0
ZNF449,0.0
ZNF658,0.0
POC5,0.0
ANKRD58,0.0
ANKRD55,0.0
ANKRD54,0.0
ANKRD57,0.0
ANKRD56,0.0
ANKRD50,0.0
ANKRD53,0.0
PTPRU,0.0
ICOS,0.0
TIAF1,0.0
SLC25A10,0.0
TUFT1,0.0
RASA3,0.0
ALDH18A1,0.0
TTF1,0.0
GTDC1,0.0
FNDC1,0.0
TTC39C,0.0
KDM6A,0.0
FGF19,0.0
SIRT4,0.0
HSP90AB2P,0.0
RASD1,0.0
COL29A1,0.0
FLJ11235,0.0
PSMA3,0.0
PDCD1LG2,0.0
RSL24D1,0.0
EPHA1,0.0
EPHA4,0.0
EPHA6,0.0
EPHA7,0.0
RFWD3,0.0
RFWD2,0.0
TMEM30B,0.0
RASL11A,0.0
RASL11B,0.0
C1QL3,0.0
C1QL1,0.0
SIRT3,0.0
LZTS1,0.0
CBARA1,0.0
RASA1,0.0
GP1BA,0.0
ZNF57,0.0
POLDIP2,0.0
RBM22,0.0
HHEX,0.0
RBM27,0.0
RBM26,0.0
MGAT2,0.0
PHAX,0.0
MGAT1,0.0
ZMYM3,0.0
FAM57A,0.0
FAM57B,0.0
C10orf140,0.0
SCN7A,0.0
HIST3H2A,0.0
RNF216L,0.0
HECW1,0.0
RBM25,0.0
C6orf108,0.0
FAM166B,0.0
TSPAN3,0.0
C7orf42,0.0
MIDN,0.0
NOP58,0.0
LZIC,0.0
LOC441454,0.0
AP4E1,0.0
PIP5K1C,0.0
MON1A,0.0
MYCT1,0.0
FCRL5,0.0
AMY2A,0.0
LOC100233209,0.0
ZMYM5,0.0
C14orf145,0.0
TSPAN6,0.0
PURG,0.0
ADAM19,0.0
ADAM15,0.0
ADAM12,0.0
ADAM11,0.0
ADAM10,0.0
NDUFA7,0.0
ZNF597,0.0
AMY2B,0.0
SFRS14,0.0
CPNE4,0.0
CPNE5,0.0
CPNE7,0.0
MIF4GD,0.0
CPNE1,0.0
CPNE2,0.0
TYW1,0.0
CPNE9,0.0
PPP1R2P1,0.0
SLC5A9,0.0
NRF1,0.0
C14orf148,0.0
LHX6,0.0
TRIM9,0.0
TUBB1,0.0
LLPH,0.0
FAU,0.0
NPAS1,0.0
NPAS2,0.0
FRG1B,0.0
FAP,0.0
TTC32,0.0
WASF2,0.0
SMOX,0.0
RPGRIP1L,0.0
DCP2,0.0
LRRC37B,0.0
LRRC37A,0.0
NKX6-1,0.0
PIR,0.0
FLII,0.0
SLC41A1,0.0
FSTL1,0.0
FSTL3,0.0
ZNF830,0.0
DPY19L2P2,0.0
KCNMB3,0.0
NFAT5,0.0
RPL12,0.0
C12orf47,0.0
C12orf44,0.0
C12orf43,0.0
C12orf41,0.0
TLR7,0.0
IGHMBP2,0.0
KCTD10,0.0
C12orf48,0.0
C12orf49,0.0
COG4,0.0
COG5,0.0
MSTO1,0.0
UBD,0.0
ERC1,0.0
NAP1L5,0.0
NKX3-2,0.0
TINF2,0.0
TSPAN1,0.0
SNX20,0.0
TMIGD2,0.0
CCDC28A,0.0
CCDC28B,0.0
LZTFL1,0.0
CCS,0.0
PPP1R12B,0.0
MAN2B1,0.0
KCTD13,0.0
TSPAN4,0.0
MAN2B2,0.0
HECTD1,0.0
HECTD3,0.0
HECTD2,0.0
TSPAN7,0.0
C14orf147,0.0
COG6,0.0
COG7,0.0
COG1,0.0
COG3,0.0
KCTD12,0.0
COG8,0.0
TNFRSF14,0.0
RBM5,0.0
RBM6,0.0
B4GALNT4,0.0
GREB1L,0.0
C21orf91,0.0
POTEF,0.0
PGP,0.0
C20orf114,0.0
C20orf117,0.0
C20orf111,0.0
C20orf112,0.0
LOC150786,0.0
GXYLT2,0.0
C20orf118,0.0
PGD,0.0
PGF,0.0
CAD,0.0
NDE1,0.0
AP1S3,0.0
C12orf65,0.0
C12orf66,0.0
CA8,0.0
C12orf62,0.0
C12orf63,0.0
NBPF14,0.0
SNORA8,0.0
TMEM168,0.0
ATAD2B,0.0
MIR17HG,0.0
RPS10P7,0.0
FITM1,0.0
FITM2,0.0
NTN5,0.0
NTN3,0.0
NAA35,0.0
ZMYND17,0.0
NAA38,0.0
MTFMT,0.0
RBM4,0.0
LMBRD1,0.0
PRPH2,0.0
AP1S2,0.0
AP1S1,0.0
ZBTB25,0.0
GMCL1,0.0
CAT,0.0
RBM9,0.0
LOC283314,0.0
OCEL1,0.0
B4GALNT3,0.0
B4GALNT2,0.0
B4GALNT1,0.0
SEMA5B,0.0
TMEM45A,0.0
ODAM,0.0
LOC153328,0.0
COL15A1,0.0
DDX49,0.0
UBE2Q1,0.0
TPTE,0.0
TTLL3,0.0
HSD17B7P2,0.0
GPATCH3,0.0
TNFSF15,0.0
C1orf86,0.0
SLC45A2,0.0
C1orf84,0.0
STRAP,0.0
ZNF238,0.0
GAN,0.0
TRAF1,0.0
LOC100132832,0.0
ZNF586,0.0
FBLN5,0.0
FBLN7,0.0
FBLN1,0.0
FBLN2,0.0
NLGN2,0.0
MKX,0.0
C1orf85,0.0
GPR44,0.0
ZNF500,0.0
SEPSECS,0.0
COX4NB,0.0
MRS2,0.0
BMI1,0.0
LOC644538,0.0
NDUFC2,0.0
SF4,0.0
ATP5J2,0.0
PTMA,0.0
FUT8,0.0
DDX43,0.0
MAGED4B,0.0
FUT1,0.0
FUT2,0.0
FUT3,0.0
FUT4,0.0
FUT6,0.0
FUT7,0.0
ARMCX1,0.0
C12orf68,0.0
CA2,0.0
CA3,0.0
VTCN1,0.0
GSTA1,0.0
FUT9,0.0
TMTC4,0.0
OVCA2,0.0
VNN2,0.0
MST1,0.0
SLC39A8,0.0
SAMD14,0.0
RPH3AL,0.0
TRAPPC2P1,0.0
TMTC1,0.0
DNAI1,0.0
EDNRB,0.0
EDNRA,0.0
DDX46,0.0
MFNG,0.0
LOC285419,0.0
GUF1,0.0
MAEL,0.0
DPYSL4,0.0
C20orf3,0.0
TMX2,0.0
PMS2L3,0.0
ZNF26,0.0
TBL1X,0.0
GZMM,0.0
GZMB,0.0
MFSD2B,0.0
MLL4,0.0
CHCHD8,0.0
MST4,0.0
CHCHD4,0.0
CHCHD7,0.0
CHCHD6,0.0
CHCHD1,0.0
CHCHD2,0.0
C14orf49,0.0
BAZ2A,0.0
OR2W3,0.0
GPLD1,0.0
C14orf43,0.0
VNN3,0.0
HINFP,0.0
FBXW11,0.0
UBE2D2,0.0
CDKN1A,0.0
CDKN1B,0.0
CDKN1C,0.0
DLG1,0.0
GDF10,0.0
GDF11,0.0
ZNF511,0.0
GDF15,0.0
ZNF513,0.0
ZNF512,0.0
CCDC142,0.0
ZC3H3,0.0
TBC1D3G,0.0
GBF1,0.0
ZNF28,0.0
SP6,0.0
WNT9B,0.0
HARS,0.0
KLRG1,0.0
CDH17,0.0
SFRS17A,0.0
HMBS,0.0
WEE2,0.0
WDR18,0.0
DNM1P35,0.0
PNMA2,0.0
ELAVL2,0.0
C20orf30,0.0
LGR6,0.0
LGR4,0.0
ELAVL4,0.0
LOC728743,0.0
EIF5A2,0.0
ATMIN,0.0
PLTP,0.0
SLC20A1,0.0
PTEN,0.0
PPEF1,0.0
SLC39A4,0.0
SLC39A2,0.0
SAMD12,0.0
NBLA00301,0.0
HIST2H3C,0.0
MSTN,0.0
SLC39A9,0.0
MAP4K4,0.0
PIK3AP1,0.0
SH3BP1,0.0
REL,0.0
REN,0.0
JTB,0.0
LOC647288,0.0
LOC493754,0.0
KIAA0355,0.0
MYH15,0.0
MYH14,0.0
MAP4K1,0.0
C20orf4,0.0
C20orf7,0.0
VWF,0.0
PTER,0.0
ROM1,0.0
MIR155HG,0.0
SLCO4A1,0.0
MAP4K2,0.0
GDPD5,0.0
BASP1,0.0
SPDYE1,0.0
NCAN,0.0
QARS,0.0
DUSP27,0.0
DUSP26,0.0
LEMD2,0.0
LEMD3,0.0
DUSP22,0.0
HIPK4,0.0
LASS3,0.0
PEX11B,0.0
HIPK2,0.0
DUSP28,0.0
PCSK5,0.0
FKRP,0.0
UIMC1,0.0
F13A1,0.0
HOXD4,0.0
FGD6,0.0
LOH12CR2,0.0
C17orf93,0.0
C17orf90,0.0
C17orf91,0.0
HIPK1,0.0
RANBP2,0.0
RANBP3,0.0
RANBP1,0.0
NAE1,0.0
RANBP9,0.0
ZNF827,0.0
FAM35A,0.0
CERCAM,0.0
FAM35B,0.0
ZDHHC23,0.0
SEMA4G,0.0
INTS12,0.0
AGAP2,0.0
GDPD2,0.0
CADM3,0.0
CCL4L2,0.0
LYRM4,0.0
ARNT,0.0
RANBP6,0.0
TAF7L,0.0
TSPO,0.0
TMEM2,0.0
AGAP8,0.0
AGAP7,0.0
AGAP5,0.0
AGAP3,0.0
GDPD3,0.0
BEAN,0.0
HTR1D,0.0
CHRM1,0.0
CHRM3,0.0
CHRM4,0.0
CHRM5,0.0
FCRLA,0.0
STAT5A,0.0
PLCB1,0.0
MMP3,0.0
MMP2,0.0
SLFN5,0.0
C17orf96,0.0
MMP8,0.0
HTR1B,0.0
MOSC1,0.0
MOSC2,0.0
ROCK2,0.0
ROCK1,0.0
UNC5B,0.0
TMEM9,0.0
CHST15,0.0
CHST12,0.0
CHST13,0.0
TAPT1,0.0
AMICA1,0.0
MMP9,0.0
C17orf97,0.0
OSGEPL1,0.0
CN5H6.4,0.0
SLAMF1,0.0
KCNRG,0.0
SLAMF7,0.0
ZDHHC24,0.0
YWHAE,0.0
AQP11,0.0
FCRL3,0.0
FCRL2,0.0
FCRL1,0.0
MGAT3,0.0
LOC100302650,0.0
SHPK,0.0
ETS1,0.0
YWHAH,0.0
C6orf105,0.0
C6orf106,0.0
KRTAP5-2,0.0
HDGFRP3,0.0
CHST11,0.0
VTN,0.0
KIAA0652,0.0
GLRX,0.0
MGAT5,0.0
YWHAB,0.0
SIGLEC11,0.0
APCDD1L,0.0
IQCA1,0.0
MAP1LC3B,0.0
ADAL,0.0
MT1M,0.0
NRGN,0.0
ADAR,0.0
PPIP5K2,0.0
SUCNR1,0.0
MT1X,0.0
NCKAP5L,0.0
LYRM5,0.0
HSPB2,0.0
PROS1,0.0
HSPB7,0.0
GPATCH2,0.0
YBX2,0.0
TIFA,0.0
TTPAL,0.0
ZNF189,0.0
TRA2B,0.0
ZNF182,0.0
ZNF180,0.0
ZNF181,0.0
PKN2,0.0
CRADD,0.0
NRG1,0.0
STRA6,0.0
SIM1,0.0
MDH1,0.0
TOMM7,0.0
ZNF234,0.0
C1orf89,0.0
C1orf88,0.0
PA2G4P4,0.0
GAK,0.0
VAMP3,0.0
C1orf83,0.0
TMEM93,0.0
DMRT3,0.0
DMRT2,0.0
EID3,0.0
CYLD,0.0
NLGN1,0.0
SFN,0.0
C10orf128,0.0
GTF2F2,0.0
C10orf125,0.0
PAFAH1B3,0.0
KIFC3,0.0
KIFC2,0.0
GTF2F1,0.0
NLGN3,0.0
SEMA5A,0.0
PION,0.0
WBP2NL,0.0
EPOR,0.0
GLTPD1,0.0
BLVRA,0.0
BLVRB,0.0
ZNF22,0.0
RNF113A,0.0
LOC391322,0.0
SRRM5,0.0
ZNF826,0.0
ZNF184,0.0
ZNF230,0.0
SENP6,0.0
TCERG1,0.0
UBL4A,0.0
ZNF236,0.0
UBL4B,0.0
ZNF239,0.0
MOAP1,0.0
LOC440461,0.0
LOC143666,0.0
TXN2,0.0
ST7,0.0
ZNF131,0.0
RNPEP,0.0
MT1A,0.0
MT1G,0.0
MT1F,0.0
MT1E,0.0
SF3A3,0.0
ZNF23,0.0
ZNF20,0.0
LYRM1,0.0
ZNF25,0.0
LARP7,0.0
LARP6,0.0
LARP4,0.0
SH3TC1,0.0
OSR2,0.0
C3orf10,0.0
C3orf17,0.0
C3orf14,0.0
C3orf15,0.0
NAPA,0.0
C3orf19,0.0
LUZP1,0.0
RHOBTB2,0.0
HS6ST3,0.0
HS6ST2,0.0
HS6ST1,0.0
BBS12,0.0
LARP1,0.0
NPFF,0.0
SEPT9,0.0
NEU4,0.0
COQ4,0.0
PRUNE,0.0
TRNP1,0.0
SLC35E2,0.0
MGMT,0.0
PRF1,0.0
ZNF366,0.0
SAFB,0.0
SCNN1G,0.0
RECQL4,0.0
UBE2G2,0.0
THOC4,0.0
MFAP3L,0.0
GPR108,0.0
GPR107,0.0
CXorf36,0.0
MED19,0.0
MED18,0.0
ABCB4,0.0
ABCB5,0.0
ABCB6,0.0
ABCB7,0.0
SYPL1,0.0
FAM55C,0.0
ALDH2,0.0
HNRNPD,0.0
ANUBL1,0.0
LOC388692,0.0
PDCD5,0.0
NAT10,0.0
DUT,0.0
EP300,0.0
NAT15,0.0
TCF25,0.0
LAMP1,0.0
RCE1,0.0
CENPM,0.0
COL5A1,0.0
CXorf30,0.0
SEPT4,0.0
RPRD1B,0.0
CXorf38,0.0
RPRD1A,0.0
SCN9A,0.0
UQCR11,0.0
LOC92249,0.0
ATP5F1,0.0
C18orf8,0.0
LENG9,0.0
GRIA4,0.0
KIAA1704,0.0
ARFGEF2,0.0
DNLZ,0.0
ARFGEF1,0.0
TNRC18,0.0
HCK,0.0
SERPINF1,0.0
ADH1A,0.0
ADH1B,0.0
ADH1C,0.0
PVRIG,0.0
SUPT7L,0.0
DVL1,0.0
EML1,0.0
GADD45B,0.0
BTN1A1,0.0
EML2,0.0
PLA2G4C,0.0
FURIN,0.0
SLC30A3,0.0
LOC647859,0.0
SLC30A1,0.0
SLC30A6,0.0
SLC30A7,0.0
SLC30A4,0.0
SLC30A8,0.0
RSPRY1,0.0
ABCB1,0.0
DVL3,0.0
DVL2,0.0
PRR7,0.0
PRR5,0.0
PRR4,0.0
GABARAPL2,0.0
ASAH2,0.0
GABARAPL1,0.0
TOPBP1,0.0
UBAP2L,0.0
BAI3,0.0
KIAA1257,0.0
BAI1,0.0
SLC9A1,0.0
HMGA1,0.0
ZNF69,0.0
PSME2,0.0
SLC9A5,0.0
EEF1A1P9,0.0
NLRC4,0.0
JSRP1,0.0
ABCB8,0.0
ABCB9,0.0
MLEC,0.0
SLC9A8,0.0
BAI2,0.0
H2AFZ,0.0
H2AFY,0.0
H2AFX,0.0
ZNF335,0.0
XPO6,0.0
ORAI3,0.0
ITPK1,0.0
PHKG2,0.0
L1TD1,0.0
MGEA5,0.0
RNF219,0.0
ITPKB,0.0
C18orf1,0.0
ZIK1,0.0
SNHG7,0.0
TIMELESS,0.0
CCDC120,0.0
CCDC123,0.0
CCDC124,0.0
CEP170,0.0
TMED2,0.0
TUBB2C,0.0
C12orf23,0.0
C12orf24,0.0
C12orf26,0.0
ZNF343,0.0
ITPKA,0.0
ATP1B1,0.0
ATP1B2,0.0
ACIN1,0.0
EXT1,0.0
CASD1,0.0
TRMT1,0.0
SNX8,0.0
SNX4,0.0
SNX6,0.0
SNX3,0.0
TCTA,0.0
ALDH5A1,0.0
RNF8,0.0
FAM113A,0.0
FAM164A,0.0
FAM164C,0.0
ZNF132,0.0
CCDC126,0.0
CCDC127,0.0
RYBP,0.0
H2AFJ,0.0
RNF2,0.0
RNF5,0.0
RNF7,0.0
RNF6,0.0
RFX5,0.0
C14orf167,0.0
SPDYA,0.0
SNCAIP,0.0
ZNF771,0.0
AKR1C3,0.0
AKR1C2,0.0
AKR1C1,0.0
MESP2,0.0
FABP3,0.0
FABP4,0.0
FABP6,0.0
AHI1,0.0
COL5A3,0.0
C12orf29,0.0
SEPW1,0.0
UFM1,0.0
GRIA1,0.0
ATP6V0C,0.0
ATP6V0B,0.0
ASL,0.0
ENAH,0.0
DNMBP,0.0
HNRNPL,0.0
GRIA3,0.0
ITFG1,0.0
?|57714,0.0
MTERFD2,0.0
COL5A2,0.0
UHRF1BP1L,0.0
DLAT,0.0
ZNF672,0.0
TSIX,0.0
RAG1AP1,0.0
LOC221442,0.0
LGALS12,0.0
ORAI1,0.0
MED28,0.0
CHAD,0.0
PIWIL2,0.0
PIWIL4,0.0
MTERFD3,0.0
MMP28,0.0
HNRNPR,0.0
NEIL3,0.0
DTYMK,0.0
MAOA,0.0
MAOB,0.0
KIAA0284,0.0
COMTD1,0.0
SNHG9,0.0
RNASEH2B,0.0
C1QBP,0.0
CENPC1,0.0
SPDYC,0.0
MUT,0.0
ABCC6P1,0.0
CD86,0.0
CD84,0.0
CD83,0.0
PABPC1L,0.0
DRAM2,0.0
TENC1,0.0
ANKFN1,0.0
STAU1,0.0
SEC1,0.0
SEMA4F,0.0
EFNA1,0.0
TGM3,0.0
EFNA4,0.0
EFNA5,0.0
SCP2,0.0
LOC149134,0.0
RPE,0.0
BNIP3L,0.0
ZBED3,0.0
ZBED2,0.0
ZBED1,0.0
CD8B,0.0
CD8A,0.0
FAM198A,0.0
EFNA3,0.0
C17orf59,0.0
NYNRIN,0.0
PSMB9,0.0
DKFZp761E198,0.0
TUSC1,0.0
DRAM1,0.0
LOC151174,0.0
BCAS3,0.0
BCAS2,0.0
STK39,0.0
BCAS4,0.0
CCR8,0.0
ABCC6P2,0.0
CDSN,0.0
CCR5,0.0
CCR4,0.0
CCR3,0.0
CCR2,0.0
CCR1,0.0
ADRA2A,0.0
BCL7A,0.0
BCL7B,0.0
BCL7C,0.0
SLC8A2,0.0
SLC8A3,0.0
LOC284441,0.0
CCR7,0.0
MSI1,0.0
ZBTB7B,0.0
PTPN21,0.0
FAM180B,0.0
FAM180A,0.0
PTPN22,0.0
C1orf187,0.0
C1orf186,0.0
C1orf183,0.0
C1orf182,0.0
C8G,0.0
CRIPAK,0.0
COQ2,0.0
MAP6,0.0
SSH3,0.0
S100P,0.0
APEX1,0.0
MRPL18,0.0
CHIT1,0.0
RPA3,0.0
KLK2,0.0
RPA1,0.0
FAM69B,0.0
FAM149A,0.0
THBS1,0.0
ZMYND8,0.0
MAP7,0.0
COQ3,0.0
SLC9A3R1,0.0
COQ6,0.0
COQ7,0.0
C1R,0.0
NDUFS7,0.0
NDUFS6,0.0
NDUFS5,0.0
COQ9,0.0
CXorf40B,0.0
CXorf40A,0.0
LIMK2,0.0
OSBP2,0.0
ANTXR1,0.0
CLCC1,0.0
HARS2,0.0
LOC554202,0.0
HLA-DOB,0.0
HLA-DOA,0.0
CDS1,0.0
GALNT11,0.0
GALNT10,0.0
GALNT13,0.0
GALNT12,0.0
GALNT14,0.0
LRP2,0.0
ANTXR2,0.0
DHODH,0.0
CNN2,0.0
CNN3,0.0
CNN1,0.0
RSPO1,0.0
RSPO3,0.0
GMPS,0.0
LRRC46,0.0
FAM98B,0.0
SNTA1,0.0
TM7SF2,0.0
CHAC1,0.0
C11orf68,0.0
INPP4A,0.0
DENND2D,0.0
DENND2A,0.0
TPX2,0.0
DENND2C,0.0
RREB1,0.0
SLC22A3,0.0
BOC,0.0
ZNF828,0.0
LIPT2,0.0
MARCH8,0.0
NONO,0.0
MAML1,0.0
PHC1,0.0
SLC9A9,0.0
LIN7C,0.0
MIPOL1,0.0
KAAG1,0.0
NUPL2,0.0
BZRAP1,0.0
NARS2,0.0
SPEF2,0.0
HLA-DPB2,0.0
SPEF1,0.0
ADM2,0.0
GJD3,0.0
ZSCAN29,0.0
ZYG11B,0.0
SCNN1D,0.0
EML5,0.0
EML4,0.0
LOC344967,0.0
ATP9A,0.0
ATP9B,0.0
NCAPH,0.0
ZNF275,0.0
ZNF277,0.0
SUGT1L1,0.0
ZNF300,0.0
ZNF273,0.0
TAGLN2,0.0
PEX5L,0.0
SH3BGRL2,0.0
FLJ22536,0.0
ZFYVE28,0.0
C19orf76,0.0
C19orf77,0.0
APOLD1,0.0
APTX,0.0
C19orf73,0.0
C19orf70,0.0
HERC6,0.0
HERC4,0.0
MAML3,0.0
HERC3,0.0
HERC1,0.0
TUBB3,0.0
LCLAT1,0.0
C9orf16,0.0
TNFSF4,0.0
EIF3C,0.0
C17orf56,0.0
C17orf57,0.0
C17orf55,0.0
C11orf65,0.0
C17orf51,0.0
SLCO2B1,0.0
HERC2,0.0
STK35,0.0
OR2A9P,0.0
CTXN2,0.0
CTXN1,0.0
EIF5B,0.0
NOP16,0.0
EXOC3L2,0.0
ITGA11,0.0
ITGA10,0.0
NOP10,0.0
CIAO1,0.0
PLCB2,0.0
TRPM8,0.0
PCDHGB7,0.0
BOK,0.0
PCDHGB2,0.0
ZFAND2A,0.0
FAM132A,0.0
LOC100271722,0.0
TTC7B,0.0
ZRANB2,0.0
ZRANB1,0.0
FAM198B,0.0
NEK7,0.0
TRPM4,0.0
TP53TG3B,0.0
SULT1C2,0.0
VDAC2,0.0
TMEM90B,0.0
MFAP1,0.0
IGSF10,0.0
IWS1,0.0
NDUFB2,0.0
GEMIN8,0.0
ID2B,0.0
AHCYL2,0.0
THAP1,0.0
FLJ35024,0.0
NDUFB4,0.0
TFB1M,0.0
LOC646851,0.0
VAC14,0.0
HBS1L,0.0
HEBP2,0.0
HEBP1,0.0
NDUFB6,0.0
PVRL2,0.0
C19orf54,0.0
C19orf55,0.0
C19orf56,0.0
C19orf57,0.0
C19orf50,0.0
TMEM186,0.0
MFAP5,0.0
THBS3,0.0
C17orf79,0.0
PPAPDC3,0.0
C17orf75,0.0
C17orf76,0.0
C17orf70,0.0
C17orf71,0.0
C17orf72,0.0
VDAC3,0.0
THBS4,0.0
MMP1,0.0
KIAA0090,0.0
FAM175A,0.0
CREB3L4,0.0
CDC42SE1,0.0
PVRL3,0.0
CDC42SE2,0.0
NDUFB8,0.0
PLEKHM3,0.0
C6orf122,0.0
C6orf120,0.0
C6orf126,0.0
C6orf127,0.0
C6orf124,0.0
C6orf125,0.0
CARTPT,0.0
DIRAS1,0.0
TAS2R5,0.0
SIK3,0.0
H3F3A,0.0
ETV3L,0.0
MAP7D3,0.0
SHC2,0.0
CD300C,0.0
RECQL,0.0
PPIG,0.0
LMX1B,0.0
ZCCHC24,0.0
C19orf51,0.0
FAM118B,0.0
UBE2NL,0.0
CCT7,0.0
CIDEB,0.0
SH2D4B,0.0
CCT3,0.0
CCT2,0.0
C4orf42,0.0
CCT8,0.0
LMO7,0.0
SFXN1,0.0
RAD1,0.0
SFXN3,0.0
LMX1A,0.0
C19orf52,0.0
C19orf53,0.0
SLC17A9,0.0
GYPE,0.0
GYPC,0.0
FDPSL2A,0.0
WBSCR27,0.0
RPS6KL1,0.0
ZFYVE20,0.0
APRT,0.0
FAM118A,0.0
TNFSF11,0.0
TNFSF18,0.0
TNFSF13,0.0
PRR19,0.0
C11orf41,0.0
LACTB,0.0
PRR14,0.0
PRR16,0.0
PRR11,0.0
C11orf49,0.0
C22orf9,0.0
TRPV1,0.0
ATF7IP2,0.0
SNAP29,0.0
C19orf59,0.0
RASA4P,0.0
WBSCR28,0.0
GGT5,0.0
TUSC5,0.0
ARL9,0.0
RAPGEF5,0.0
ARHGAP11B,0.0
ARHGAP11A,0.0
SYCP2L,0.0
TNFRSF18,0.0
SFRS5,0.0
STYXL1,0.0
PAPPA2,0.0
MFAP4,0.0
SEMA3D,0.0
SEMA3E,0.0
GLB1L2,0.0
SLC25A35,0.0
SEMA3A,0.0
RNF150,0.0
DERA,0.0
ZC3H12C,0.0
ZC3H12B,0.0
ZC3H12A,0.0
P2RY2,0.0
RRM1,0.0
RRM2,0.0
SEMA3G,0.0
PTGFRN,0.0
FLJ39739,0.0
CC2D2B,0.0
COL9A1,0.0
COL9A3,0.0
COL9A2,0.0
PPP2R2D,0.0
UGCG,0.0
SLC20A2,0.0
RASSF3,0.0
FGF14,0.0
FGF10,0.0
GNRHR,0.0
KDM6B,0.0
MNAT1,0.0
VAMP5,0.0
KIAA1407,0.0
POLDIP3,0.0
GNL3L,0.0
CNR2,0.0
CNR1,0.0
HYDIN,0.0
NDP,0.0
PDE3B,0.0
KIAA0748,0.0
LYSMD2,0.0
FGF12,0.0
EOMES,0.0
WBSCR26,0.0
FOXP2,0.0
ACTR2,0.0
ACTR3,0.0
UQCRC1,0.0
ACTR5,0.0
ACTR6,0.0
ACTR8,0.0
PRKRIR,0.0
TXNL1,0.0
CREB3L1,0.0
MTERF,0.0
C1QTNF4,0.0
C1QTNF7,0.0
C1QTNF6,0.0
C1QTNF1,0.0
FOLH1B,0.0
C1QTNF2,0.0
CYP4A11,0.0
C1QTNF9,0.0
C20orf85,0.0
NAGK,0.0
NAGA,0.0
TMX3,0.0
TMX1,0.0
CREB3L2,0.0
ZNF257,0.0
ZNF254,0.0
EIF5A,0.0
ARL2,0.0
ZNF250,0.0
ARL1,0.0
SLC25A33,0.0
OXNAD1,0.0
MLXIPL,0.0
KCNJ14,0.0
KCNJ15,0.0
KCNJ16,0.0
YY1,0.0
KCNJ10,0.0
KCNJ12,0.0
KCNJ13,0.0
TLK2,0.0
MYEOV2,0.0
TH,0.0
ZBTB42,0.0
SLC25A38,0.0
TMEM183A,0.0
SEMA6B,0.0
TRADD,0.0
SART3,0.0
VAX2,0.0
TFAM,0.0
ITGB1,0.0
CNOT4,0.0
APOL2,0.0
CNOT7,0.0
CNOT1,0.0
CNOT3,0.0
PSMA4,0.0
NCAPG2,0.0
PRSS1,0.0
MYO6,0.0
RNF40,0.0
USP39,0.0
SFXN2,0.0
TNIP2,0.0
GNB1L,0.0
PMPCB,0.0
LCP1,0.0
LCP2,0.0
LIX1,0.0
SCXB,0.0
ATN1,0.0
ZNF498,0.0
PLAC2,0.0
RPP14,0.0
NR2C1,0.0
ADRBK2,0.0
SLC37A4,0.0
ZBTB17,0.0
C1GALT1C1,0.0
LSP1,0.0
UBIAD1,0.0
ERAL1,0.0
CNOT8,0.0
LRRC4,0.0
SLC34A3,0.0
LARS2,0.0
C18orf45,0.0
C10orf81,0.0
CYS1,0.0
ITGB5,0.0
MYOC,0.0
C15orf56,0.0
AQP5,0.0
CTNNB1,0.0
IGSF3,0.0
SLC37A1,0.0
YARS2,0.0
BUD31,0.0
SRC,0.0
DDX11L2,0.0
ITGB8,0.0
ITGB6,0.0
ITGB7,0.0
HMOX2,0.0
MRVI1,0.0
IMP3,0.0
VWCE,0.0
FGB,0.0
SLC12A9,0.0
FGG,0.0
LBH,0.0
SLC12A3,0.0
TDRD5,0.0
SLC12A1,0.0
NEO1,0.0
SLC12A7,0.0
ADRBK1,0.0
SEC14L4,0.0
FGR,0.0
PLD3,0.0
LOC645332,0.0
NOS1AP,0.0
PLD2,0.0
PSMC3,0.0
LOC91316,0.0
ZAK,0.0
TESK2,0.0
TESK1,0.0
RBM12B,0.0
LY96,0.0
SLC12A4,0.0
LRRC67,0.0
TNS3,0.0
LRRC61,0.0
RRAGA,0.0
TMEM159,0.0
CLTB,0.0
CLTC,0.0
CLTA,0.0
LRRC69,0.0
SRGN,0.0
ZFP112,0.0
RAN,0.0
EXT2,0.0
LBR,0.0
LBP,0.0
EGF,0.0
URGCP,0.0
RASAL3,0.0
GCM1,0.0
MAN1B1,0.0
SULF2,0.0
MAT1A,0.0
GNPDA1,0.0
GNPDA2,0.0
ORAOV1,0.0
C21orf130,0.0
SLC30A2,0.0
FAM50B,0.0
C16orf53,0.0
SUGT1,0.0
AKTIP,0.0
CDK5RAP2,0.0
RAET1K,0.0
PCGF3,0.0
DCTN2,0.0
SLC4A3,0.0
SLC35F5,0.0
SLC4A4,0.0
SLC4A5,0.0
C10orf88,0.0
UHMK1,0.0
MARCH2,0.0
CIDEA,0.0
FLJ45244,0.0
CYP2J2,0.0
TRPC4AP,0.0
USMG5,0.0
RIMKLB,0.0
ZC3H6,0.0
ZC3H4,0.0
TAF7,0.0
CHMP4A,0.0
ASPH,0.0
THOC2,0.0
PUM1,0.0
SFXN4,0.0
LOC100129387,0.0
PUM2,0.0
MSX2P1,0.0
TRPV2,0.0
NAP1L2,0.0
STAG1,0.0
ARL13B,0.0
C4orf46,0.0
SUV39H2,0.0
OPCML,0.0
LOC645676,0.0
TIMM10,0.0
NAALADL1,0.0
TAX1BP3,0.0
TIMM16,0.0
CCT5,0.0
CCT4,0.0
COL22A1,0.0
GFM2,0.0
GFM1,0.0
TUBGCP6,0.0
ZNF654,0.0
FAM50A,0.0
RPL23AP82,0.0
C4orf47,0.0
VANGL2,0.0
H3F3C,0.0
RNF20,0.0
RNF26,0.0
UBE2V2,0.0
ISCA2,0.0
ISCA1,0.0
EPM2A,0.0
PRSS3,0.0
PCOLCE,0.0
USP27X,0.0
ZNF829,0.0
KRBA2,0.0
RRAGB,0.0
TNK1,0.0
IGSF1,0.0
IGSF6,0.0
HMOX1,0.0
ANKRD44,0.0
IGSF9,0.0
IGSF8,0.0
PCID2,0.0
TOX,0.0
TMEM203,0.0
PHTF2,0.0
SLC43A1,0.0
LHFP,0.0
ASPN,0.0
CIITA,0.0
LOC100130331,0.0
FAM186A,0.0
ASPA,0.0
FAM186B,0.0
KCMF1,0.0
DCTN5,0.0
CLCA4,0.0
DCTN6,0.0
NUP88,0.0
DCTN3,0.0
CHMP4C,0.0
C7orf31,0.0
C7orf36,0.0
STAMBPL1,0.0
MXRA8,0.0
ARPM1,0.0
BPHL,0.0
MXRA5,0.0
TAF4,0.0
FAM86B2,0.0
NMT2,0.0
FAM96A,0.0
PREP,0.0
VANGL1,0.0
C7orf30,0.0
